Exponencial,Poisson,Normal,Beta,Chisquare,Gamma,Lognormal,Binomial,Binomial_Neg
243.25339608157338,30,94.3425770361618,0.0002766343736297583,6.001681198808252,2.6078488248816787,1131.5136358200605,502,196
52.91955915643807,23,94.48593983434438,0.05661542469630719,3.4478564544218058,2.561473567946175,42406067934.95639,526,194
207.70297200799993,28,106.99625254494315,0.0023656032999688644,3.398311554563323,2.02881429058564,77282989.37606038,489,234
11.828074899363305,31,122.00403156026371,0.2981842761388583,2.564924408298053,0.688500229257395,7725.413993599872,501,211
136.81375624055377,23,57.43837229897855,0.12905899827249298,1.328048183060584,2.37334328745047,1.509248882121171e-07,492,216
61.7127654376026,33,87.90876438682268,0.27016628539450865,5.620555640461457,2.5122657232146794,987.7176776400603,481,222
86.65601802810795,29,114.69151151105976,0.026183945672824012,1.5900845803796635,0.49257490205714805,5862.8793332095975,494,207
83.74153978451075,31,76.5135602872117,0.4803056728650734,5.011862603032643,0.9409072850439082,15856765355137.059,516,215
29.029014962105848,32,91.56241949649453,0.3179038896157922,3.736463931023723,1.416865459645755,0.05959153206036977,490,217
13.202357782376817,15,82.15800700779224,0.2239305546343956,9.206733094352666,1.3316030010126485,8256994031.116103,484,226
167.71025873033622,25,113.23984586111607,0.023717258596172568,0.8431026416262634,0.3867588757574244,26.654946731549163,514,233
193.9141941248421,19,61.679048976008914,0.0003930422387401872,3.928509400739719,3.8301315262771696,0.5887865075553332,510,235
163.70145724016527,20,95.28775382675519,0.440394014336804,8.290593113088821,3.9377682683451516,117.70170555964432,506,200
11.656220061752613,33,110.32892886791991,0.01555707286175909,5.159463543317432,4.724444053351196,244.80925416860373,501,206
6.086767559725529,26,77.05348242716273,0.145561708216539,3.9125842481470205,0.7837238704018058,48165653534.47133,519,214
95.60435659653432,22,106.57244444243791,0.006861298362370423,2.5873173421186606,2.0154118564585026,914029.7340874911,520,197
177.99501370727486,27,97.67017439161337,0.04660845796260163,0.5854481331960846,2.771596590833785,12261348338.088387,499,220
41.25375094651825,24,133.6629632641401,0.5981717607982855,1.1991349632830623,1.0381846260690564,202244821435.8935,501,201
29.404690231503487,37,92.89550989319075,0.26513678834427146,9.01986039420528,1.4992159181153375,282920309.7456828,484,206
85.61686730002464,22,144.14837616774585,0.5554104728169457,6.619439754476767,1.5656990133400275,41473.91033077434,479,209
92.06388640644589,24,115.27226038305915,0.8014077202769909,20.106096967304815,1.3978873114159882,18316028959.76597,477,222
72.24271435933191,24,160.51755287112115,0.007465906784334977,1.83758360748476,4.601147699920233,899.402225824651,518,221
60.22285638699476,28,115.69903267331784,0.13526334712642804,1.4830814359726867,2.2834528405599666,211366.85945832497,513,229
120.83486569528725,23,97.9864437461816,0.5192887943345134,5.8005435713447255,1.4636387847610302,1.7777723786561523,503,211
41.006258747268554,16,70.20683407429715,0.07686825325353126,5.154169166691303,1.222932604842201,9.944288953091276e-05,485,194
73.52062607324879,23,104.17538235574045,0.5384594250328418,2.0787283767257803,1.825885362565678,0.012991733567025708,497,226
48.411551876692954,26,80.28542696008265,0.14839698403884088,5.613120374785787,2.5466815987668014,19035.5768195198,518,223
24.967234745325786,23,130.6178556255281,0.07016584588092405,2.818921352890995,1.2440209169256384,369179.2513074069,506,211
243.35104115063194,19,116.54605430347563,2.596956096501692e-05,11.22653676736926,1.2404937378547496,8299906.128052884,500,202
10.782136509996082,31,109.35620956793775,0.13604129753449523,0.5069300735499273,3.674338223457236,93.01614122023783,515,219
2.51245644597936,29,108.00015597261897,0.00010024916701084859,3.2405485717660647,1.1603541984463168,70219.5502708255,489,216
173.78279574570342,17,101.96079749816285,0.0008867300156759595,3.4888773576585574,1.8172676268572612,56885926037.14021,514,228
65.25960322240591,25,109.68057920228048,0.15372493264235257,6.568092374205485,0.865594799062643,0.13306829404611034,495,220
88.69647904033572,23,123.00864615101315,0.037805806503613974,5.386193503508193,1.599624150980826,3044199.914955954,489,207
109.9974964172989,29,103.35867017840079,0.006086441249692077,3.8578216782531722,2.9434149792265467,29478798913896.254,467,207
29.58280837810848,20,162.90604146253776,0.402620801483378,2.3907829356193604,0.2683288418637772,69896608.01012814,510,195
257.25229554197523,26,115.87256602514768,0.5782407765173442,4.24525595055623,0.27039715004521236,2591.461655359766,508,219
122.09086695508636,13,102.85908306693176,0.4813146898937017,3.54977777469836,1.0193317431567834,1838988.8502360578,476,211
20.334890812115177,25,82.7917210699238,0.2977362192038922,6.542826557262999,2.8327701884734378,38362757.175329976,474,229
292.4306338755271,19,101.40352744762903,0.002257567046471669,5.375017735604543,0.7398041724046726,214133643.00683272,491,211
122.85325082008849,20,120.61939688219113,0.442574231120506,1.8644373250039694,0.5890756755845732,104643.38465828044,515,230
107.34742274323932,25,76.36963551861035,0.27937890500550466,3.8004980843788947,2.6818753506031956,353286885.6056026,485,221
121.22234666159724,24,113.23055309530716,0.16618738863564644,4.660071811583098,1.692047920084453,307.9651948095866,473,223
74.51893085224117,20,105.69446294168067,0.7062592707660016,3.629304998091057,2.611095828798739,187.4327710301802,490,195
85.07738277901448,21,108.01255326213155,0.559027801259723,1.1286191218231572,1.3057882715377764,0.7919210547478491,507,231
26.542176933312124,27,98.90517798144832,0.6781305488496103,8.806386336350213,4.807840986097992,113.67983889423785,508,228
7.944236324190299,22,114.23773813597184,0.7476373839593311,5.326784124110853,3.0803886544676757,0.0007606084551582057,491,223
181.23001234988308,25,94.13025954368862,0.42478864920100423,2.230078781266829,0.56233301314619,937304.1904404416,472,216
136.0751010408311,21,95.20877598863225,0.02091954928967817,1.8495294998985927,4.394296357631829,1.1410321252378803,499,192
69.89705018217869,28,121.30752315039148,0.09326577794880826,5.91002555933064,6.144991881622928,239.4141037465257,513,149
131.18386128621177,30,106.07871466707299,0.009337373232276657,5.52569405808326,0.8062108888036366,4312.570080224554,527,206
123.35409815567562,28,74.86615319882006,0.7678500520725887,3.3848745332863,0.46121804692971613,19596752607.811237,504,204
279.23157528220935,22,89.25497865974492,0.08416010838032577,5.409688045174555,0.8040168295850406,15575971743.534327,493,181
185.42472978560792,26,99.50737673354784,0.03188216804558427,3.806736568788689,2.085170276450612,1.4029090839978429,494,233
36.56799250849635,28,86.53981188343272,0.30367811807934814,5.847215754391799,0.25511676701131936,3.730514399215755e+17,465,219
77.52630630442835,29,118.90785869323715,0.6322787060144347,6.642325945809726,1.0254457452405188,0.0012693092823232823,490,210
144.06465326184525,19,81.64698333845365,0.5973547353685157,8.18796305267507,2.9208121027105007,11085.529528017956,529,223
79.66333144341027,20,124.37251954642107,0.2941987876369581,3.148074679966128,0.8549323817836154,446.8284558618573,505,247
101.82489666729502,29,138.305113144411,0.48977978254464144,2.836239841222864,2.534051161225867,289872852339.23395,485,204
17.305713584603442,26,123.5408502213899,0.011627489066649063,2.2488219526464133,2.46588001883199,13790.318689206035,509,189
296.09007130185046,21,107.06013978906908,3.5581772693489823e-05,6.281323634298776,1.2032028998650566,0.41967402760683853,472,219
6.00905189371127,21,82.27182567917599,0.0026107316509248846,0.5667285475872712,0.900269950454319,0.06747264967591157,486,217
73.62649488977588,26,73.45514861323443,0.12172941823745964,2.9135723475433917,1.4255671256432818,48.522128084572145,503,233
9.52046946766386,21,124.19966805074202,0.24554575998318254,4.110795467588778,0.7665318779776196,262.4040975246609,470,213
9.60965761371689,22,133.532189679892,0.15562535948425546,3.4310887017638674,2.9658814452325695,3266793266.4718223,486,221
0.9310646804831858,24,139.7555581045372,0.06491039526641289,7.001557530711641,2.9093374620212056,1937225904.8422463,507,202
123.92095276739671,35,83.63535913522897,0.0796561400714184,6.435494746929791,0.8921033851638382,48185.69313538841,510,223
131.23481838310025,20,109.6305575365949,0.44581850546129886,2.141089093815578,0.8134485368154041,8510698.938128207,500,217
21.58787406490302,26,81.65125401183293,0.2122585423692464,4.3043793842358555,0.38329724415920824,476.92761299507305,502,216
286.2596093699751,26,116.46110795272668,0.05026119480077496,5.334316334961275,3.671070778905768,390.1715775290198,507,220
14.022237709217347,20,115.33665053674686,0.21961680789189914,10.014399850731712,1.130243149930995,458.0728489086391,480,198
10.258098321626738,22,114.36418433582855,0.3358090738713848,2.6580697884541875,3.701283637323156,1.6219071962023837,489,182
29.808227724687796,23,94.52004221875714,0.3059586336276828,6.547756291669893,0.9306692363824713,6406277872.415639,497,208
1.152285592765479,19,99.71480656110558,0.027611335316592208,5.895712239266099,0.2014796689954843,2.3937774062452584,490,250
111.58545122625641,31,98.2587114667184,0.7826077618680428,4.925445638091035,2.5520860089639155,552565.9090356829,508,194
52.826960775669306,24,103.00693977981643,0.4430079928777963,6.065009831268091,1.204247714765777,9890649.846805936,476,254
5.988955405430022,27,108.14662255003338,0.10407000458813043,3.779669217419386,2.674999722841102,2131749.784549522,500,234
23.586475969517252,17,144.55526410433728,0.043383277183151395,7.580770505851899,4.240369465439458,56707.23583780627,498,201
516.9148159642192,30,108.5119995177009,0.003391510814150691,7.937217615317927,1.1930211321954582,0.4161808725331539,479,230
126.21095975390759,13,91.65570818156638,0.07250165176617898,5.925341289603978,1.3064311546393679,1.3645865316073376,530,242
40.32085216473605,25,91.15111660962759,0.622080044982229,7.131449760682696,2.6652070775867793,340399802.53734654,488,220
18.11938130116304,32,102.89355827474,0.0012372237984381522,1.762360668265565,0.8949853574531621,34878.61754491934,488,210
19.385924844926844,29,89.85267186176996,0.37048800819477756,2.0027606391358233,4.195712173969216,246.35983452568075,508,208
177.59377851967798,26,85.69749031505101,0.06022932343236586,4.156755732679761,1.5570253198106603,2.0521762095936868e-08,493,216
129.22636095155852,26,96.6860417437356,0.6985973579611733,2.4698778039095286,4.831550278455559,8512.387634172186,510,214
204.76738644654014,20,157.5325542255223,0.782774644195543,2.550007525284764,2.456419622384613,8106984.5287702605,479,220
8.360431225908895,20,101.12861637261568,0.08744645189638242,12.834949315595606,2.8888833879640923,318647135.2456858,475,200
84.9960765489417,20,60.75999363488697,0.9548661939507068,8.616018088566948,3.0388185356468362,74.68068705447722,496,211
30.207324943970153,17,72.64107292728772,0.8868194834870792,5.781294478094448,9.25179359466238,8.715484610685498e-05,489,223
276.59786294856735,26,97.45686919557187,0.20438611679154792,1.6195402092496973,0.40559630667459307,3068971.422370879,493,220
246.19943149759794,24,96.77083592109848,0.07509105450491052,2.3766115613502445,1.2898645673118956,782931185.8417296,501,223
80.82310255856683,21,90.60216545344896,0.06388670468214687,9.448100736215688,1.1340388320584625,158604.69194381702,502,210
107.7859264942116,28,102.20642632404409,0.13228668343855993,6.78306326590269,2.9279436427076537,0.0001750973411033611,492,238
58.28396915452711,17,109.87831567863014,0.003952454238592139,6.077922787314196,0.6408825807775933,2536884.573341217,495,217
143.07728950254108,21,75.87535955024723,0.031127486060400764,3.7667982163882883,0.7573061230723357,5812.735567120761,531,196
46.18074770306086,29,116.5110280495989,0.2999473304118535,1.0586606477995848,0.5167926497436737,13056890458.131018,477,241
241.14433243400947,20,74.3423674529158,0.1853450390289731,7.923757029196323,1.59506235414401,0.9669201120410624,483,201
114.18841374948158,32,92.42453367527798,0.6143725409834578,2.017547480636743,0.84167183767692,6353.210780115044,505,177
180.34509473916293,24,59.900469684133185,0.2836073351510422,9.684357518686557,3.7648868063412086,6328.36472039971,516,191
53.572371479178784,21,132.86632112965472,0.23922188889111626,5.37436647451202,1.331289678929759,953743300300.6958,508,217
77.80538296730082,25,142.85044990699745,0.05164425798125519,6.022632309044908,0.22229890744267475,0.8794387048820037,508,210
25.95901426091704,18,67.83037529108881,0.05461405306535655,1.9647211329397154,2.1856803223800703,1499.7090295335308,507,225
10.025594282782121,25,67.83325313803823,0.5369328933301263,8.256673386892285,1.129071452543274,10844795.589328747,510,247
26.883545628416282,24,110.65419213574457,0.05367927579808006,6.517906614562516,5.850816532038525,59995.236201155414,485,219
0.33635825348950665,33,101.56968875774473,0.30869322153558143,2.0535712701581024,1.9727925479607578,171821.36662992567,509,210
101.2283397693228,24,105.08691329676651,0.051752714426486705,2.540931713161166,1.9033406940485051,221.70570638032476,485,193
53.438737426897895,22,96.83350234327338,0.01617421851250753,3.339850901656912,1.1023506253552022,0.0007078854176935434,503,250
33.32649463784232,29,70.60937717039579,0.5834226830119863,3.362886873598265,0.28983503627654994,0.0023170997109159142,514,197
142.90871332433775,21,69.27505213424148,0.14126867315356537,9.819306097877709,1.290471050907351,267161982023.93375,505,200
17.650837644433107,15,127.22047054212835,0.1672683033764982,6.543545335081461,3.8312553375577236,971.2760384572193,480,222
3.9633378435274347,26,93.22247605506018,0.32419108485197523,6.088180715006001,2.890212393200766,3764933382.3572416,502,241
1.5824654631745039,32,74.56473394415228,0.012024012046734015,3.8009021117853496,2.349769519156787,2250.864178445394,468,229
246.75221761597018,22,74.40798385777259,0.022796396090677514,4.292154060303161,0.3718596512985775,6.313951500789299e+18,471,227
45.11626710601326,20,90.46671552291744,0.14549912919363733,6.925393855920951,2.0949221602079637,400.3318980173974,506,191
117.15608162637061,26,109.08447070349006,0.6908323721000743,3.2178550765776643,2.513640311279644,18936146.010783456,501,225
263.4961639947811,20,118.65181382662502,0.5838246654204599,9.454000375679044,0.7353879638864068,2.6606238261663684,485,191
22.874553587841596,16,102.08779935216221,0.3377058805694209,8.056118125562687,2.325168636871779,30421.30933737947,520,192
122.7973068566595,20,105.99705432563569,0.05827688690832059,2.231009203954017,2.3935112449564664,1439081840.8505588,518,211
229.00361951447667,31,86.2363620374279,0.44881580004906224,3.131553332962651,1.1899173093805824,3386494964603.6807,482,223
144.96763443824167,28,69.31431122846973,0.3612442840712029,3.1752726456471536,0.8637547649039444,232793904.48793554,506,195
102.89457654429934,23,84.26685430001392,0.05721123943987744,4.9500547797004035,1.9542366824258743,7949742018.871103,484,238
25.05282199652702,22,94.10566719208377,0.4633850797959864,4.176364588988456,1.9480022160902148,1776.534551175279,517,194
18.358816767867438,20,114.94321264223538,0.5299457138998933,5.2603061153560855,0.6328540594169102,946876443596.6384,506,221
34.85172781696421,25,86.10360819964036,0.46715222051164684,5.73470703464599,0.6888082688727525,8978.951945188524,527,206
46.120548779271516,18,129.18269072828886,0.026745036123953344,5.738349578939765,0.8167558367976777,14195.107617074427,506,201
600.1160918059658,19,86.71836050020869,0.863163938559928,5.781369524635686,3.6503422199315767,2112.45547007288,486,197
6.929860891512063,17,117.18087148347632,0.04118342849168127,4.738007441604898,2.9884221132188182,89157339.46052706,513,197
10.59226303946567,24,115.3806932401217,0.9017279120443588,9.139450517368969,2.81947507730635,2.0175954137313487e-06,516,240
249.7243978739632,25,121.53547816535115,0.6116120096909883,9.133791175448607,0.3394250620191761,1.7989072540987008,457,205
3.3950586931901943,32,131.92863563054763,0.3841293112428504,3.561618116950868,1.0390320628872287,7279817.098349524,510,216
0.7843595290595078,19,95.53018088235578,0.06515965948046179,9.719029294427404,0.8748292951545166,15609220.127629897,498,215
32.46553622845117,22,99.22822005613835,0.3883185068371794,7.617065121737432,0.7670599036420039,1558197.2414688673,492,210
134.46213586245847,30,89.21564610736488,0.8653133860018668,6.227182560652797,1.9241951615031343,26692027.565368474,494,229
88.4030028361537,21,117.21062676761065,0.004938224989052593,0.6918334616818658,0.218313867797852,93979.38443572931,476,218
99.40773124870101,23,128.57178251446913,0.09900682750320247,1.109456829027918,1.8800905976225444,116.49324480854035,507,256
71.88704373101174,14,79.64648861515823,0.2922965036449584,3.747693496177065,1.760756254665482,145402905032.90695,472,186
137.15883882568042,17,127.38263861495,0.6563253115785741,6.492843273286654,0.8745016899603791,105072778.28101882,500,198
20.031148893581538,27,64.63279878756686,0.15145289958340766,13.888399046661597,1.401245320469195,40204.08712872031,491,230
75.25052558271733,23,89.16738849606529,0.391053595748984,5.575537603124303,1.6054534302125532,0.037980173316716055,492,220
40.1194520699219,21,72.41504543544909,9.479694970398129e-05,3.0476482009072883,2.124216802180829,228845596.41444188,504,220
8.590007991955204,34,124.68561224801033,0.5369487054415731,10.031172749136285,2.0700217181545506,401.34540742973843,502,233
483.7833172435841,25,82.50821928309253,0.0984360554640792,0.8345484683295863,0.5101684478829374,1552.4635989615392,468,195
11.469377428715246,25,92.89038603673032,0.20418760184169302,4.05676719381845,1.0281331206665312,1281485.8072056745,484,207
153.9399128603219,34,87.32712070122268,0.5839274290747931,5.184941017174164,1.6163407110149928,78120423495.4905,507,192
87.0513175555901,14,105.46429809548233,0.005822447040082737,1.424466607899537,1.894798397972075,1.0399466309361551,506,227
54.541425388752785,29,86.86294771412257,0.05855102605081248,7.496692065659524,1.1481074791807957,269365.0961968913,504,231
61.08405198518398,25,102.78834609779314,8.262681497090371e-05,5.306952670080856,0.5362957489837092,38.39256601520739,495,231
6.043040206987554,18,84.35705522503427,0.5924279339794718,7.604104647211504,1.2363789472978912,1.0915373639996742,474,223
179.52796882653337,21,138.0842421526649,0.1988533237338307,7.394877559758548,3.945758171221455,52220.442627095355,491,186
67.78348163516127,25,111.08909679211214,0.48481357379800655,7.638251964989505,2.141622418516598,164937.48744976276,473,222
59.850632237389846,16,111.14442904629995,0.022679965094373478,4.099311708115704,0.5791244970515844,1031044576.8503059,480,179
35.30577514948989,20,118.8256995333743,0.3347811469553984,2.5026178302764532,2.832470490605407,1219156690.6910372,493,221
248.3504250954017,27,60.88660568632043,0.031840467993448154,2.9281889747730614,2.648657548890255,0.6836266331153913,491,202
30.803282611707466,24,99.87338793032642,0.16063264656175866,3.4704191542767977,1.779069611619604,1423056.7229440727,502,226
20.582928388651332,23,79.45118426291812,0.07975703411232175,7.730711396112244,4.575287899535311,170768.48241434412,510,193
0.13764622028898565,17,123.25338732834717,0.4283258586008554,6.194555056263267,1.8358974242334656,495336578583.67426,522,203
50.66083608351217,32,85.77757668642366,0.1875588997074275,7.502385993485024,0.5839034617944,0.040716006436182464,525,203
191.2445454966654,23,80.0733808930818,0.06251859614024241,3.453818101684363,2.497900685957626,420030567.33514804,485,233
29.282176908503928,24,117.17502254988682,0.003129974310628278,2.6037515009884378,3.4708496879647583,2458073.929175227,499,215
28.968695603323212,32,121.35812595795964,5.644745583132219e-06,3.6564115889561384,0.7960995734091119,23219.711084189246,483,244
75.74356109725736,28,94.24060687773914,0.028636715375079863,3.505231028212863,1.7943074569945539,2930400606.1762147,488,237
44.29661691075519,20,98.04304801009121,0.19257354346620933,9.518142199924505,3.691018814700383,0.007798670122033541,487,181
103.48473077566318,30,103.96218388646172,0.07164785208618905,3.652739799704928,1.0684910365389735,3199.4748196543155,521,232
116.6810191778234,12,84.67216736091225,0.15353009381840074,0.4606483563764539,2.1655489324310335,15348.936837498974,504,214
59.198241283375495,22,69.15526697185703,0.3525490560761054,3.0424441063168848,2.6821591977798693,2887.9891124017977,460,215
63.23789651891041,20,115.75539941770305,0.16754675770431438,8.103951659733214,3.396442958104786,48073169.25562101,539,236
201.8924453812684,19,84.58824366438802,0.35169200392178174,4.70642888715387,3.207335308916857,30.104998311519996,499,225
17.730865173077042,32,91.55178882686508,0.10353714476023348,6.416356974316416,0.3570701423159087,839331.3998570988,488,207
24.705890871404893,28,107.0809897177963,0.3289380585485881,4.696323943684959,1.8033460846301357,80345.97347965358,494,222
21.134942433273306,21,101.41558847740805,0.7741693242849246,1.471802805913529,2.801988809821185,3327.5716213744613,509,241
179.960957743075,28,92.43007174967146,0.07914014180022075,6.146348581455817,3.4010213180200397,36807.401950801526,488,237
127.38935996373914,24,119.47684603750568,0.43180657224791114,1.2620341967911384,2.5162625161694305,217855197.25160623,454,210
7.8561709789411,31,86.84988393011565,0.22243556905368356,3.160853012322411,1.7830844711778835,152.9788750913014,517,219
20.842673762667356,27,74.18691580476418,0.5340198260827544,1.1875831239229158,4.3893042777540945,683.5898385054805,483,163
12.448488868010667,29,124.44205437815128,0.004602590225657019,3.071581879847215,0.8765962863405216,62.08919299878841,494,202
151.21127943565358,21,91.65324064325652,0.2410909837475755,9.428226608511528,0.7182149586339575,11.67334361512235,511,169
77.11800389367158,30,60.857476013491855,0.0016716667514869346,2.4268312514214028,0.5433019845132253,172327.50921195568,500,215
3.3999223634846656,28,101.1920259224511,0.3218276901660086,4.905133974729148,4.270390517722639,63883677114.07324,510,237
64.89698190234073,28,81.85210325618336,0.31883509548515326,10.730090995819499,0.4673544339862677,1305011.3221016866,502,209
61.95515153841868,27,87.75178832889719,0.07176112444758967,8.002159387540065,2.668887960604631,1076.2853959191202,493,199
232.408898940067,24,127.35812787933033,0.2510054978972698,1.6491683084514293,1.1575330058990128,2.5025184253597997e-07,514,235
45.66118048897979,31,84.86564581234332,0.38136402017280946,2.9685047196987373,1.7306469156001223,4602523274.093184,500,220
6.333647255938979,16,80.26515042457935,0.7565910819269518,4.440851694925029,1.824231516436407,134.58762945154962,506,222
196.80732951398855,25,96.39303030538863,0.03834795012044804,5.960853882719865,1.2483902555995035,0.7050150911089503,514,216
129.19952662600474,25,88.79067778281404,0.026388184425182617,2.1084816225027274,1.2416938747544604,2907164.6436822033,494,212
51.70849534942229,22,93.67382007485106,0.035423935280293056,7.363735027782445,0.6605629415681689,96.2798103536343,493,221
8.582319417381022,26,150.9399129772591,0.03662469910774361,3.38486651912736,0.5487098010732777,25.08934399159893,518,181
62.17066612941188,28,100.50394259883365,0.0055350944500716735,7.3293618182434805,1.403233391332751,35008.794987776026,481,211
81.79937325445363,25,118.55404518985281,0.6414260210119543,4.520727200774866,1.5886340331634177,5.959269787416107e-08,532,216
15.825215574606915,15,75.29978741595282,0.2940508236342026,4.169043990646265,4.186156610590806,0.03199952983253364,476,226
77.26463386423356,26,110.53363671997464,0.63550068060887,1.6634225652761998,1.2469469061738245,304635520.1721968,475,199
10.258760144224595,24,63.86590132955972,0.5516795338794175,5.667851278241261,1.9648328687520356,278226921.1734023,523,222
27.275218008488945,26,100.50894281990092,0.29656245101395257,12.394364130407418,2.1655581415357332,5833682.638255868,517,219
6.731167102993448,23,104.49133907651519,0.030779959256917566,4.973027741954912,1.8072202277156884,64518.95380417094,490,207
20.100801589557776,23,105.56861456129361,0.07381546849349761,1.9245868336438687,1.511334882616013,0.033691343776332684,527,206
112.6081990787741,30,100.7013409451915,0.0005068306913622294,1.489271766985894,0.38339550131900574,37262.48142896744,500,227
38.0518925526765,27,115.1375805148123,0.027302451125510867,6.806226566642734,5.397544863582979,0.015348995674423927,508,255
392.44730495578636,18,165.98360659048535,0.5712351270636923,4.5081457895533354,1.9686296609143992,4646.914119867416,493,227
193.52451575385496,33,106.62950668230614,0.17641956940140066,6.92304152025073,2.382122305069143,46588963697.659615,509,209
41.2899618079859,26,96.17594095366103,0.4253522622923017,1.9886077643734257,3.0718815682547347,53588.32558768509,533,278
126.85160252121052,19,120.41707169810525,0.10813508286348227,5.9840175231851545,3.6476766062723573,247.81811182625793,510,214
62.83496755751293,27,94.92497140499448,0.2243231003631157,8.129827738112526,0.5015328934416373,13.560261623548742,484,234
49.61903689895937,17,111.30434737103599,0.7079695308365658,3.07775383652424,0.4923025231246638,63647517506.9642,507,237
19.764348268847506,19,87.61607510229712,0.12886696872654224,6.608224075276195,3.7131823149418515,0.0003948923968542424,468,198
20.544296325290752,25,81.52793719303664,0.25073738641772597,12.124915297384813,0.7862422196478442,384492.790770357,540,212
78.74630145330065,19,96.02370852520058,0.2581058775874645,6.57680623262744,3.7861251900847965,1475492320.7289236,514,251
217.44159902388697,20,91.66616705028311,0.2537092094718649,1.649040857991713,3.151100622136227,18385.727194954055,490,204
108.56828158751026,33,94.0607847930232,0.5206425448654926,7.431870974991722,0.6777382138538803,344403.6237612303,499,162
91.81420440108465,26,89.64387968898988,0.027539894203618565,1.4628995425823117,1.6718129315119812,0.13918149463570587,516,193
126.28126740863475,25,53.87655349175957,0.317820607320952,8.225560571046579,2.2612822384117437,151215.55769623985,484,231
208.96672279635888,25,94.60568921626623,0.4354954534559212,2.489545157563204,4.181493833024937,56.86910424549851,482,202
69.42890549530168,20,103.88488738959727,0.06690982297508581,2.145143073017107,1.8048039038456463,13280362.094546976,519,198
1.9126919463547973,39,102.06145731781452,0.08950863348280176,3.2677487410631385,3.608438004282749,1265241.9990095312,485,188
75.2928582395753,34,101.93323170301106,0.003672020794032493,4.8586524320249955,2.6029576828241554,5.12557026781123,483,220
22.15480589647493,27,110.13062841050224,0.4720491269202157,8.8470911402905,2.176523527016587,215.6183912006426,505,224
32.514984863702374,27,65.0987459812776,0.00995307620553596,8.41999468401119,0.473987092774734,18.360122407512513,501,192
2.0495100041042207,34,64.46421813039844,0.6152068648073777,6.065286488402647,1.221931620378234,3016209.716082178,506,199
109.87873258833578,24,107.83226750479378,0.05084855776728304,13.91347375347908,3.086355060255602,123.4463686996366,488,215
27.767806723104982,19,120.2602547343327,0.048733460533954984,4.385349356249908,1.3827907652306084,186698.36786145877,527,202
10.387935780131636,20,106.37876424757474,0.12690027069612436,5.296232320023603,2.2831795575533107,1167776935.9655614,497,212
289.8306214609845,25,59.1122320287048,0.5664423457352739,2.7017530952555573,1.240753086354278,2263.6720211875418,518,192
493.18174948254534,25,135.1456920488763,0.12047147820796023,4.667429522674805,1.1674453207001552,12.806215462451553,495,226
153.160178825923,30,113.30358766721596,0.3833847002484914,6.636242531860864,1.7848526896476034,58727716.892461,489,197
230.46229203734677,32,144.18193657458912,0.18532514390767485,1.9722887960301156,1.2395498926373563,646.56184674103,483,199
3.043325867441574,22,99.0595673849494,0.030836095142987453,5.995913327134058,1.4394271222584034,6.60486920460713e-05,514,219
69.24648231261148,32,97.44102443679465,0.02607127456490914,6.7951023617629405,2.081704258641944,4.1352975878260585,512,211
60.6305925571148,21,102.10450952685473,0.044363723353985085,4.926618453236808,2.867845729586969,0.026594367494335195,513,230
8.452639733421332,27,123.88002042006634,0.06124846313597216,5.527219251312605,1.567188594051527,2331.891092453827,494,230
11.498020185182334,27,101.50762824191925,0.10451935132410771,4.209260303881821,1.5350613908504118,13018871.248678042,525,239
2.940593360901807,23,98.25101520117909,0.13523433967182752,6.0559331883740635,0.8616845253224792,0.06886210714074757,491,213
55.43398681858183,29,85.43707070203502,0.08336781443581287,3.2613025246093907,4.138933642863462,619567379.1709073,491,208
46.02191166949486,20,78.21758404288704,0.08710331244365915,4.673952057630163,1.8938482724080294,0.0004925534914586798,478,225
29.073770517607183,32,114.17704606235573,0.6303668678091214,3.4036690841848594,2.3947628779584633,0.9309032840132877,498,205
79.0461515258579,22,90.55176047300223,0.07940451636892637,8.816498286394413,1.1411227499737313,113.68749746826636,491,254
73.13099644973991,29,62.80711653451095,0.06344009622743156,3.356615971590114,2.362899097602335,0.0015525601283854036,489,204
26.224800811533257,30,94.76512636478263,0.5761120566187384,6.1344071991517755,2.539258076571042,1387.66746221524,479,230
10.901682067714113,30,84.92108130991431,0.43551523445307105,1.2088190652708148,0.45363750804997893,7308139.863723135,503,189
17.279915296295687,27,80.24637628221984,0.10405535147932458,2.2704942123462595,1.191714121814259,28.95770741228372,479,238
44.80225774051463,29,94.22277917511741,0.7050622166651781,0.347387284732897,1.9565264092829369,1628.856083003607,523,237
93.61436457126865,21,68.48870732917749,0.602134274207686,2.0272424048510365,4.736969370928824,23.16157888971671,519,209
135.3745149886931,28,91.13051875705793,0.01196486298643891,3.8018148923028177,1.629552456761651,18053.87413994886,517,194
102.5440799147359,25,86.12884316691877,0.003971161892503801,0.80383179467944,3.658479305653551,775.0961890103371,493,207
131.98030127563666,25,120.47336747717884,0.2064588253680057,2.192262780006873,0.8569354060718156,32932.95277102803,511,205
75.52697512652583,19,80.87061150291017,0.02843275178617313,0.7551183493387396,5.821042747006936,83251233.09619543,507,240
20.99353827490031,22,98.80398657788695,0.24452998758617767,8.542522709949845,0.5739825526549927,544.2067989037848,500,213
141.18783053391607,23,102.6049151981643,0.6196552060819901,8.511562765525326,2.215772875411765,1.4334596205548489,509,211
48.66858572557112,23,88.56378590818842,0.020093906020864263,3.895583805640894,0.7273076521032682,40691.57779572946,504,214
38.203998584194906,24,112.47414596821477,0.028753840754631936,5.656397984238392,2.4756272216845563,1767001.3372528576,515,202
5.001407057220098,20,105.94380820024962,0.3269807784897815,2.8602335575954934,0.2676237956019899,5101.693511585648,516,215
7.726888475677775,27,93.29861487950271,0.6380731233712105,6.993740528918461,2.4336498410509657,15994015336.254421,473,215
4.114662591769784,22,59.10319775568831,0.2117658602989831,7.02913850432048,1.6243362415421558,756424173.1875733,497,215
269.333980298221,24,126.29609814614,0.4017528014691544,7.016692082706585,1.7339948468804478,0.006121065712421256,504,244
386.7803481671829,23,95.97494057917874,0.2819042172140859,4.500017872443424,2.0292612436681603,24.151089200615704,525,213
190.3925003740274,28,105.24521134744738,0.23055434682254222,3.663999412114842,3.086180326814096,53025.517955344,500,220
298.8069649027531,31,127.09293541475184,0.11647192408518209,1.1655826486203906,0.7017399388237088,24715.615615627805,498,225
244.85726368695802,22,92.12952475206899,0.33293266014383865,2.7038158425062044,1.2893207667520519,7838270.994779765,473,209
298.4357224701998,31,58.31697206842398,0.2941239619446994,2.362752703785276,0.7468641749183299,2093105853107.6558,512,184
16.284981712928694,21,105.23303489115983,0.6010165771755349,4.6139651286562655,1.2442763564562438,0.0013744826858268961,486,213
196.74083510784064,23,140.20091158208854,0.5103705152912092,9.266740950390894,0.7772386930823472,68336.74229620566,515,209
12.012210437552886,22,98.16447550058332,0.0943693433763197,2.128222712404388,1.869610425687113,26470601758.434517,507,234
65.1521178174763,19,111.33505684743976,0.26436444955925203,8.473842882677001,0.06020469841655888,40.271843227222924,500,208
250.98608226732617,23,94.59974577629457,0.5616565063371726,7.946764969312072,0.9403927847478148,13504881.028142044,515,218
210.4921905791572,24,119.75719184556607,0.05300864084573183,3.7438162562028765,6.435745364330047,423.7966136348174,510,231
229.36244344153437,23,149.11479433504726,0.3163112830986218,2.7060984909233685,0.8964023281692923,2278.5982052150835,514,218
100.54931633165975,19,115.42857068574978,0.614409345450214,8.338697792082773,1.6641640578537125,1984893.5090140551,473,257
20.00506956776482,21,67.49880922954968,0.029325213033526736,4.604277389465006,1.7226680434467132,2398.7991135645357,474,228
36.22862501705954,23,61.855731073344316,0.34099137353064846,7.056643539706604,1.6299356830369685,12122525.309578033,509,213
82.8325866364542,33,97.33112343150228,0.03693537432046966,2.2837211542753595,0.7625467675407721,0.00013777946796131478,490,197
37.13549960568607,21,132.71037955208658,0.6050788371236245,1.5432484430827027,1.0990485531712257,3.373572094448474,505,221
153.4229606813601,30,114.72190152514838,0.6306109716791787,6.608451828063694,1.4045080994136885,107821.44159269136,512,211
12.901901043994457,26,61.61107190337595,0.464128971987547,2.2717685633190112,0.4226096171547505,99690.18763855459,514,197
71.08869426292695,20,85.14816689808531,0.20420281632705173,1.5335703874501732,2.465603770740518,0.0002530788805463755,509,210
121.36445264461085,28,96.79269375728126,0.2894733505273394,5.248319891001653,2.3622014771897364,283835.19197385095,510,214
83.96807981580659,23,82.87220359424481,0.6283197323251559,11.962944993012671,1.9922479930084314,4921.264717445698,515,247
139.75921739594273,27,98.75224258137528,0.11587278826462433,1.6678549148132151,0.5909696419606291,0.016912969817976724,479,222
251.53590995325777,23,75.29373146216793,0.8528335542166791,1.9616855699596527,0.9380727466023202,29443.595657421218,520,196
70.51122012983058,18,109.1072885084702,0.36811909031919643,7.914954829639089,3.175521132326506,14886480.431644645,490,208
78.7022623431624,19,75.52210346517322,0.04726598836062474,5.129891551020575,2.857622213597943,56.733591153610064,501,234
94.01209966672596,22,92.68713128228839,0.17864080299947024,5.173272349800972,0.3686292551866364,15462.715324679331,506,190
341.7790743149516,27,50.88073182218484,0.011919911469860663,9.664957866240426,2.6516152461935065,1.9981770399295975e-06,506,171
56.046233564638115,30,87.50151351714207,0.5333328250906496,15.539002850789522,1.408268863780467,1460455.2796797683,474,256
317.10717562386776,28,132.16651632626096,0.6849884362919285,8.634541455879624,2.6290508558728183,1400751.4114247465,489,207
58.7265240986311,25,72.9694438954175,0.12320983288653765,4.119320406984698,0.957083084561971,10778.924614304085,510,219
26.79282203457875,20,90.35548607961975,0.33336866221583483,4.847817332278793,2.0490715579499383,123.05166574613148,496,208
76.24095333586543,13,69.86957890907934,0.00949845798652236,3.5150160587109793,0.2186960402159966,759.4742244401027,499,229
120.35633591457066,35,89.09553961370302,0.018554797693047992,3.9687647265738915,3.5778835915943614,1879967273.545783,505,211
77.2390920255924,25,89.64445848426863,0.023610914441428817,3.4477793975081297,4.611823772865707,47128616.461996764,482,222
72.75950450519437,31,127.83338962175333,0.7845372418360955,15.104017011833058,1.278936479263013,614529829.7550696,483,184
36.87907327281432,20,108.431196676526,4.329133632227356e-05,3.5882023260743146,1.4941079008099023,2.7153611109760076,515,224
101.11823193926371,27,92.23874034032087,0.00023391995757904595,6.761590035649363,2.777070841373641,63.251060341891986,507,225
46.180635795716356,23,125.16673555573931,0.07785129649938427,3.618967461052766,2.4036172070160475,3573550.764468494,514,250
31.400334300436906,29,77.19061159621822,0.329794177502255,1.6951456403567235,2.8445577739860894,728229.8817002637,499,228
55.97397245557031,22,116.8028334742842,0.07195204021189656,3.640765292460856,2.384750519072582,0.05469133200301863,487,209
95.17096473707005,18,79.78670962275058,0.40995985037645905,2.4946375373996728,0.8717763569237621,6187724.8006264875,507,217
110.50273551483343,28,114.39497549401672,0.2500963559808149,6.430850291643553,2.217049919903695,890334341838.9991,513,205
98.50769919900168,27,95.83599494614913,0.009862858316768745,0.5859517241052196,0.3237027966804954,42.89091775080083,509,222
17.224391585450082,20,103.64537147648981,0.02796267280835463,4.031945579271137,3.393156621505372,0.06048730219025619,510,234
132.7499316351911,22,118.42653930374524,0.03572604262986279,3.7507994011631913,2.745047719703118,12079133514914.986,513,243
19.010400987552295,14,126.95042343877296,0.1948936719193422,2.9514801129989645,2.01772967932498,3470.3394905154755,491,226
49.52932176054122,18,81.82939310920807,0.28170158262882355,2.1229468521880546,0.7448360653183212,4.933101916962232e-05,507,233
13.155664943703924,29,131.17388594124543,0.2390593572581033,5.21146040682088,0.2543897004733143,2091.52326289812,499,214
29.118029558435698,23,98.25347673850226,0.05755087452186891,1.811652605526917,0.7894582797012855,0.8030173115532601,501,219
162.89274330689273,33,73.80909730500638,0.03681796865261335,2.3609908765503156,0.7691962761959839,2878049.1134480643,512,220
98.77030452581751,31,105.68344516020376,0.10345642846058929,2.8555167679401583,0.979495656095671,92654742.16819014,497,201
51.520778788956925,27,93.18117768697091,0.577130388042611,4.621697342424626,3.8430454624372254,62.27109091425903,508,222
19.04581204601347,25,117.84916561912425,0.6753101799356962,2.8553113042931906,3.7901306468852223,0.19182592411250451,533,201
339.2417108772574,30,102.59094255183635,0.10136205112531242,1.6274448318055759,1.3927057837923424,1292.6614991689607,484,183
64.23383219422423,23,119.67413159754014,0.12476828489551367,5.8718663925199905,4.237414471184172,27680511.623475265,517,201
64.14518814560107,24,97.15005469901497,0.0035851924678964213,3.5359676222381706,1.7971915050391196,2263609104.0446596,516,224
48.6342256126178,15,73.61214554735596,0.6269603924425984,2.1411146788885285,0.9619456718689161,6328.92578005254,495,206
132.86135657627395,25,98.20569480923189,0.0014358408435715285,4.438605481247025,0.8817770984552114,31865182296.1603,487,212
17.184002357373224,23,110.43657523822138,0.5769951555704812,3.810928257700787,1.2246486872293687,166.77475404687024,517,206
77.8292796361499,26,107.54290934481207,0.5292155903165532,1.2233215882803221,0.9866716561795529,0.00011881689134815267,483,206
88.58632467145988,22,123.69168255328894,0.30010053733264486,4.137424023872629,0.6120014902885229,23322.288135040555,519,184
76.46615826216131,25,52.07206465731515,0.16163619103222265,3.455114734538607,0.4819456108369283,38.41468005461653,489,220
78.59101957895956,20,103.55608488240877,0.06413505057365375,1.077183854347891,0.02285270589157502,5226521.159921723,546,209
187.72233041867366,22,67.0007914758593,0.012635307772583898,4.218931776516871,1.740472086237914,0.020775845839809452,498,226
119.854955432648,26,119.1056068466319,0.15878609061953508,3.657822946262072,0.3126959683718195,1287379569.7007506,518,199
11.451993379883843,23,142.22185150419534,0.19175353228529407,7.583362768730596,3.3165022842109417,0.31650380156383384,504,202
114.6059977682115,23,83.52427337205785,0.005739343319309651,9.435647187967993,3.6561068799297702,19215466995515.434,489,185
30.23789263028896,25,79.32922343417778,0.6126835065215018,8.118182790570899,1.88257760862905,1035.6634911224821,494,211
18.325683713528488,28,110.80628099654677,0.280736627798561,8.900951040118818,0.2620403529895171,141797312.42521626,478,209
12.960726667489993,22,59.431647536087254,0.6177256563801949,3.3442046051764014,3.632104038510587,1.3598013840932022,509,210
99.3114062251357,31,113.92605857674016,0.07385658117989065,6.56416205429224,2.5611372528539427,29037.921274280405,489,188
299.0096916857358,26,115.24972641796165,0.004537786432521773,10.918781558622447,2.553894932874627,10366.311191667111,496,228
14.212284214061713,25,75.14972331460669,0.06003133047897364,1.084518837523835,1.0661857798074315,689.5587883681479,476,225
116.98011775999872,41,119.71666398027627,0.12323930993477525,5.739231909096257,4.7703168656095905,55819378329.59468,502,231
142.0028615448399,26,89.69272640536276,0.04495950872711942,2.076171308832571,1.0615709395628707,0.15832045786205892,517,212
1.1601016464916256,23,69.30359034748636,0.3256746372005914,6.050555962816385,1.4204902322495405,537749.1763944553,472,196
338.9895909077131,24,58.68467955804655,0.12204753861186268,13.880202941154698,2.150578664589684,4789.015551081542,475,229
13.019381930499904,30,106.77511518475096,0.42059081394914616,2.328466582363922,0.8443085566237818,93697.85450727172,506,239
188.05971212037173,24,97.31786376316896,0.14219604207302766,4.945654934172551,2.3771762000921073,0.2861089313041945,486,189
97.76080193231785,26,91.04838367311426,0.3067178105280521,1.7042331269927788,1.3886502630544888,1725.6605671052635,496,207
372.4945219831488,31,91.38680300977431,0.5984253503228086,3.118493840763158,2.7316619229071004,896321006119.6064,492,265
17.903875528586845,20,71.06792579266923,0.0026302744960496,3.7457190662494484,1.5257320268162853,2571786.3497182955,490,246
54.447187495637635,29,101.17138085657277,0.007617989034496504,3.7461200425213543,4.676330162326535,13837009928.141056,512,209
52.92306066390966,29,127.92930149976478,0.020158088524454786,7.815696430479552,2.323567257351778,24.43947384399303,499,225
29.30858583419279,31,106.00602024944155,0.6058437121455964,1.330464295729728,1.584038355054683,0.013827543602280662,521,217
139.78253121870304,25,108.11485612158043,0.2613474090177467,2.814675317513881,0.8185067243428052,64.14912193885837,531,218
44.180060345065556,27,111.25440625271632,0.3856002747305378,6.200951045844758,0.4176869079283929,514947545.850898,499,247
10.401806861752672,25,92.46582437656105,0.0005880911841437373,10.152138127751178,1.9431208234143231,0.1318165092073683,518,210
124.89161570644671,30,139.11844091292988,0.05463493696948131,7.464746484800071,1.1616674838183874,0.0008520195286321552,469,220
208.7719346722862,14,69.69589094409633,0.13602330609461918,9.100153252058687,1.8525300451016835,533967686.37814814,485,184
3.749812509808713,27,97.35719057838068,0.5985103637374718,3.8241149241112375,2.293327867947391,21235095583566.332,503,191
529.2378461570758,20,103.80558799451671,0.11445674843546022,3.7198130566894583,1.7038204910179486,1.4471150599567757,500,212
471.2515165453641,20,89.25157681571616,0.2862933689486787,1.014652481831285,4.0706992457797,2.6154684029383602e-05,509,226
133.03021742484543,21,98.61974048737333,0.01880992383359601,1.7524088317494488,2.032520882211837,190145.0475085271,481,226
102.482477610767,26,78.77932728528108,0.6281417103651471,6.528749192264698,5.314083008167644,0.010524451886837411,486,199
208.41749340077587,26,107.39507727624336,0.002287524948088234,1.509824323084433,2.835540359134916,33.71917474286481,529,203
311.147149067508,22,80.32753802941048,0.24551295324250713,2.9559589113257694,2.0155885721265405,173.43171776533572,512,215
1.8127736375947774,22,113.12933327432103,0.1935301723198143,2.5619848378884273,3.048414099658792,0.0011076564102476358,512,235
9.546276423720833,21,96.7346644727811,0.0006399997038920366,2.2889973228442853,4.477554358588387,86327492126.3132,499,214
100.29071340811355,21,47.70695963825383,0.6997599865252653,7.069191032296489,1.2187435817319652,4001178.61649858,487,218
30.819459009098193,26,105.78620674551581,0.02433124807346388,13.831682611418913,2.3129225230872272,48.95369713152268,513,206
127.53063337463469,25,118.34782620590133,0.4622966273081291,2.3830850581375183,2.9264241180497015,164959.39199623588,486,218
163.64853504583564,27,100.17085771201413,0.7759484271055007,4.376534379827917,0.201672108684561,6.333509752201216,466,236
5.72661738277836,24,90.95171218394304,0.0025720970229897795,3.262924995547556,0.33952736408102324,1671773812.869237,516,211
1.6543065417036584,22,85.43814473559792,0.7559024193429194,1.8536230182447293,0.7112240027800335,15868.912479974046,506,217
11.953615422764235,21,75.06036368951473,0.34034770612161935,1.0946363965141217,2.489375877499537,771207141553.2272,510,212
75.35374416521832,18,111.16807670099107,0.7618346828370234,3.12869383120048,1.7482841488594096,239186.9067489437,503,240
55.63697722752221,20,68.97816002288647,0.07704929618080193,5.670790741737807,2.5729955147523693,9394.43352387586,489,206
46.810835948869766,29,113.78170229254636,0.1548586564069322,3.5899467811707573,1.3327749638793838,1.0411960364737174,532,205
2.0006097317384604,39,112.92470552561097,0.005633533506703595,2.481300966630262,5.777959247071217,164.94720318551856,491,212
13.619117156155838,21,94.4960976051905,0.6950586454483916,5.064021397517498,2.102087462577708,28147767.81602325,492,216
7.010014607135159,26,124.43659149634433,0.6083926077170347,2.3698406551273448,1.6347181348762474,506.3810888291169,513,222
91.55420391721253,33,82.64279186382004,0.005475428505612288,6.040046823517234,3.407374336263444,52453101.84390626,494,224
6.107792037969608,29,59.94672644093121,0.15603292468829819,9.317165283974449,1.741221938722077,7924479.985726701,482,215
13.178700751763897,23,104.87480519310542,0.022858493516563324,2.3780526071647214,2.3084469359145796,2.496032264008702e-07,511,192
18.75548418850083,26,103.70074093252413,0.7572212103745479,7.537621007294908,3.9852359069445806,937285.5315245049,507,206
45.73178386786005,19,107.22059353052484,0.3246886187674499,4.2331526004449325,1.325731611353297,214088.53174515715,523,201
115.5170384584324,21,87.10009188602146,0.054572288595625656,2.164525330577971,0.8255869145181969,59383344196.12857,498,227
121.98696063524812,31,137.08194127335508,0.5035074730146075,5.037872666813356,1.598002290864358,296456.7229778804,503,232
106.70233212569127,16,98.87730766250516,0.43304828822994784,5.74007691044025,2.0791177792786737,1.2487597625767848,503,219
220.60124179714177,24,136.921984528096,0.0780061016380278,8.352207765751114,3.5374913942482973,4244202435.923768,488,191
11.56252621302885,34,132.57808786407384,0.7671143721009029,3.4463511418985666,0.4349551227430207,12.91070990067539,480,215
59.42482593991242,22,133.12461277598237,0.4353550257724209,6.053348624800549,3.0753212130277845,1328291180.704297,502,201
13.969784703971872,28,92.70923653950189,0.017906928752773447,1.9737085232212899,3.0284010023241854,1407.9885893041785,509,238
26.176964985762403,28,118.51453696116661,0.562834784452202,8.147379540403165,1.5004836915045392,0.0006542466352793239,493,226
48.5487258432075,20,94.06837684212653,0.04918032380935522,2.4894258596512677,3.6724465473308343,232.8033563475364,491,211
32.46460113567884,20,130.74252044691144,0.6663527528843504,1.5738336133242026,1.1679697962404454,640923228.3001893,514,204
20.257636461426213,15,103.63319578035613,0.0002473803945005544,1.973217809732243,0.6843678191866996,0.00044601239969359227,490,215
222.20071529062184,21,104.60235907200689,0.8964877709644938,3.6024711871513584,4.183586813378554,373235.1599720888,514,215
72.05458775661077,31,105.68490953832898,0.0007129857691091753,5.129622855590667,2.8861039533970136,2396.872552331744,504,225
89.84839758847262,27,99.27444045133424,0.6647049563228675,3.824865989322242,0.4641082844053715,3385.917105635872,494,247
50.021554193537355,21,86.89023837721415,0.018607698722272845,3.798279746729498,1.8191834282063488,5.598321867121161,505,191
348.2960610619848,20,99.9957043142563,0.0071820224549551115,5.04664633276686,4.8595134963333155,79.54619678573674,521,175
182.46633399512416,29,100.27145501144427,0.07228340736620024,6.335577462866875,1.8031229545135323,8549946.063383304,497,197
91.15027787499885,27,97.52446310014442,0.3375500214637602,15.445462893755062,2.748612392988566,1161492716.0370631,491,210
178.01256922861697,20,78.21822990199217,0.06651317837308962,13.943303131988577,2.9157954662201475,997772898842.8904,495,215
44.94739258675147,26,85.92422728703335,0.7007868583754578,1.0844151241254778,2.2241812780214274,18540.794641832512,505,226
31.63161922295027,19,123.02109574753665,0.3507072817351696,3.9781901770181585,2.124525428165209,0.010150249799070546,507,186
1.6689460155753972,25,111.33980116427782,0.049640509950077134,6.971229585993164,2.5948628213329346,0.08783810985862354,502,211
45.32709232023616,29,76.40479004885337,0.026652931471915983,7.924767443063704,0.9946308854990676,8385.527105784904,503,239
32.99546729890622,27,80.88605083772573,0.3089500186804659,0.34711820943030325,2.8690139741066103,43076.883984177344,509,234
11.617124651506078,28,114.4240231262619,0.23300832451513243,2.1604255267708647,1.6833512946396705,175000839324.85843,483,197
213.26703114653952,26,132.23941145082702,0.017504255735956382,2.9760504920982687,1.202287303341375,18.411671987587788,485,221
33.45478631143492,17,104.49964805588809,0.35765385213929457,2.900693704277326,1.304788621676588,0.2087932885473264,515,199
76.54758713567868,21,71.83938419048229,0.010715311989161485,4.466526211323008,3.2529402799015408,0.32980322939246476,509,214
11.72418247791977,26,98.92787731386376,0.27950575245452464,6.566659316990666,0.4207667885307227,43126.04334066613,482,214
69.16225661550796,29,77.16524403153497,0.39103072362797414,4.047875825280699,1.5186899299217202,0.00021715115288826044,488,199
37.78332201430798,21,39.28481825777248,0.548624265608138,7.947306440086553,2.762740758648399,247843.25797448933,506,192
232.05300781841683,22,84.62211203833492,0.040316132447981545,1.7039891422296263,3.337911354301193,4394319928207.3843,493,216
97.55767415682955,35,114.67274797643488,0.19892951938229245,0.304108370692058,1.3118884158191049,433.56543077726946,502,198
193.38122305283474,26,99.12816142603398,0.008468916819173089,4.544913851975521,2.365528587961205,446748.03541595954,507,235
26.26261490405061,26,116.94296554490496,0.6329496593169108,6.89047237030939,0.06509330567562037,0.034622268546498476,485,221
1.4596381185026042,25,75.40971978160712,0.4307514929479898,2.584435505451952,0.49584706586275334,2.1731866604595673e-05,519,212
194.34159822289124,36,104.23022577986025,0.05599058188076577,6.517805968966584,5.654197516899207,452740.21477802,513,193
138.99527338863663,23,86.69587868431933,0.012295423704405603,7.9064873072963815,0.2470488231797868,152027451736.45502,482,220
10.2948345186483,31,72.23222601233752,0.09832723285889346,2.753066489824894,3.19345338903159,1498199.8353254567,491,244
267.4394427877909,32,73.9849541461976,0.2316858026502101,5.188160923768437,1.6738583881985356,12702163.663934732,483,206
50.819365272761175,18,123.43679675466153,0.09582385623434483,6.493895094495899,0.9563531212697376,992650796.133012,484,200
69.2993261288909,32,105.3406279865779,0.5717033769543983,4.583620150529268,0.3953203789990825,9.963792354750537e-06,496,199
52.99356531233674,22,115.15011380506547,0.020303808622920087,4.934770785477984,3.100157852049988,151073.24417760823,493,230
32.828748025053905,16,84.2161653461863,0.048372595644643815,4.943526947743708,1.0189502448773888,5.3282142774196295,513,219
161.21927231402705,30,145.05224363390784,0.013493915467493397,4.179988979830168,3.0758680129091434,11046645.511269346,517,209
248.32153975871645,26,121.91265614258732,0.6948228836469993,4.7552818584604335,4.8150707655059755,24526324.12887993,483,199
276.8103452045682,20,94.03490785499571,0.45104786917182077,2.8592878639281745,1.476216856515987,381.5256870185419,497,188
89.32187968134666,26,134.19436553885765,0.41792727027224574,3.210221869662608,2.3924626356521417,4537971450.578765,495,210
65.48800609337981,23,130.18237419048933,0.1392040639859879,1.7246342440649272,10.08564269412301,726.5502668369706,498,241
161.67348555554028,20,102.2586389107007,0.15877254316090816,6.467594942784238,2.523342675945668,7.844193861160196,476,214
50.460571350549884,29,63.68952405830388,0.06845099150979157,2.8548366720051153,1.028902701245596,133.16676354491568,525,219
216.80133083957136,29,134.70671355681606,0.11690544209642562,3.5930277896896734,0.5306031357458576,109.01715842429556,502,209
94.19864286686071,23,77.67843906142329,0.00014690057856448654,6.146821601538122,0.7674433473561836,2262.9790392172586,477,187
13.104091899191342,18,134.8415064031574,0.05197631400256513,9.039845588711382,0.7958500388458166,184542.71231440746,545,220
40.206400524117164,14,99.7459948970257,0.19080690588214816,4.3695949956405045,0.334702298736532,1195315769.2265065,503,216
114.25818066922935,24,64.3034091537665,0.6063292870427587,7.896220607867303,0.45001750455302353,0.0023963121626346144,506,226
10.327403223716116,21,83.51080710069569,0.16020505792281542,6.950579495925044,1.9238388259487238,0.3082904855830892,503,252
192.3267209187187,33,107.21955555496426,0.0812220383345252,5.716373101993383,0.6331090950601694,0.039360545127271336,530,195
89.98583932133519,25,108.61165584105275,0.11526992409196994,3.6318276007923163,2.278330634508288,0.01548634183905907,526,220
33.67149448771648,31,74.94153165120161,0.9789447271362209,1.3278209440244115,1.9571885990981939,12480065.297810985,496,234
12.674543981826355,26,91.98855013705933,0.059395606069863986,2.1032359051645058,2.1385092248938626,1247267087.2168539,537,233
82.92589739287554,27,90.26751412637836,0.06458572974617227,6.311514604601204,0.8632685459079265,3543023.807162422,495,223
202.98055901972583,21,98.79599010824457,0.010740879604343403,5.314578664554952,0.46247643248815584,0.16251703947772617,496,246
431.668097116828,21,109.67843111826703,0.04790174077468929,6.915554204724519,2.224857863051903,16112066467.385622,485,219
125.50742614822994,25,120.87654443195632,0.13683444036469383,10.783246776271803,1.7928355308601172,19685.622786140008,517,186
41.08663780626115,24,80.30821198903459,0.016277728263064763,1.0678494940768424,2.168361540275162,0.01827773207787115,490,236
30.978840293091004,18,121.41630014480549,0.29423064772226715,2.572874287645856,1.8962629185792306,0.002531303558485965,500,221
177.35685126478074,33,91.28444502894295,0.11618237282519099,11.915826096086466,0.7964702707683983,4126.276579754042,507,207
337.16484084108964,29,137.51524215968755,0.0672294082785704,9.321860012271177,1.6123138793624847,22.421044694449215,489,214
7.3952821518561755,20,82.03918185724642,0.4088157988937845,4.170632611749741,4.944141426924282,65773192624968.56,504,222
50.30356988194805,25,91.30591212004173,0.26258694163258917,4.112280591501673,1.3919596476574831,862713.8380982733,483,216
142.16615255948335,28,141.23925349169355,0.34390724925309885,7.508894208993611,0.9599883926589322,5.718819063839811e-07,486,231
214.85464135807527,27,118.3273710018832,0.36870008829841855,4.295991593232832,0.5856096641828252,2177810222.1147065,490,190
39.99128034113897,26,68.81243923585836,0.10247085737776926,7.128501653856996,1.160402058085237,0.0006797554401019715,458,192
13.211547936643342,27,134.83508459488894,0.16254872877258728,2.156621534998947,0.9301459081684501,1.065294303938286,488,214
145.87051368785285,21,122.66760358467425,0.08697129080358856,6.253958345041901,5.400636487961035,0.0009658868197714902,481,192
10.875226304054852,20,75.55395495064697,0.12727623280470934,3.062998043799956,1.9725721488223822,503359.1963882992,530,218
71.50602987619283,22,80.95385882034343,0.08335134600128732,4.852495467948641,3.6384504503578885,2864.4912783316913,507,199
94.73670368826399,30,102.17817658573041,0.006934511970134792,4.268220297607549,0.43089064659163623,488522374.9917484,510,185
86.5484595630969,24,115.35397136305006,0.024041034985102287,2.384731478635998,3.340460470484424,44361.74937627175,506,204
89.11869684097888,23,98.08916629922467,0.4214099129730883,2.8876635435016227,4.112421112782213,552279.4355669679,494,220
96.30048888782142,20,70.87453973913011,0.1259471436778166,6.4535611377964495,0.5497924932270492,507.53952950868717,507,228
10.333947494880203,28,72.41217471051938,0.4285430792000362,2.7893754930826593,0.7061554799121053,0.3158219819182711,501,235
107.64885187740445,12,69.20237881294949,0.42001768407566026,10.47363357663099,1.457596260232081,5186.906599282606,484,233
90.01309613893945,26,118.04855236239935,0.05235032321120736,6.918006789948697,1.1159448703803636,18753075.806131724,493,250
33.625669333932734,25,104.12508603081243,0.7827895682460838,4.061327364960934,0.7245110381362162,0.04527509338961136,532,234
3.1134185111155683,26,107.45324822530208,0.14230347437973956,7.358044100756899,4.549774259998716,4839564995090.759,489,209
84.9688749844317,26,137.62028843343006,0.11501010630008571,14.620457218752078,1.0114176417971867,0.16963055370929586,480,200
56.74691998434959,16,100.66798637411992,0.2341151487464229,6.175468732659207,6.246686166544848,6.676584374537926,480,225
104.76384159576051,15,69.8647373735312,0.20632101651726562,8.681335660149767,2.642675236338419,19.51653224810364,509,235
144.40265360737249,21,88.73609975278869,0.07497404136651585,1.4151467829481041,0.39905686658280104,29145209.890671514,488,233
229.98157602888404,23,96.61997992074252,0.487734098809807,5.057047080681992,3.244159919525806,168559724.0583104,481,201
38.59555907547991,21,99.61085177247482,0.08862199340164455,6.030294021012175,2.6384685287838683,0.0050801927216603555,518,214
122.26552926949688,21,84.18579519115424,0.05503166004376009,9.398133489790183,0.8590599598578508,35129208.83205198,512,204
117.75761190061502,21,114.8882803586525,0.45587652293374975,7.798807446742458,2.531584015489842,562436.428438132,485,228
94.547239423707,29,94.74687466078046,0.3909988711604542,3.8995626483936245,1.532971858214881,0.009900066529963163,495,213
44.96207532496456,32,83.67734214412245,0.36534282231756027,3.8031007535507237,0.20686215016266712,0.060424397846272175,509,203
87.73577096685847,17,98.04448132404994,0.37789907988421534,17.05049687257611,4.542141025309166,259119.3756140298,505,242
46.650309012813096,26,83.60647588705923,0.7763137603904171,3.2284738240552096,1.6335949028273553,19891386.56506538,504,227
0.11142089631646614,25,97.45487442416993,0.27411104725729085,7.122181456674588,2.1128901567973393,132107.60349822973,477,217
88.39219896347736,25,78.84035871488436,0.19496504888012295,2.8453480841788394,0.910567756373325,5901.117023903803,522,243
0.13917265956973313,31,147.30760287999811,0.5290873998850477,2.789862770440491,1.844565796428361,0.2764339089265011,471,245
114.70589961503774,25,71.69056872390922,0.0002783266883971684,4.537450276252862,1.0544404534717717,20.714383277237953,489,221
43.82646895965925,28,94.44928549984351,0.011368694576290948,8.38660871018661,0.23214762235314343,48.59666271057893,493,214
16.735682936104297,28,104.7486627301483,0.8201344867957361,8.825501701102619,0.4569908781137371,119196.41964248063,505,200
61.2271375546935,25,119.60487338055394,0.1599599419041825,8.483730701976745,2.3795349784150974,0.976233161512204,516,203
116.45643362334623,25,83.13678111856625,0.02630788031427834,3.1397983013375668,2.9168950334135886,2360438.8766814545,497,205
78.9777759691587,21,114.19273259489495,0.14129684517429453,6.439725070026639,3.9043768848997558,2942075014.0413675,510,218
116.46863324261349,30,131.32653558521602,0.21042028070021657,2.011598167844373,0.71724312776115,0.44851966309626695,526,233
68.33408523218334,18,94.68613558231345,0.0005249841232914904,3.5754286026161677,5.548627421995727,134460.6877934308,490,243
3.397043655296668,18,113.15231322248658,0.01743813379600063,2.896029149384494,2.0744152454533915,23771800.470452037,514,202
211.5866320966507,32,134.3086153985399,0.08929143077897635,0.9185905806440752,5.588683829616108,211.7194165298592,498,216
45.91766666917699,21,134.46838967242303,0.4220878245923317,3.542068821430691,0.7069395872070383,9008821352.21193,507,183
39.87668970009815,27,69.89523575637925,0.15775489120216565,2.8093172681929404,0.9402820538082218,1000024611.3972865,492,205
46.14226385787383,32,151.01755898875768,0.301884368549804,9.00726608974585,1.1055666701659645,1345502735.101892,502,191
168.80428165784605,28,86.52461862923562,0.7003013824392206,4.706473788622299,2.4753501758591496,3.649271700993289e-07,524,230
81.60455871031415,28,113.51344447902626,0.3561552064103152,7.238273504724737,2.1043166358373844,1.5230066654431762e+19,516,229
38.07169900607155,20,116.25622633956513,0.12673707537017306,3.268510794554993,1.4803366614498747,3.091657142921269,505,210
236.72090484043804,18,96.44283677369987,0.5731438362601704,8.848871144781496,3.8509998821175504,1220949.5029801468,500,206
460.156702597607,25,52.58812755070717,0.04579085268307222,10.182817131888248,0.8165921313181345,51046553113.511284,493,201
35.41191364110029,28,108.21382893329788,0.5666305758062146,8.337827258542193,0.7348221098885871,304.5411612370923,540,209
4.0473978494234295,21,92.64642470390334,0.7125845706793094,5.085642581395017,1.6695670836958314,2616372632.4134045,477,210
262.12872168487496,25,92.42342028066669,0.25066947093455266,1.3514784400468949,3.7854424116832996,230909303873.00748,512,210
57.322160398682975,23,104.96608639327135,0.13307535682324723,3.126212093009928,3.222431152108913,1076.1450428284309,517,197
12.963334167280403,27,64.81038587426649,0.5794821046963794,3.9320548735840695,1.255362922148967,42429835.69072312,496,194
31.156672732004775,25,114.04697489129893,0.014153837001652826,3.0981898971449326,6.480551742923619,4960.757027944776,511,208
64.38351981278583,30,110.0960259389218,0.0018460704473561096,9.303903684394115,3.867634942205791,1118.172264063771,496,220
225.78350140425192,35,134.34714395346444,7.053364885386933e-06,1.6003815794340626,0.3229672522929339,1.330330889105417,502,207
84.32516588728166,32,79.55076132565455,0.14459192079579267,2.141361551338462,1.2088448567881265,207104.95245775086,477,199
17.63274136185502,21,53.3240367128398,0.3181962040868396,5.1525868559047545,1.150832273302714,7964882.228973188,505,230
63.046459354917594,23,124.94461449140806,0.5518039986494456,4.851100546512103,4.259197836096955,9089867.99908173,470,222
164.68022937955442,27,132.7709800256215,0.08460786292232023,7.514043730331094,0.9440139788941636,0.5816543088574673,515,231
106.15604497590165,23,109.0258297916067,0.5350333720679946,3.325088412910417,1.1780754769880815,29915312831431.133,484,218
50.422455290151056,23,143.45691971515564,0.017825380643004183,7.896171402481053,2.808193478392761,148474.13688777018,480,187
176.7397272091875,23,96.68435926691002,0.08801211098132057,2.430820165428327,3.4442619530678984,6.02279843541068,473,251
0.40801555732779227,25,100.49378644887994,0.04991245382482929,4.287841787506642,1.358444604211527,551.7243959865341,497,210
183.48209540506554,27,107.39043363099267,0.3506044780748305,0.5862993259570317,3.7775674737431686,5.3647750015622335e-06,487,212
347.3578298458374,23,100.82378597409263,0.052700019905430336,5.365606136819254,2.2077991009415325,2503.391009648158,485,220
6.678895031565162,18,143.8643544195559,0.007961994548907333,2.7056003908102144,0.7018536374612854,5899229639.431136,521,198
95.6881267751876,24,85.42733495000165,0.10695699337896444,7.676636791521498,5.769609944359862,1.4543616153614622,481,219
164.71394816323007,29,94.43369986438107,0.27904642928709034,13.190606076059261,5.790071162809197,2331294080564.153,511,191
107.79284173866341,20,99.49347169492464,0.3616582406955362,1.8036668458272465,1.79333032496022,28678255.950712964,527,195
19.560910195677252,27,122.40789771677136,0.039179617566585306,5.46023957366765,1.1371491756645888,14879.84232968627,528,234
35.6453376544352,34,72.66345380643514,0.08620098995018881,2.5904649225052268,0.8706533889585043,1313155.3684189836,483,160
328.89788100366644,25,146.72248987143402,0.13623270772515172,3.5332827457774423,2.332072831921901,0.022925153124303526,490,203
47.39769834454376,20,63.04722773025479,0.02504996668837467,12.626822514540285,2.733163956149038,195.01129713258857,508,192
29.306950112313345,21,83.18639600764104,0.2439244701401198,0.9666185215854385,1.738149357206843,12105.57950306871,502,212
152.1656761706163,20,111.76540226353879,0.3275916217477973,0.64929990686684,2.228516620525529,11.836670192874566,500,203
165.96944976844654,18,69.79524984665558,0.06588392297470638,1.7093126200434403,0.6766467225336646,4668021244.875578,503,234
189.60929381284092,35,103.41688064792274,0.33628401679508446,7.094036411636662,0.3482740656614963,8053.988501626937,504,180
41.90099399181,28,111.3508823251301,0.09581851646787096,10.387981878889219,1.4257216605244758,11461610542362.516,526,203
166.86106254056793,24,116.17181896187206,0.00231984577115805,7.672230057997938,1.063446911334148,911788.9510210004,488,233
71.13646742392113,20,65.0421270391937,0.11711801069498998,6.3202160438605235,0.6844712832097687,48094293.82454358,498,219
20.091879857472623,30,38.26262126250144,0.02949622660000323,2.4889150601480647,0.7573774497199728,871.493619407531,487,232
23.085652503583304,24,82.51728713930588,0.3460033495441717,3.0109316471959056,2.002638393938025,2744401.5353756812,478,187
9.196126901043378,23,127.32700081136696,0.028234069108330127,2.039811521688973,0.8102197795477488,96.87096083203956,523,180
16.074246524471363,23,89.10822757059441,0.03319860023973539,2.6581743333745766,3.428791328753765,3248.9981605565886,502,202
255.77118030281096,24,112.71687127751129,0.1087374070257253,4.674643194573916,1.9635593430608045,3069126146.564626,503,204
94.48186252263969,17,111.15710561912472,0.18145896776715098,2.1745863600334836,1.3616308634046819,15.858992771579004,516,211
7.2234376008363395,19,94.42466727877337,0.025980685960589694,1.2112602890078041,1.1652720927415756,1003841.2550547187,496,216
1.0995508096781883,13,111.26678166425889,0.25021765101396815,2.6644297199774987,2.127375183424811,653482224.3551942,498,204
25.553152728028028,24,105.55711154697087,0.018938794465169106,7.4775776756095285,1.8610938074671273,37830.89146448666,502,208
28.303024220912803,21,105.7104998920882,0.3078871017967253,0.6383811207818826,2.7307130109390783,4806.86303994087,508,216
2.8271990277601358,22,119.78756652381354,0.45457230183493086,8.884404415233902,1.350870734907006,222926927.42237335,499,240
41.34334365077536,16,95.31858069264725,0.21892966799455285,8.577420280227043,1.220051187075495,89955095.77920528,518,252
34.33523464266376,23,96.67268311068915,0.3853559652311097,0.3377758487324512,1.6372870889380766,3.6883283008724466e-05,517,217
10.581639179491605,19,102.63717849456475,0.07062983587991965,4.834544501990897,1.423097372060801,17.459586306989912,496,242
90.78700630072068,26,116.69259939312357,0.35779167227047254,4.244283673286278,1.3226739977468132,325883183275.90656,461,227
56.37181725808712,24,94.62778384502,0.13713698433674001,5.016975889969804,0.9194510097550479,1703458721.431987,511,223
465.13329555308974,24,61.93936715012953,0.0772193851233739,6.909171922809479,0.7161511684347299,1763.9731717228747,496,236
86.71016489612322,20,120.96923196740686,1.7956635459049607e-05,8.1905839525775,2.6842978752685114,787.9134556186418,482,234
7.259286136020323,27,87.81422513655309,0.30958524392214126,2.5951055492495025,3.488835345481118,23554155.102331415,498,202
18.59566059419681,26,119.14329879852507,0.2522117903164201,1.4811036886039384,0.6295149960325672,7.280607527984492,486,210
82.52777703721308,20,80.57705508105435,0.43336596206168826,5.625612172424708,1.0738493834442515,8405997.689885013,486,239
300.97818220787065,22,108.70456923989249,0.06592076029511511,11.394369013974707,2.9346897912657472,3056.6586015591415,491,208
356.4204025974312,19,74.86962651285091,0.302917444069796,1.6552948838125259,1.6175615631061049,3244.1062682585084,487,214
45.597606848503034,24,115.21642019948864,0.33030813447441143,4.547995184983292,3.1198051866002126,229336.2645673092,506,189
248.28401505932734,21,108.30868057262617,0.6891121617979309,6.0744704843830375,1.7312582018306386,5908923.347758211,501,229
23.316718613330046,24,72.74541195128003,0.37729616883174943,2.7325075068816025,4.725611225027632,151359.67170171483,505,236
43.58299858790253,20,107.76026828601124,0.006011013181317166,11.217034908251044,1.9715028309432636,9829403.98332732,499,206
72.10011247960001,29,99.56555379340308,0.00744229578638686,1.3625906209408518,2.274029778128204,113.35136503244642,461,210
115.29253609601429,18,70.31928251163544,0.5113641406234035,1.277905965493154,3.473216803907827,1012257196.5531154,509,208
114.07895031684797,26,90.84106017601431,0.4403777841577937,8.331735697319994,2.2530212180905744,320.7420293279889,500,238
83.08581244945069,26,101.57540266631361,0.3091383541061261,2.6223600212506595,2.4448161541433646,5.597102770686697,503,222
147.31326265331603,27,116.54283606700923,0.7516647315458332,4.310959330031767,2.6881280432326773,8.750810613894258,465,215
98.90017885374482,18,99.2988103458951,0.09624403832080328,0.7388481206431593,1.0221392796189464,28253622498649.06,523,214
165.2078030746794,16,99.86073816902243,0.6291110682517165,1.3969665994356149,2.1101268951023906,0.015562346639414998,491,229
271.1551701300346,25,120.28929649685085,0.32981808231797166,0.7662837769795534,3.51999380745299,0.004295853986368053,484,224
18.06403397920711,24,91.18847939861048,0.13660216153246305,2.278727144530311,0.7896517329061699,70.43473813286202,489,250
115.78130675901006,20,89.2721609228276,0.002678769066247445,4.504863840460809,2.7579340608935077,50004.97445463461,500,207
131.00198826287598,15,122.11628780017597,0.32248811909338454,6.581129955925041,1.0080907650058588,133516.60882988677,506,228
265.39012702844406,20,91.62173122099965,0.5140984436857885,11.654858010962574,1.6692827336125342,0.11298178907397231,535,245
15.18217134714914,30,108.72641096162963,0.09569963070017089,7.692624129611028,1.5595739548207272,0.42034629230783704,479,227
393.6102437912708,21,116.37695992713014,0.31918638406291816,1.8840894463626872,5.896709961095818,73284889.22916372,499,194
321.03633971585737,19,97.45076101998956,0.3399550286533315,4.763715580383769,2.3561073024571972,35.87068637545142,505,185
48.385016489367416,27,83.25440800079646,0.035004119387529675,11.0243118319405,1.279647487352427,934574.3606408621,514,201
50.296399960034364,19,54.577692469441324,0.8945935121600264,3.206324928622923,3.67866478960597,41811999.181667596,529,255
75.26883491070852,22,103.1877479072107,0.49529835641620185,2.4833036897787686,0.6107391837622095,1159997.1056136729,488,214
201.9200547243219,24,112.77412954245086,0.1753494627094786,3.5045469959984357,0.9799355538353732,0.25655058995993,469,192
145.75751737816864,25,122.34288587747358,0.6402092496828313,1.3432903041368398,3.2039726477469563,53539579.15033846,527,203
111.80579838795896,21,82.34744393894607,4.728329646099753e-05,1.556202818224266,2.2144980184038805,38478.869639868346,513,228
97.9617975863872,21,87.80570112196668,0.0011184312607460706,2.892838500938274,1.0106080207023636,108209.48824387536,497,206
85.71302763277565,33,95.47633068921289,0.04554008435517247,6.00111225903598,1.2073251810018877,62552486.56610212,494,200
17.25785124520568,22,71.92936061659559,0.9673916707989051,4.64406974728657,2.8830396183771976,12956543112.198406,477,178
6.590726795180096,23,121.65304919541467,0.022242968980021562,0.9603129786816643,0.6626375800485611,8508016497.828851,488,226
38.030256220224764,25,94.17251252472468,0.0004823712417450819,7.885645189663729,1.1237014928240778,43209.032754696374,501,224
44.71715427388849,28,101.17411549552871,0.4553288448368774,1.6702809024130154,0.8606651055821343,1640.2779953239408,488,219
42.343768323076645,34,105.35420756395483,0.17609934584568454,9.098934305259858,1.6829640265469703,173784.11638985944,494,248
200.52099890442327,28,145.3174515680455,0.02121058163184594,5.0588910447515305,3.5594005199802976,0.03963382495338815,508,241
96.31700059608175,32,66.61315291318432,0.49895820085733367,2.304434704328719,1.6703468950423288,1897.422208830164,488,213
120.35660148564178,19,88.26631453543064,0.03827584494394985,8.888174042758322,1.7889649400754786,174164247.70285067,544,216
90.39157153307646,31,110.14526218905053,3.2081052058724345e-09,2.9761682746427254,2.2272258946164416,20595673.132659763,516,217
24.15077896410203,23,108.55646610198066,6.6372348319901e-05,1.9016433607243144,1.1564618474712813,63.37166804339222,510,200
1.3614781422262654,23,100.46145860447456,0.006767463265204668,7.773486033546393,1.9512065076337493,203.02951512239653,506,238
58.4964850064513,19,127.06541251206275,0.650477513393044,6.098698258811047,0.6793699134123836,62326692899.55194,493,219
17.176453598689218,28,131.33287377559247,0.2596072538518737,5.083044105522569,4.587756142930067,62487.956652736015,484,183
109.3418938488371,23,94.18759783300216,0.36365799613653677,7.9441575139670455,0.9422895559578209,46.11727893669959,494,225
48.26254445337857,21,102.64522838245995,0.2912180005820049,2.382466980223533,1.2366809616098802,143224.23727910026,501,242
252.66195205654722,23,110.47679898074777,0.4699664183984984,2.93723823005085,1.798277805807879,425.1941834464374,500,253
76.53995787296964,20,123.22740733184145,0.041561124664243214,5.505068051802506,1.1551763712778154,1.8814356492369744,518,224
90.29635788703864,31,83.8224983284043,0.036925031895445985,4.220730273928218,2.1231724775058782,15047854.936067693,484,209
98.35210620578802,24,86.68441869037783,0.09597103560894944,4.974273876287281,3.224199796166351,7.774951036365341e+18,529,207
212.16714870707364,22,126.29144547522051,0.027159086858039257,4.147839826484938,2.0000668682863916,52903993.394366845,494,207
158.48643741837648,24,122.44206219331434,0.29196076539638516,0.8136377492032583,1.9865586391794303,4897587981.143362,507,256
144.81782325496889,29,112.16598594865378,0.001650959035809081,6.25419364962811,1.0521365457338319,1134.3262296675832,504,214
132.00154044695148,27,111.15348294746836,0.04684758058966826,9.31988010528258,1.0653952237576565,77454359596.28543,512,228
37.74166898808463,28,84.92530196840652,0.5286773794344911,0.9910788348959342,3.242199324584866,33464454753.834007,485,214
61.828004932266,26,76.89634742277507,0.05026206929639508,1.9005149751498804,0.6807684644307377,12593454833.044685,484,219
15.30817827744714,21,85.72579728481145,0.13895124755674873,3.949086331946387,1.332158764827295,1.1283407243390613e-05,527,218
21.403594903806933,27,96.02950300593031,0.19832941782756625,4.645928274116839,1.9589095554074962,4.692183663802041,480,230
568.337966520394,18,93.10014008820269,0.06555893100829692,3.2017015867627876,4.398178836448282,3118660.480466398,498,218
74.27557173019554,26,127.12047178958107,0.20352381489649676,3.6736191953680843,0.7707232397754437,902.7988333988588,477,228
56.740601257610834,35,84.53449119133437,0.40686379129852895,0.4502371835473097,0.9050333897734866,139218.53753349255,494,213
127.1812847441495,18,85.25959960887846,0.0186267255757818,7.551816295697866,0.42180332279867433,281582456038.8907,510,233
14.759077878283943,25,64.39698068224972,0.025965959264021045,5.172650504475343,0.34106028794184295,5387385.840606589,498,246
16.974669951481673,21,44.590439597194674,0.03459916367070831,6.117931157679006,0.26472976146530025,21173.415959371323,492,195
91.23216366621847,21,100.82358100912711,0.0670293792788682,1.1272162831170565,2.1243022533166895,4.620571205713723e-09,495,198
31.261515261560668,27,104.24725429879766,0.33786422764534196,5.785419359702849,2.0479067589884354,27056057.60640623,483,195
302.57917912400194,23,105.33997454371107,0.36746377695304067,1.750894116384048,0.7542059622621939,29152185272.790653,499,200
44.75237657950931,27,72.45833156707153,0.3684379145824885,1.9407811164855513,2.7754618198297827,0.004820111088277924,501,235
68.85262111545232,27,120.97244022249765,0.521347704945351,3.995358166494567,1.7774274245175268,6981234.841770051,502,238
162.10863219784503,28,89.30733936532101,0.1994896904098757,5.9651364803297575,4.194667450997618,559.2608948793767,487,217
92.28164668628177,23,103.35126942987527,0.0036039002851951385,2.7823024409628516,0.6021363020731451,37.5777121284274,505,217
1.0380661773639082,27,120.91285952246349,0.32250272736044205,5.182414000586945,1.5329466510347,343041.86344081943,482,201
92.91927434738068,21,75.31484316175145,0.38935201617934384,1.846734165804616,0.28568441655869126,9445.018634554508,527,223
31.384342410431465,31,113.37932028488541,0.06482310197402234,5.76445886149703,4.61594789428864,104.0612171280249,484,193
28.919030412483583,15,138.97416905491497,0.5402149827707802,3.5762971252788973,0.938259382176385,5282746247856.795,531,213
47.88619626220308,19,118.29487391951835,0.029145143339586357,10.33709866343812,2.683491488214091,1.2788986132523975e-06,493,215
13.298382476974972,21,80.6236517574059,0.28698134017142823,1.3155819467584098,1.3726355783834598,2.4880821950613625,508,214
65.10686982341568,25,81.12142019428603,0.1443841837710599,4.814578073267636,2.5064488196472956,2692366.8993280223,488,225
25.192780415204446,18,124.80356630242669,0.500910450083014,3.6427713319993247,1.5082529175351047,9008289041.043861,499,202
9.605388443713709,28,95.5560491227467,0.002112216074846589,4.4260449537933955,0.8330169560187147,1349.7333575810417,493,205
113.19659981412819,32,114.84949462511761,0.03104394808938355,5.421460293960323,1.5235209028262477,3702.816731300657,486,237
163.544523276471,19,99.53564289476653,0.09150442899480057,7.310425906860924,1.7536582500453706,0.00046177647357492516,509,192
7.042386742256279,27,130.70780170257927,0.007853961851600623,1.9204434056924924,1.1908466207614241,13.634297502870474,492,215
108.7554668138021,27,104.56643353421778,0.41380296826072416,2.960033323325844,2.1910078020698127,3091090.770288545,515,230
17.98303748037442,27,68.99820120191772,0.18111068034582706,4.4699340728699495,0.23148781870546975,18590888.18217726,518,216
51.7126275215827,24,94.5297908140528,2.311945339395554e-05,4.391195049101019,0.7491636447466952,238310774.21470773,491,183
39.49367861202838,30,101.1174416221699,0.39789764184291954,1.4503204031238888,2.337502398015467,10.625110410096921,509,210
7.199279206853659,23,95.77186130030397,0.0101469102871041,3.1187244044914015,0.7894498886298718,4169620230.548105,491,227
33.555219697262224,17,92.28817765381582,0.18434448483105412,3.077922504034082,0.6721623962849456,0.1157624240297631,478,218
140.7797479652383,28,107.77660029877049,0.005012092763735785,5.21652472332418,2.121307666537258,193073.3499406395,510,208
9.678571406863746,31,88.2156200315324,0.2262555936741741,4.693388667782256,2.06533563873408,218.6108848241841,479,219
452.5145917932622,25,139.6766621090759,0.06400791975901918,2.812102916728151,1.920808961105358,11203.79431584982,495,233
96.53299513650857,24,80.40388400142146,0.2644987769848493,7.943873430844423,1.6598840828111707,612053826.142464,490,199
29.923632907029884,27,111.0058731439682,0.02331461382127674,24.549411120974696,2.4544968802047014,35.721414748925156,512,207
22.85605817106945,35,95.32642497626257,0.14242207491337597,2.5390754882430606,1.4435516794792245,9.43166083072866,500,240
10.330960803816232,27,84.61695277778747,0.035468437301475024,6.304947910793014,4.990899901853821,130083.59022997027,517,220
274.84259356897513,22,84.84609939335783,0.022576148845679232,4.142800192152606,0.771521820733001,82305.38213018978,512,261
358.3442361574404,28,90.72275816918591,0.0945242703244746,15.2679023919448,0.4034748679319444,2.2404586470398122,492,213
374.4125551175098,28,103.18642533898571,0.8005558969016868,1.0896573503300144,3.606969990075017,0.012819297593662493,507,213
336.7186645467287,24,79.27693636550097,0.0002542163420202806,3.5732166318057828,2.1413751660861613,8.162049054388191,507,205
108.38567247063793,31,69.55075178308152,0.5909079500410821,2.1409742360483883,0.5413120707457396,0.0646737817460742,492,194
28.579072515232905,23,100.51073509386836,4.680224998875682e-06,2.6701363761608548,0.671835889214534,511651380703.4492,474,207
334.4591255299356,21,99.2405680021621,0.20202718582534673,7.614251755666435,2.6596637776115766,115.65199424208113,494,204
28.21693567303057,22,88.67830695848247,0.013146312639543222,5.1425312719465515,0.7403447270275587,1489.6304382826497,500,223
55.3794857381349,18,138.5728245272957,0.26150770358425146,3.01338084155698,3.2613285070063998,75704.37180583073,489,232
61.07013534534661,24,65.1496525779115,0.7261392251284058,3.3684158890206817,0.18919585924512164,53424.532747427555,473,238
287.65054204879243,24,87.36030709051609,0.04797386986027673,9.63373267327044,4.022418953255152,663.1465520810132,487,192
126.07944686608026,21,114.0558743184125,0.10424510431550295,3.0166112944875354,2.374536555662331,121344961908.56464,473,221
212.99580679801048,27,76.87384149389997,0.5811817850712985,5.097967992886065,1.4829713297039402,1987325.7156511908,497,217
64.55129364914477,19,93.84120765522634,0.1565525994632006,5.891633839215559,1.952483280641063,0.6624912251107763,513,198
24.271757260042666,24,144.3538061498487,0.15796719440632295,5.8969777987954535,2.042458601747225,4915.714526494786,522,222
202.48442186376417,26,109.56167722085482,0.0395109947930344,5.4441774662521825,1.6947389312048289,226.2850373186478,498,195
120.47915160180453,26,90.11650196229539,0.226855779288911,2.1273837034992704,0.5916408269393697,5.697317778538989,503,230
5.119683463779029,30,129.05978632203067,0.05191355953860473,3.5459253716942025,2.103750468387309,54554.84802680383,517,206
0.22403233183710056,27,118.6557390949371,0.025320686822243067,4.418943786368246,4.173203451706239,10825.995345314177,504,203
145.44990093695887,18,109.23355216636254,0.7175857353378011,6.108658642047499,1.874975927516239,102.56750405141293,504,219
140.0634074225185,18,145.32963659706368,0.05555216320394856,3.2571386423553275,2.8282538486838376,28.961237836415435,501,212
82.7742656885021,24,79.59282538083734,0.5370285054139524,11.644066315599629,1.0846529782773877,4158501.5158149377,511,208
272.28769053738586,29,112.97344402125334,0.03470845201139561,1.224892881689608,1.6997054291813427,2259.838074049013,489,203
52.38454799313828,23,56.712083289180754,0.24389462994369898,4.4774402233275055,1.0735105781345062,92464728.74770227,491,186
20.53743710728606,20,114.01777928083212,0.22872781166406003,2.7239586975026313,1.8696578285944754,701457.8895457739,515,202
184.47442212972592,23,123.85597697453231,0.011599189204402557,3.800166572224871,1.5545887102780664,57.54292436856076,489,212
23.72257406388691,25,114.85472368912257,0.005204261607889828,4.671054876965579,3.5181403526233885,1822262898593.833,499,218
75.83066807638042,16,79.16513832579852,0.03510100240696176,3.794379773503554,2.2997964059905325,40.67975415819367,511,227
75.78711747927275,16,134.99201551901587,0.11919056979272158,3.866820656771277,0.5510409059523704,13572.588913208614,508,207
84.67756522246277,33,127.30157540089962,0.45050818532833825,4.439979837078819,0.6270482431202145,0.03286478932972418,526,228
32.64015730119099,19,43.83717200387743,0.017707762467180845,12.0612410313129,1.577904530988865,5057014911943.58,487,240
75.61120656600978,29,58.27419659297945,0.22456027919572502,3.962752148827305,1.0329659149023387,4932788.260986383,489,213
83.7028702097082,22,93.69792242884182,0.35240079292284093,2.3874389320154945,1.577935753078796,621005294497.0049,520,212
77.44101268077367,22,68.93342467773374,0.5208704832948223,5.146251644358319,2.177302237334631,466172040.2396598,495,187
169.22805679590928,26,76.74684536305546,0.03897897151407059,9.146559654941592,0.6855853184900409,3.9936822525555162,520,245
79.589076859071,19,81.76313835718574,0.43388246228541855,2.2548998380822636,0.7156592461391583,47898050.149478786,498,192
37.286553830716876,23,114.7304890975946,0.4540389735244246,6.812735495269241,0.5878099636197762,332424.251230357,538,177
26.96643585491925,25,95.55871659119818,0.8523083952854912,4.548941778480309,3.469502600987462,3787.852715471615,511,204
10.325474925833383,28,111.8170280111109,0.5953874163893231,0.8527242368349978,2.811656222769083,2328390272662.4717,468,215
28.46052546857838,22,92.65133051823881,0.4375017715081262,5.386303486342666,0.4634167799096249,132632289.51692809,507,237
346.5257400850114,24,112.94647768898977,0.049697222064365255,2.470261005537421,0.8382555554696024,0.0633180535444751,480,207
18.51816916757604,20,120.7186299996417,0.19629345772937762,3.96871512833653,3.150087168948567,702696863.5028751,488,201
174.10131492572242,16,58.683355939095414,0.14135405884862215,13.054832608138796,1.2442207986052591,606467.550006532,522,212
89.82334106190328,23,77.54799634848533,0.12307588630276495,4.028626488983969,7.195201670077786,2748.385604705021,480,197
49.746252204144255,25,70.67176247918769,0.4606553524973855,6.423433479277194,2.217532413646796,101433312.05716608,495,181
72.20256093188739,30,141.08590958104475,0.4356622570316169,8.114674951188285,2.2905444217623456,2270.9718773820478,498,198
381.52817964001105,21,83.0902496555329,0.006651627941575532,8.249885372146357,3.0889204148645137,5339600303825.791,518,237
327.2762049414626,26,95.95959945765073,0.2128851648951199,4.651203249872154,1.9507406224968094,633840224034330.6,518,193
93.39988846068306,21,93.40198709824043,0.03098921978410019,5.761492629775746,2.274805165769271,245.2909168556831,501,233
17.711939614930397,24,98.70376602855464,0.12746479716657155,9.414240040722774,1.4649870919323658,0.0010933360846574615,513,206
199.73502380952885,31,116.4267322212496,0.7603802554631981,6.925622638402105,2.897104195275347,162.76633105848663,517,209
89.5134433822208,32,85.46666504728866,0.25385167633845107,3.372789785666813,5.66507929007888,7996.601994127711,502,222
42.68395059115075,22,93.19634122065153,0.23823786659290586,7.714290749111763,2.3859981160649473,1393.2047992107778,504,227
104.76573093232741,34,90.5061640838119,0.08592730445126631,4.51920236764403,0.8184040821054519,2295725.870185249,508,205
249.7727867528929,24,95.83447064527358,0.21913239496952466,6.834631034249856,1.9289312157475074,3381.7730116644243,513,207
69.76642370973137,25,116.6709218941734,0.392590839703373,3.0948153146312554,5.523626516785069,0.0002740519722849181,524,206
278.43429325224446,20,106.85402911413664,0.022030336571824904,1.3073011526905816,0.3568065092011928,2.980888373144691,499,191
79.57236064404755,16,99.06022384080511,0.3330568256817807,2.7221606213543117,1.902943216116925,95487.77850176238,522,246
2.780057657989639,22,72.4468359873477,0.15993117868165532,2.441663938302273,2.641279149527306,557859.065152005,494,230
53.69160609234525,23,80.91306682334032,0.5603055214442283,3.930558983107098,1.9572012644890466,2.708849479961257e-08,534,213
22.10050524401318,25,76.80638127888955,0.06079779879315069,2.7261443824471763,2.2634686745151584,0.03408983689714513,484,228
31.423147413787888,33,120.70810377545546,0.07904765091949326,11.430396882857384,3.4308379549381174,82208093815.49835,510,248
186.06839228801124,25,128.97996149483058,0.59804265601709,2.9097145639257986,1.4732290521739684,5861635.852328872,498,197
28.849371093554982,24,120.03939447867003,0.14336999325316965,2.6669186527397093,0.20028792531026368,438340.62247468537,490,242
32.10297525725849,31,93.92295072598384,0.002238159175015157,5.715042998868771,2.1020557207570456,52341935709965.83,486,224
88.01097903255831,24,91.43033395571219,0.007765584498757739,7.464596616150889,1.0865137922672117,256.453739670602,504,195
9.63227160545566,37,69.81262238495343,0.0030185231214741154,1.2041521616382056,1.6734882420724104,160114.24200880437,478,222
19.025559602770787,22,97.01818972921254,0.006226295801840095,6.325823236879816,2.4456036278340703,4.579490660238978,500,215
361.4955942505047,25,119.62823813877799,0.18546468835649846,5.434771706795282,0.8789291996656395,2492656.4485980854,509,255
52.36326259675486,28,79.95284671361964,0.005069313503010866,10.31069207834154,1.8540404804109254,2718444.209029291,487,217
41.48177619462978,26,137.83429065400105,0.4511803804679576,4.461470556537041,3.8115867404144375,0.8945520882272917,489,205
222.01384047195955,25,78.36370509494417,0.00015238824210423075,9.642834033901195,0.45184715307845175,2160820.786412873,517,194
69.11283574745532,23,79.03341523838472,0.007911795810775897,4.5734437390614655,5.486562830264466,90.1818018716188,511,241
38.49677920391122,19,70.52651684210664,0.004643197261139431,8.610438865847195,1.6799283989511058,14.178867114781648,500,199
354.95265569795987,16,119.30449387439978,0.0024961304290605658,4.822755207397909,0.1877276372424805,4.601152471072971e-05,488,218
125.66232848266405,23,71.64024484167456,0.5948197833418862,1.4330063412344047,1.1417108602858965,0.8417748655891749,494,222
49.151250334999084,25,109.62861933795745,0.12643735969117523,6.974593127927846,0.21553361367824012,2547244641.9066563,521,236
1.2368115360751057,21,86.34647312471898,0.19503524391000518,7.073122839354174,0.9513833591565812,29202.976717657424,494,219
26.8191768243083,32,107.88302550838998,0.0002686641314586354,2.2731953954816473,2.2575885258107484,2.0952228189459046,496,229
10.153547931997094,28,105.01241096835422,0.29839308076293874,7.7658260796425855,0.8593211287770114,5030.806550488811,477,200
71.06131398748235,19,101.70972168599077,0.05765622161041732,3.8675723279255556,1.1027668593770765,10954240296905.428,524,194
11.561402038293497,21,136.06374015520933,0.6851349657616986,2.624209044371783,2.1439647944161995,954535.9378244542,483,176
60.613501384543056,24,85.18457408142245,0.052717238294366656,10.544995062309297,3.0911455610936094,1027.626682144495,487,222
88.61936683995708,19,131.27485585417705,0.344418176244536,6.598162216522964,2.475817297884794,61220.745500786536,501,234
111.78761513094744,22,89.30198084139425,0.04179379519599553,4.016662015868762,0.5700743423577628,4135712.521120627,511,221
122.23942976563116,13,97.63781597359551,0.1402259892797245,5.059867388086405,0.9383045875962981,0.2833563945517478,509,217
50.58101609707298,29,92.77734635096576,0.6695855599366909,2.5301381704354178,0.9335651738960998,5240915206.557636,507,225
117.88078568059754,19,139.42783467365314,0.005588025356743137,3.082760216713313,0.5919171116387172,0.1235697839412812,500,219
18.011815486160323,24,99.0561813397159,0.033737671058296385,2.7943272797439316,3.153795523144196,607177.2363273207,494,212
99.3366315431771,22,85.12735824748098,0.39243659424808686,6.122920047641322,3.5078692932951916,322733.6432697579,498,217
73.62771903442008,25,93.69878493859642,0.09000628422144596,1.952823094843894,0.7663714071558583,0.0005492158100412702,494,204
2.8417491961367025,26,107.09523684594329,0.19395089217919767,1.894118838261929,2.490827400505308,48.42957124222239,516,187
125.88265612400582,25,100.57460455638318,0.19546032291208798,4.480289546404451,0.6108926548377339,2.4487476159002,483,207
65.08209843259083,22,79.93648839882898,0.5813993587391619,7.118737607486537,1.3756924716528633,8040576287.505419,499,259
139.5967042830736,27,93.42155688493645,0.4028550015027095,1.7097415351691283,1.1071125738682464,3913135812.331226,493,204
157.84533895153587,25,105.2076402773665,0.3098623136600964,7.232046088893383,2.6938811590388534,2717.5405751079506,522,209
70.98674713601537,26,100.4227557184407,0.11081535163593957,3.2481487361877104,0.04097960288156947,15079075354962.56,488,210
3.8396205563310053,18,83.77405993406636,0.48886226063317967,9.509641737930354,2.09280147776915,30503.2554492144,515,230
44.23565631094854,25,67.20462602041073,0.06500507332024061,0.835436895914858,1.3610239865237492,102549.0070392328,508,230
1.7545597485433686,20,93.11549562008851,0.010736139161378081,5.344617750050321,1.5739111719548966,453012010937.182,498,200
23.889615442592056,36,97.43952251082342,0.42395044584193703,13.13128940189953,0.5148356335586545,1.2337973607035622,485,201
16.79673682871064,25,145.7685789493964,0.6374518352593314,4.210195015921836,1.6166410586404716,1364641.3545295552,479,215
35.006093042203425,25,105.33398298741753,0.302848520922583,1.2546526085849912,1.2244240861899767,5.436879674143089,493,200
147.40253894297982,24,73.13593778163906,0.053515337715838995,6.461979349207725,2.121112028453876,1.3729096648592625,510,225
16.209352338905546,19,95.35258403864322,0.04072192056632984,8.685087506901292,1.4375559598534,138.65732837806667,481,213
54.8372644457383,22,88.42718553345853,0.5955272225805197,3.012923884874225,0.7521385722206632,39252.85688845002,452,209
454.775272954219,28,87.77546522221849,0.511589710232487,1.7794604807164096,3.3780879288036534,25388036.315908268,495,271
189.70154915034695,29,88.0494482847285,0.001528162409479645,2.445038543826068,2.114985203265098,78300.7581850003,509,201
12.595309035355568,26,77.66756069762548,0.0942203750997533,1.0846944814869355,2.440324907171313,0.004820114883640709,505,193
33.700889778582244,26,72.0982513384123,0.11165919426915233,2.4723525612505344,1.786672607999209,105528.14488786772,504,229
7.116667696875879,39,116.58889556161583,0.11985327174343248,0.48400413379751556,1.8326160240265186,12.185003932953812,490,220
114.09221428302033,10,117.87702546697253,0.2545911888111285,1.3736460286350938,1.7565469023816616,3380.3235148388426,518,201
95.87457837264178,18,86.16406918058993,0.0005562456070416511,3.297522893629251,0.8286446389252765,1400.045077266537,497,236
22.2600626670321,28,113.36889841148741,0.11617417755936414,6.3276424126258926,1.300971262321545,2170.1733301689214,499,244
183.10706683456735,24,108.5868993836577,0.14566166898293004,5.585071572794231,0.8624352982362196,0.3101424525461401,497,241
32.623208874626286,24,105.43956037187783,0.07080708446793445,1.7485739859188727,2.238644827934599,81828314.10139526,497,196
10.824609787242732,17,109.03300021871672,0.8455393816709643,6.929955089343858,0.40759357222373005,0.02044493230311506,505,213
30.454578192334047,24,122.19186075276444,0.8662237929213813,5.20813834526842,1.7743694945137176,629.6764999490757,496,232
292.35480816413826,27,129.3240722551224,0.0014176230957999286,9.012979459762617,2.666878095846301,9.129081245289232,519,229
65.79301791574701,25,111.97493816202747,0.1648051697292123,3.1574583982675026,0.42201852259179523,570.0295094251571,522,210
54.604846593829734,24,76.37506481666644,0.03438432569370752,7.411726156856024,3.2416264074381447,20747021.359082233,516,234
26.536573959709113,20,110.23711090546625,0.6182655213157349,2.8368436234931207,7.501906165368927,27798293.60059889,482,197
180.66555656903796,23,95.1661505611699,0.8584985324019401,2.8337191127944914,1.8922543179346534,6113.0056755109335,503,238
136.39410134587456,27,119.97316570826302,0.09341675107045055,5.83717716410516,1.1313833586037865,2.6691109417825065,503,211
3.7539316170557453,14,128.23648314100953,0.4647464384588751,5.967728928265772,6.471202672913145,144.05042768710194,492,231
115.02080122909952,14,87.37069024038894,0.00242794884085163,12.971635400022954,0.6911301190238708,0.19417787960089897,472,194
47.533286631300776,28,124.8310682735689,0.041209564800610915,3.8626516468628203,2.6512226867131132,143.08554175170363,503,208
124.12908306178203,26,65.79339967246652,0.14334206194829446,2.517744659759314,0.7843131126934446,3.3589701663728926,478,201
25.072332941075963,24,74.61642297791724,0.00022511431663020025,6.2668814611001675,6.091812581595999,236.4289900534969,514,221
198.83338279762128,25,128.81365563213458,0.6651221613014441,8.208736289533736,2.257563755009377,36454.05609741246,507,226
313.3337084197767,28,90.32566857234222,0.006330865575428794,6.210229036574507,4.250544845669799,1678.6063258841236,476,249
34.492828008849166,23,109.7983705247032,0.677263468395318,3.117505407048138,1.4315967420005071,0.021262578993221128,499,262
264.53633386062444,23,113.4435120827092,0.01620424946174484,1.1220897203833096,2.4335392357073355,23.609639377701136,511,206
14.948195696753583,20,92.48765674058323,0.01919264856520095,4.871416901218002,2.778435657057467,10503.800960325625,497,216
43.51713373016046,17,94.78024619640406,0.19125945234444666,4.308927706304322,1.695846703939633,0.033034608161362354,513,204
6.711313078599991,21,142.500470075769,0.21983407339804784,4.799203604977375,1.044996194261216,5617.978382117201,492,201
3.3021532043960384,22,127.61351587626825,0.4109006090546204,7.745472895444967,0.40838537881282355,7.243422177372133,501,189
29.768816073281553,24,96.48638570027524,0.32532498937024024,5.928102750767232,0.9632858272184612,106.66159625187925,482,214
140.06114330250895,24,82.88618262484533,0.3897659723199841,2.420334903821418,1.9141065550445995,11092.966018505684,495,224
116.75987385503332,24,86.36824180778794,0.011215265341400603,5.576864665688415,0.9769295938905903,29660.373935005064,501,188
166.45825480134062,20,59.97229991945903,0.16680576293175936,1.8661023796603313,1.3440024600795561,2.657287881011182e-09,496,205
92.91255061360711,24,85.94885492003326,0.15194927548327647,3.2856773828506918,0.9914815999175244,4.001167999677082,513,214
130.08655756003284,17,110.68557090409264,0.16207223325333575,7.3452823649236745,1.5327461729821357,84073.57808662178,532,257
141.74320443858807,24,105.72718925921065,0.0035386038356660975,8.543233962465271,2.20577099043157,693335172.6171756,481,198
106.680104850131,25,72.93322550243118,0.9497084891417826,6.296663763816825,3.184825889898511,7.870007416152916e-06,526,219
0.17885490097956225,20,104.89428369156498,0.009816741565655164,4.634183522329856,2.153611682891653,1.2563497398999914e-05,512,236
71.8089629056233,25,114.79633143507158,0.5951651569000567,2.7364231157364127,0.4512036429889537,18543467.298291918,504,189
85.61410867099698,19,97.04894559007498,0.4746448870824989,1.4079285669182988,1.9970960671363123,83.80526688183039,495,218
125.0446565611776,24,127.37993125236467,0.06755097767706765,5.014070767871532,1.530954980396496,5479553.86230476,480,220
7.5226639328882365,21,117.91302164456056,0.5007513520705265,6.031935382890253,0.6712305648691396,2.240624848536843,469,185
36.212021509387846,24,126.85541664794249,0.021636309507209114,12.13518935794335,0.6202264669152135,71989868671.70207,518,228
10.531030480584006,21,85.69810069223672,0.12889509640267316,7.616250369545589,0.3733680720849646,26286519.38266729,488,232
108.46549080848796,16,90.5932724464144,0.13852235630088042,4.028614812541812,4.005930335348259,223.53485882141808,529,240
14.967144385208117,20,81.20652080469301,0.01222239765184779,1.7353850853040977,0.4908259845177046,5296008.90330582,510,194
169.85753325511303,18,108.84507271383782,0.6326164126059837,4.551809522580599,1.807328661950736,82610.36523069703,499,188
429.97374695233106,32,98.36152917393088,0.20175307005179607,7.107182693108503,4.311728036856281,8521.38477088933,491,228
187.35338832861638,20,66.64335429544468,0.020781255497123653,3.8065324896343875,0.08309491076245844,7.664409020479248e-05,496,240
108.51553106235296,22,146.02308086714964,0.22168883648049315,3.8054836545932638,2.0676853262834944,7133021.055609646,485,205
40.633189924925695,29,118.61404702335203,0.38910462525374373,6.454585058205437,0.4247371570643192,931.1081908944897,500,224
86.36309118722839,22,95.49393671426819,0.018851334765898724,6.113703380586445,1.4274249234055256,20436.453905689996,504,187
17.360713540288543,26,80.56972714861406,0.08017122296076035,4.916464991079996,1.5240391141349927,535181908.61165994,516,206
204.65720314496133,24,104.59886916404206,0.10010885944780004,5.761731313767166,2.87118625311516,481365540.2229428,497,203
4.18496864853761,13,66.164177013639,0.604940402333273,2.3483758232196528,1.967826453288912,407960.858843902,504,192
59.65696861855646,27,102.63727557838253,0.28139563266461337,3.268713250300197,0.9698101138300291,13322813274.336315,511,215
91.149079196104,23,117.0182224559749,0.14409751612845087,2.0584993915074206,0.438815074472145,905.3927561848984,484,246
29.716141073176942,33,82.71121271875533,0.2443368505717332,2.6309257033833733,1.8821322389702186,55909.94682339078,512,241
20.497525660784927,25,103.18296775107673,0.41646376780312877,1.8345356133700725,3.9881072065747247,2.0443873045398715,475,199
250.7518206448415,24,94.128647468637,0.12300212637758741,1.7034381314814036,3.8881296388962117,1132095.2171619136,515,216
79.27111731044157,28,79.82182310724333,0.5168570832554977,4.376321676784195,2.535976084103903,141399591992794.88,495,222
44.78499151669183,14,97.3164050138157,0.10498622573860723,4.05188711685856,1.2760371270681026,283701268.2385305,491,236
189.25949868180209,11,128.92246677015083,0.38553430853133763,3.7604667824441895,1.5757708286623648,54548.661981964084,502,230
10.049662667290212,24,92.88668212930864,0.013698444793884395,5.040857709669209,0.8355708445445136,140589505392567.8,484,235
109.46234743160277,27,108.19941773552567,0.09009580906828775,8.545054168017014,8.340921506762314,743.6384014220931,502,241
164.2966864824591,17,104.20871445692154,0.2959786885451049,2.3968282852515377,1.3142769373953491,0.013707859930101377,474,206
64.4356950993363,28,93.79199406364992,0.024505713555523556,5.039206868543345,0.45503511339345476,1204.046580063372,505,204
56.132623476149135,31,118.93635387855008,0.8016105929875466,2.500708128734885,3.2043814422680725,295919.85977943084,508,222
24.39808680236741,24,68.69527742693518,0.7438944336455753,6.806072044701721,2.695712057756569,0.00011973077368565216,504,214
324.5486724227916,18,108.15184130011453,0.005593772721773324,8.483430868555658,1.1647705246304654,33657519949.765514,500,216
172.17524400517775,36,81.7035804228104,0.769257578181187,5.338438471042062,0.6689847667735861,0.0004416425746970046,532,234
125.06755004673944,19,102.40301012055178,0.5398519301277754,3.491173005244733,4.86659832765016,60608.80655387981,492,199
159.4816770193492,27,99.54326232840306,0.89011511226263,2.3210224920186104,3.2461488356012675,115985.64232693508,488,210
234.5166805837345,26,114.05706440404886,0.41867683956152685,3.1212797160152586,3.2573861751796547,25.8688758899705,504,199
62.64741079994259,28,92.78559976763066,0.008663675433680046,3.092245941081627,1.1742667289209487,864084510.2890164,498,200
287.65407740883325,32,127.87527975847281,0.029369293585098932,1.2905679676486002,4.66449738504618,209.28334320501335,517,182
71.40767522156172,25,119.91665258800087,0.04291347623741465,9.345779068624653,2.2068160043345175,0.00039603286730779307,496,222
214.01447995897877,28,81.78309895935674,6.166108251627847e-05,5.616389009754741,2.1267667540206205,393054.67379121366,504,210
16.789570826390275,19,102.5225046795085,0.21620548295681202,4.70630425358457,2.5306453309078623,24.33752541503825,511,190
29.373462118555715,28,73.58043854338675,0.3597148185649481,3.1806952626903464,6.189690971610952,590.7486695291565,512,200
86.68476358019119,29,116.43469497518659,0.25070246302193383,7.165656359863694,4.394280314800561,0.012179177372463289,520,214
146.86271818215852,29,91.25423333337409,0.19653807773365858,10.037352937842575,0.79459148996825,0.00012419237440251658,527,219
95.67266168083898,29,110.9190104010648,0.44599416144528004,8.568062145821582,5.284530242048845,0.010118953831882042,508,211
216.50072140643547,23,102.7080514294591,0.6796958550063658,5.3346720404603865,1.0064542171690427,27.73233401801598,508,240
14.926092626079404,23,96.2607704589376,0.003573692194447108,0.7182062379730957,1.4363709759000525,13.301817777191495,489,211
51.41085538538338,20,133.4483881154493,0.028210773779828363,5.396299237876453,2.2398205590514646,3149.8088420711174,515,217
85.99881108563154,20,79.24208366141477,0.6632407994414525,6.1728731090370115,1.0998073001349917,70.0856417267403,502,198
339.9998937083472,23,116.54452310234723,0.05691387679501226,4.546820532760343,0.3181356112197682,9838794.284146618,487,226
88.01787322114008,36,83.19297848832827,0.03470702336616512,12.777659888039226,1.7779618064770817,1.8009547424561542e-05,501,215
102.19509915312233,25,83.49632512698233,0.07992897594355655,5.980261513260343,6.202248441826508,5577.400865384181,534,234
41.75221415568588,24,118.8045079395858,0.013256295369409105,3.607259785184098,0.5262677889062649,0.07769743513636504,478,210
132.70828242602647,25,89.12423691216918,0.4986020218511027,0.33238694980794065,3.5663329747052916,6064540.647113274,503,194
221.08718860169216,22,116.16641029918036,0.23068595530476566,6.905698624428986,3.809673243919823,2709.7684986476725,522,204
427.23544561450524,25,112.9598463904921,0.1844380316924796,7.012001685717469,2.0727795316029787,20305.3474706024,484,222
212.68300578524406,21,90.78607690417454,0.12232841850917393,7.9776811408572765,3.3098997925109663,614.7095832308306,492,226
125.21401503677964,24,111.35061813875312,0.007860348536862297,9.00975569714428,2.6906050703256033,152.53476339550295,502,206
37.937560658055524,24,88.30635124520313,0.5217981660108001,4.2826590045123725,3.304367225304909,324059.3434750543,502,201
134.63176010397672,16,94.03383741645185,0.8269497072522878,3.5630436166126613,1.0461791783586185,3467569617.391029,524,208
29.5415485783242,22,111.00296920637321,0.271105312322152,5.704875253568028,1.323366431528233,100508008809.46327,514,171
0.7780310510726873,24,114.56574772624437,0.8649568444164425,0.575909196263346,3.569379751401589,693191918085.7344,496,199
71.48521669101807,20,122.15653452166302,0.046322930496118186,5.570018823825715,3.7120391922602822,0.0010860412411739207,501,213
78.77115051084824,17,115.10687894231472,0.09001359169944856,2.4102220023181937,3.6229521540348384,159.25970588950713,503,228
11.907784932206198,22,106.66869606589557,0.05057624453340636,2.4637713859546104,2.631515730333986,0.796047730822459,511,208
6.206248841696778,23,99.37372728364645,0.08776440913690538,3.212706696483739,1.5108992736764364,49027.385882918104,509,183
295.6178860829735,29,64.5095147303436,0.12746058446467273,3.8526979256614733,4.685469932150713,1721.1929539647044,469,233
132.29831313899874,23,142.94454164700534,0.1876570480015462,5.442583526142938,0.9288078072003497,6668269.440673959,531,216
122.30272497551205,26,120.07673254248701,2.104674690726523e-05,4.298509331955126,0.6083792596977641,243206.90819404254,525,198
24.384901866891187,23,76.49056188170152,0.294442768384038,1.6961756058483024,1.2714703952470583,3371835.6819676585,510,251
92.18709970987685,25,83.99161767520455,0.038803616319698635,2.1436864922519425,2.6415972687864513,6311975.357347348,527,219
582.4912194853493,25,43.27445715400299,0.0152307772552364,4.932534611902615,1.5126748746473426,7962.427534486473,502,178
26.704569588135126,23,92.76819838513651,0.13783353351886457,1.664277479936903,3.004364284169438,0.06415588843319671,481,201
14.045807583373751,18,86.18530501407369,0.01804142457686488,3.7524416160385514,3.304438909739999,2604074.1351054297,501,233
16.022668557231643,29,131.92622922166646,0.028138888201916953,4.231505637385194,1.9671085126533088,27960.220885977327,515,227
119.75217928826589,28,112.63234727285268,0.4903778160575038,2.274144718547563,0.34331593617014045,82271.77045645664,497,196
65.11998608867998,25,128.19048470910167,0.0013616557343687915,2.382951752844742,0.7519816731287965,4504358.382330682,497,197
27.4881668178897,22,103.83631365894323,0.002337841683090273,5.424174762353989,8.723522720256188,105317.09648109408,497,210
157.78510029157377,29,129.36129426826008,0.9484391670766498,13.411523242611839,2.441375080707353,2.1103452309436515,488,206
316.5066109054335,19,106.05875131550786,0.005620364931081622,1.5512394596952153,1.6852348021725794,10049.014847812023,482,220
89.30032467187887,27,95.22348408404986,0.16970223141192306,1.35130264535439,0.23442661039713875,0.022411424120863572,485,217
60.94480703545797,20,100.68760822165343,0.24588768366951594,8.595605902005037,1.8817017143684427,15566446.284012938,501,194
3.326421344493514,31,106.17173869346487,0.013050325346606474,4.890044853717937,0.6947511083604035,0.00051517515878984,478,236
145.8312572825147,28,102.2678585604246,0.013348257985047574,5.02510578588751,0.5821909183278714,18.930738502044786,509,228
373.1914572430448,19,82.36186202345266,0.01906496334199479,5.3345633061340605,0.6957539057848748,0.07626655284001876,494,217
170.04074886681917,29,141.114548143749,0.044659650330883635,3.904443665707232,3.252699439835992,11659260499.432209,507,198
67.98942204088893,18,75.58101743349998,0.3568697546481514,6.162080589021994,1.1349349165407692,8005.950468759772,503,219
13.502521922011459,32,86.74880710157137,0.29069661055226526,1.5500855536224132,1.1104867554795252,0.11126832002195337,500,224
3.505196540664065,22,96.00966349658437,0.12313025916627325,2.6036076817885774,0.7648352198251146,92924.44659894414,493,205
127.30451699243584,24,89.27223729667611,0.49911297740951416,1.8963895870985408,1.8440238487791365,2537510.82386644,507,216
187.4313217911798,20,77.60595802620833,0.12407286359620535,4.968934212404096,2.7197903053577903,2293881.8359880294,483,211
105.26437828209964,23,115.36345515916497,0.13453263595359904,4.768965390286919,1.0992868086482268,8.30343715430666,498,249
63.22858706713808,27,106.5813195105022,0.2749839112346783,4.194785467997471,1.0153232408738975,42452.408440982996,519,217
83.92241311840864,30,89.97533918015345,0.009579309255669912,3.2921625163430925,3.2545841545891725,0.39504262588257527,496,221
324.8496836468864,19,105.30880941508735,0.1447662635563997,5.005091554962059,1.1187722350346105,0.009150606605028368,498,199
192.52165075629628,19,126.24225351133867,0.007574804224263768,4.1907325290350865,1.3886121343260067,1961013.4860659614,503,224
37.1934951813057,22,109.84013486020136,0.2251943641180296,2.0691525502295187,1.64838168627471,5727.1481011971055,469,187
8.632862904833413,29,90.59069780180063,0.27510667031294883,12.420664196024596,1.5732259757640585,0.2475629008839617,516,228
13.841251261470633,21,85.27493666841428,0.04192525619651297,2.292218951535367,0.3161934832717703,13038970762975.639,501,198
64.72195246395293,25,87.43838420736618,0.6244381313184714,6.655188061247944,2.127270159470787,1001.1494337705185,503,203
2.144325475345996,17,115.45736473476938,0.06309839283312225,6.885962746494816,0.6560113455327954,4127011.7943206206,481,202
20.350042864992066,20,121.72681688541151,0.028195225122229644,4.7187302179834045,1.0511921643783804,1.567791886620652,499,199
14.028764311647704,25,123.11610707159389,0.5995329678544502,6.227015353508315,2.784161031188336,70126.17635421333,486,206
172.56739872825938,22,122.79241154200606,0.02232138715490068,5.439408739356989,3.55670813179459,1.9451459134122826,501,214
60.55346241772589,22,79.48664746287032,0.39855661016330135,5.09570313499302,6.0557107942149395,5423.027734387693,517,228
121.26939988808098,22,34.587212323112084,0.3689989312025672,1.1557688228326288,0.7336355232967026,2408.982162779101,521,199
201.37831437763344,27,57.32767864894251,0.3238019651502179,4.875590463070035,1.091807774824829,287.79166550216536,486,195
51.285487503486735,21,106.60750964708159,0.9698158128177865,5.802568629922244,2.5436339531686367,2941696.5000971816,492,202
24.258120092938547,24,74.27763003707346,0.27302861370026443,5.669557866929319,1.2494423978828748,182578.56458357646,474,206
151.50437160545061,23,109.09031501982777,0.3059392493749447,6.358054998309664,0.7066694712483952,1.856419325104116,497,228
38.57915461170583,31,88.2724991580948,0.30295950632529006,10.154355566154354,1.4179432443775755,406.2445612859127,484,228
226.73171682046842,27,110.90720039264556,0.0036024046861459465,1.7018653550753196,1.5311503813994427,1029.6327084175878,518,187
68.31039504344562,18,115.49862036999177,0.0008834760983803008,4.630190367790721,3.2202410571933076,1292346.234264355,503,219
6.5777938299237855,20,87.12068968161662,0.056854960158920186,10.040590122055013,3.08830960600811,0.9932396726185879,491,192
139.3312441347288,14,124.69709050853038,0.013251266607608671,1.3013260356068463,2.665033612312446,164.89822293104305,506,194
63.15644870627257,20,124.44028592571304,0.017553927137219174,2.8172286182137642,0.24152585487291087,156.21595042074077,497,258
83.03160159279057,22,83.86666008091656,0.6163749785339283,4.919298416552768,0.9998094422988374,0.09498785239081031,516,215
105.34866717105574,20,62.43885351961445,0.46923598906223635,8.62258801848577,4.4177923459551565,0.004678735277967577,482,221
198.46802612901078,18,103.48252925894239,0.31529460362438405,4.935533814394706,2.6749807836963786,4767.509713015622,511,208
65.57739932632339,32,109.08947450824554,0.0006977271324473043,5.662736021927636,0.8629782905437491,849224918.5684545,506,208
6.228305285680269,12,85.12164061129414,0.2664531174865767,5.58474852038966,1.2286006171031663,13906885628580.717,499,216
62.44683498544431,17,131.53421124487116,0.00020489164121447064,2.991907976515752,1.5671430089690817,0.009975066733452984,511,217
58.956757182497995,23,108.86723312667803,0.5953710328532773,2.692146185940534,5.480071947601169,611.5585065244644,488,231
52.404403928488364,26,84.35990876310217,0.1978690309263317,2.8594513746434074,2.61185913966513,13318396.632728316,510,218
34.98658806289032,15,127.5018662730917,0.00017670382681042666,3.0450928813988405,1.6354469877362037,0.5106959709006211,500,213
191.87363097598353,18,123.51558678810292,0.036914850289884144,2.508190057803976,2.034225007869138,10100.788225387212,506,214
149.18271253306062,25,129.35001545555946,0.29976199277727483,11.519105161084006,0.566003883811798,908.7968210133001,473,214
2.6926026735854416,25,111.9835705193794,0.0240635832441431,4.501011908493799,2.2646558283138347,5166783925.626158,496,205
138.95124728652513,23,139.32623675087132,0.06442924408270513,9.668369175103093,1.6304773667372374,4015.291753498293,494,214
39.83220063067249,24,84.07018054460102,0.03913208150659964,2.2673535721082394,3.8330185598159523,61.67787369617878,509,247
55.5652576085829,22,82.83102219537783,0.058042270015489186,12.509547667267393,1.6439169776334346,39.67438766258649,522,245
29.892601403022024,16,115.85611226701378,0.009008153639647196,6.996553961448628,0.5290866598882414,286137057.26285434,479,209
163.24245473561118,22,98.64560064374847,0.29030287423501694,8.250268977543621,3.421165550569032,1.4043049924007578,499,211
159.4549076459336,21,154.7202833941948,0.0675315842068465,7.0267479835986295,1.165094396867362,1.0581227240731692,511,236
28.858307965675863,24,96.70182535371714,0.247284656117408,3.5180349238726896,1.9153676226243836,4857.83609405452,491,260
33.78806400422221,24,103.24589863200258,0.0006081258658725401,4.42513847600361,0.4012114952708759,10734826635.400032,521,195
6.727612388404726,19,99.36056285616333,0.2983911556920816,1.2476907389878729,0.7305057878835267,0.07974739688902793,501,218
107.2604505345605,20,101.4220045723114,0.2998905106524114,8.029495388106108,2.710581046058497,1085463.0200828877,507,247
101.2302029129988,20,85.34715849109497,0.5170523696514762,8.91582051695014,2.1571968680870452,0.2171785353949452,475,201
1.385368733659557,28,86.52627665497661,0.12326882144304446,3.495951110404913,2.657267373036621,104.73177584422439,488,217
62.70556456322126,22,126.86348838736592,0.18238166809610673,9.218526495813755,1.2005813988808458,91.80820254333338,527,229
26.36726801700845,26,97.9966271277454,0.04317628760298704,3.598425632864091,2.138274721692411,682.3186069063337,511,229
611.8544244942746,22,92.96785272809569,0.5653027281208514,2.5024003914859043,1.1932154864623574,2601400782.869963,517,218
13.11393535693317,27,79.92767494153489,0.1374311580127835,4.559096471050807,0.856526114069728,0.024067618935163355,508,205
145.18756775831673,21,97.49400465291953,0.2515742347540518,2.914533785582695,1.5211397528891257,3.5630165874115374e-07,517,233
84.89675233778577,14,105.78945710191408,0.18256365638688662,4.698790698704049,5.073530774952019,0.009828919961902943,523,246
76.26381316871435,29,89.41565687978962,0.7507453895636457,8.837402085402074,0.38182248326930585,3.7440111940373426,506,204
62.595570193819896,22,110.39103310823972,0.14571546163210308,5.268180231335615,0.395031766948264,12994612.059119087,484,213
80.36675331149608,18,110.59752553578738,0.7400407336928526,5.579106318423162,0.48115560017728404,1316.8489928240429,507,229
1.4571815532392243,32,96.1068542186823,0.5094115571075062,4.666224156022079,3.6234401548265947,14.67507439771446,503,250
7.864458964258373,13,123.22494911747954,0.0017195233991345502,3.0432496157117392,2.6134203917007435,1.6820649337348883e-08,503,200
375.18676356297414,29,84.67923259450184,0.009410757644552445,10.879637856808092,1.1860500373868876,0.14253544945321972,505,214
45.68338724689837,30,118.67697248467985,0.3352725261328141,3.555009660358459,0.6680394228831044,1132867.833200455,496,196
6.072001159408299,20,73.0940548226617,0.2581649195451558,2.4513896364526655,1.1826575931664172,1101565421.4999719,492,250
18.836933376311883,19,120.0598429923246,0.1250807773913021,1.667767103911366,2.472509877962639,94427679073.33705,512,212
64.38148174744511,19,104.6483904202512,0.007091796292493433,1.8510472703687744,1.0671404968101648,1539594145610.6648,502,217
426.6894526326938,29,97.13517195331842,0.00677474365269532,2.756484875113246,4.736918444817732,1447961.4780528308,472,175
38.994161184597125,26,93.83291849255595,0.3701187235214203,9.782077383109426,5.928445074484469,17896914.95442296,497,189
103.9378963385812,24,68.3482853605067,0.040281176834707534,4.0445390603636895,2.9751961741551534,113726.77577811938,480,208
318.53496425503545,27,106.94115853589084,0.022559198118315516,6.412687395102547,3.0001145226162937,113211292.18298538,473,233
197.2823690868277,27,146.39560280974493,0.11462974861787564,3.362956773902684,1.3955499160591838,1404144.7991258255,492,180
82.4709183851207,22,100.68110873268743,0.08409311195657261,6.096674616551744,3.048401910274177,0.2056868167080794,527,204
384.12424652679505,27,111.13049451753852,0.24843432824004927,7.777641383953526,0.0995528496501453,148296.9104748454,502,244
95.73872185902,25,114.75792269293521,0.5395970306096368,10.09188422059976,1.2676964051375705,65.22552752206461,497,254
31.305892606130875,26,102.59620649723662,0.0018971029691125284,4.728269555134253,4.448982650123011,173615260.8470787,469,200
164.0566862373978,22,91.16607890561542,0.6073570016784983,5.320692247669442,1.396312178371055,6780.685492806372,485,255
41.51373821283571,24,118.71466908679788,0.8269844246869208,5.039732928192427,1.5676131590765465,527.683433683809,502,230
16.080350033862235,22,74.21223923860211,0.3496509629252679,8.479480577019034,0.5569492571696892,29186454.282520108,496,212
11.458027684569553,18,140.96310082045704,0.04831623389012055,3.397276325427588,0.9226038810209538,107547.50468583415,468,226
197.76127422914615,24,69.25236482526662,0.27592680578595163,10.309467107077658,5.026653251354442,1999269.301826781,498,243
5.119605543780029,28,112.41516019599224,0.13824778888819295,3.993833388213727,4.179827696382735,20325620.590993855,485,214
108.03618808631184,22,93.4662674471481,0.4589409293977485,5.768032945537118,4.975427121461967,401.5382593844983,496,210
134.10229595401054,32,112.34069685690673,0.007158736381607018,4.233102517887364,0.4304853431281719,257236.76470314522,510,224
24.82023067309074,17,145.58213374715626,0.15616864071451964,5.313044023926139,0.3739520171708718,423.5975979956279,500,208
143.36561794209354,21,137.2370508325314,0.44034549656744687,2.3821325437073098,1.696107264634256,4145.642172705418,471,191
51.42627506499914,23,114.80136289136594,0.2872869494536977,3.6535507005069907,2.8821363102920423,0.0042406265051130945,531,208
345.19039610091033,20,72.37396808157268,0.23413054518298174,5.053325207115557,0.7968699372882927,14722138.733158356,491,201
218.5417093572664,22,110.389820050684,0.47367492435557795,4.288625641857202,2.612602070131272,30.904709953164033,477,214
49.58886476284678,37,69.397458057353,0.577798734181919,3.5267463271362267,0.7575378033563277,11.983852546112418,499,227
18.92373545692335,25,80.92469423451833,0.28008320110886753,7.784297809944584,1.4628747561424231,0.017220642607617253,511,243
286.33101573065926,18,118.04058716918617,0.10016711710908252,1.4001673904499266,1.5793838207085402,130601.52983659957,507,245
33.59203821062058,33,93.11666735779126,0.024260470394910416,4.300190436535565,2.068516545433775,1382.2511415346341,533,215
23.3043495115938,25,109.78078299399417,0.2174870655423961,2.288417185031688,0.6970983027550092,4.612336199520027e-05,479,234
407.13327090613484,18,102.87643013553301,0.04066197189981756,1.8994186997028888,0.6792349237674163,25782999.247064553,470,206
2.506694876822465,20,86.55690536552257,0.09354508494855289,6.224051220758303,4.55429736638628,276728793.2052139,509,246
236.77089185778203,26,68.67435213279026,0.8809488371989858,1.7482520056381552,2.1928685837125195,2515234198.7964573,514,221
121.51242032676568,31,119.89913379610215,0.33552813797990627,4.345626070957522,6.023554945269543,28.433658030601958,496,251
13.009982079505155,26,85.55388490260198,0.35533694242490926,2.487876257409246,1.3876770918658663,0.0011071571702135992,498,171
143.02011763664075,23,90.30209520582235,0.22858074033885634,1.9363096713445085,1.4751883634566163,17.141154978297262,504,208
5.944247242923314,18,145.5055192867809,0.8034698365255827,6.144709541522051,0.7993286693583476,83227323.63226378,511,208
299.9700404359234,25,86.71805213600818,0.28083163577565456,5.196628667132015,3.336699197848283,8.303128401507843,497,209
1.675322723219623,15,102.72699395143059,0.45699892454394025,9.173145686456325,0.7221340651800954,440.019357091204,510,237
49.23243351157002,20,89.06361814337882,0.17000581186172367,6.301744883714981,2.5403932324257066,29128863626.240604,466,192
18.98850598292033,15,111.41559142210149,0.00024269941507970905,4.347513984424936,2.0799862279958643,552939327.1518327,506,203
50.07478053500418,30,113.47081680552773,0.019011730499813043,3.8606506032787613,0.5632108662870476,987188.8088383427,494,241
111.4828790806972,30,97.95315424552358,0.01607735482444316,12.206739567887151,0.5503670240998964,8156.903440436109,522,221
26.04781753475646,23,73.90489809181545,0.035930863863437704,1.8983650947171167,1.940167891024126,15793798.07256465,502,203
6.205119552236545,25,93.31017685150394,0.0057248041465024786,3.6561522040838734,3.6284600822361655,0.031044197046660643,493,248
442.34762445945535,24,99.26405079445107,0.15598421287547987,3.5305244359826875,1.1975614054706116,23400604.047408488,510,220
78.47553234366677,35,114.19935636292062,0.4353744037906324,8.239733064399397,1.6592286558474836,0.16101016364792087,497,183
104.50365198506104,31,101.73347954132983,0.340455890573445,6.5073712763161575,0.31014734741402095,311621.50024299824,513,201
23.82414003331752,19,104.60472599680642,0.690917979257273,8.220306014820531,2.2506438752117104,338.14232675329725,504,219
71.40289391194152,22,82.45044580710295,0.08618581687667644,3.4519954063177747,1.9888577589771048,38.65796376294927,473,218
7.896998137974583,28,125.24869244377363,0.5624397656970234,3.2361269667357857,1.1105968943774056,240427801.34315225,481,218
62.412522608975465,25,58.77438640432979,0.6459598006711519,7.860054272252831,0.7425565547906448,2943475735.4672065,494,198
14.739670018212445,26,122.25803957207552,0.0332096955369906,2.246222806571148,0.480148683417825,8089101.5258535165,474,216
176.76788606080964,26,90.1985837673821,0.07547839340287553,4.779372235595369,0.6907752820635252,336389.5907547731,504,229
60.36546087805359,28,128.5779443569295,0.4142591011546928,8.432971552574916,1.124652673631743,29862787.349690568,479,196
42.76069250176851,28,140.80492866686,0.6662855514859193,1.6622942792081397,0.6491800222391574,1.8334823410340225e-05,520,219
18.73127037235312,27,47.25118671731277,0.4545726533967336,3.8866974147531543,2.3392069137737828,5207.1722438374545,504,199
167.16412995653533,24,94.42312377669639,0.28733633279100224,3.858514532291738,0.9240272548251693,0.0031728287611089,486,211
64.90570158447211,24,99.630762690601,0.6520103378000991,1.7569558147026532,8.403020216818463,6696.858947381316,515,204
0.4427977776716701,28,91.68830000088313,0.08512047210927917,3.334882806692918,0.39471586511288886,11760.279930083387,485,219
91.12240691827186,25,82.2119391093168,0.1834335308252381,1.4597334791975283,1.5023042658186454,4677299.9320165785,503,228
105.36769492148046,28,106.7268172242686,0.10311182771746946,0.7530104938488452,1.1593603494490008,32296550.46450307,489,242
50.80753090494162,26,131.23352115241815,0.17828769495112248,2.339388705789406,1.50625582119285,3.6650553645272033,486,222
120.20544866122384,17,103.59641279615552,0.07626255901607716,4.525869934526769,0.9683928152866763,749.3892465951193,489,195
32.991475168529696,24,111.93484520777822,0.09789312610785335,4.680808363920395,4.592165968891368,50036691.02540639,504,191
4.3894832211305905,27,108.37844324155694,0.524870084738686,9.59298767600201,2.8160863305992208,5.527722911221581e-05,493,228
111.15289173633455,26,84.54115697598999,0.018733634524958714,5.045802017706778,3.6155935452113908,226468.79939300034,537,213
397.7139492916107,24,119.76639562878317,0.14434619973669807,6.7288369722235215,0.9001741934396489,313.1977532831201,497,211
6.410809106792967,19,70.75921210458009,0.021147416510599704,2.1537912930664054,3.1831186472800606,50.064837554802665,523,208
165.08344097206157,22,103.05936791002016,0.45383844104517956,4.31662988277999,1.7667590904461514,115.31826030592255,482,174
109.74455490390962,19,96.00895067782773,0.14809008216455694,8.299127195849131,0.8579841058918196,3040677.426148724,512,206
69.63839006203158,25,80.83794941044654,0.388311731230382,5.120680456889801,2.85330928665268,3580050154711.0034,474,226
241.29451561802333,28,74.0001352676291,0.037536071410214,4.041857499608243,1.529696858794432,291155.2455934734,490,209
65.790033243615,21,108.16751140184482,0.00017567012891809577,3.284358474752711,0.6614324882956615,5.380660293477343e-06,515,205
92.74235165353075,30,115.45788934151521,0.33421352021561573,1.8031444466826956,4.460941980669048,8.795786509618752,500,196
30.42226500833311,30,93.6974336979004,0.10989554990763525,2.796865148598506,1.6815302956662204,286447.9278230165,537,206
37.05164154926279,24,60.25669941833118,0.15069034428857792,10.26663834058312,0.8467913234774515,492362644.7080339,499,205
195.36586208661708,25,102.94510281093216,0.46548130463668536,1.5463747774002214,2.014455794958131,0.0340222497975871,498,191
12.7646486857228,20,113.77354508307431,0.354343909289641,5.932434174684402,1.1549383215175189,0.044274110910427704,495,207
127.89203937414942,22,96.72854388195897,0.04618462412523575,6.579756990445854,1.2342688964748054,0.3916297313094159,522,194
194.6618805876683,19,112.54828708820871,0.1467607256745188,0.7264815570910876,1.3248918063418076,0.002456464871367597,487,206
51.32390174852301,21,79.73143530983694,0.7584218597143868,3.9600843637843903,1.705531083485846,315.8906984344702,488,220
17.79879453383008,21,121.25176698742106,0.007562695561426212,4.000898230782287,1.189098254268441,157437818.88048136,501,213
129.20678451798685,22,119.67703713065791,0.31441804070634394,3.56319656582628,2.285064072964644,183.9394549804583,459,179
45.373250872990944,26,71.06328925377929,0.020384641760496598,1.7860447724831392,0.8915928399530453,9093899280.77666,524,204
193.022253691318,16,85.53192683148174,0.5272865664413535,3.2109452025049046,1.5999903601572716,29.7726710481936,497,195
79.1009727722857,34,91.16438000772125,0.48861853932288063,4.659993409776865,2.379798265984565,886163.2191028732,497,213
241.35228363994656,31,92.04684974022636,0.7261233715900803,3.774785570447687,0.3175106297773664,13.465930731799421,503,228
2.505879925334335,28,113.95230164691075,0.39337099868102116,9.220157003457565,2.444480340216412,811325.6143629013,522,232
73.39621682990447,24,78.21111507374417,0.008128978624841679,6.995235249529079,0.20380312974767048,1241.700388934659,512,224
60.78740506982896,17,99.57626176208647,0.698575289078428,2.4063263068406004,1.1279077214576194,1.2514004082389083,500,185
74.22906268155252,23,101.65986584303067,0.16308667230576004,7.944728664287202,3.582770429916516,6793982304399.966,491,255
34.98817437529135,24,104.83304507052294,0.2330258617107805,19.878582739126635,1.1763768985305905,1268.398893110278,507,203
24.84253190252763,21,103.24225727021778,0.3275873537280706,5.322050923023912,3.600091069677962,584.7411102721716,503,216
14.657183292816528,19,76.27443508290966,0.7835482017441013,7.7762605257244175,1.114832885135051,39322865.84968551,482,213
36.617341667077724,24,155.6503952653368,0.23169850121128643,3.7382356842576705,0.8968273977758433,0.0007069723508151508,487,214
66.19106130530842,27,105.3210026442846,0.07498555833919307,3.5352321973083582,4.969036727466273,88574.71000953163,512,216
128.4049243004081,26,99.18293739589282,0.10361570825005932,4.8746683564984,1.908168350069853,777794.6238866595,495,211
186.8395500650115,23,131.02289964195705,0.14783153689764117,3.9511102157514486,0.42150952835529926,28341.688528863502,504,192
7.360681019848675,24,99.09398591110126,0.17733943195753546,4.461412445531661,0.33443451070586105,60016.884012480696,479,200
15.733381361748497,22,105.10248591097364,0.19059374354522038,3.4737986733197888,3.017978592661549,64302.30215137847,500,230
62.05112696067846,21,79.43406433649764,0.21330842421007742,6.832008887063928,1.7468355558835245,8.765798966752023,496,213
41.730633244604384,24,110.69824498132893,0.12913441763796168,2.7019226944824273,1.453309130480645,549022310824221.2,518,228
142.24037792665877,24,87.36100015901077,0.1796362038090179,5.172527187017109,1.8320246819029251,124.27975762912457,487,194
64.92768875124311,17,85.07699337223941,0.0026299211231469357,3.7616030936888114,2.0899972888883567,17284.049332105475,494,203
8.453376269969512,16,93.32220449574874,0.07671337317738369,12.086104703433714,0.31282421912773273,174.69598659838235,478,240
24.562405511564563,27,96.5605348461614,0.6944265104148291,1.8524280368958328,0.9670216499244071,4344164.880373199,496,200
5.70587652587593,23,102.54212947056548,0.2865813628327029,0.8104301540525796,1.5221472356254673,1271626630.8486145,551,221
315.46320326158354,36,70.41759032379358,0.016799989405411928,6.398574395189277,0.6333317025295236,0.05374786785686209,510,235
59.3751922966143,15,53.774346471792605,0.3413175271219917,7.597498947506978,1.0623363439746665,104210792.93018371,507,239
255.9498971694624,20,112.22182754028712,0.4238975116718336,8.070590452411416,0.440736896588957,66622617.065040536,509,191
260.07283525936816,26,105.96865974971193,0.010868326636513308,10.541341322766376,3.313778830477272,1162334.9144804825,525,213
69.94917919574908,20,98.93914675308582,0.4676276925931984,5.7253586947576185,0.7082875721100726,649.7544080380185,511,204
79.5855433245847,22,92.18226094916578,0.2806048114575774,5.5078092612784015,5.023111878774657,2034.811979484536,510,219
75.79619208846388,30,136.29102297704264,0.44399201902543495,2.9133702335037346,5.232499731026814,233.27252445427428,504,202
29.8325992519931,30,114.48280247872042,0.16661673523157003,0.6564764829806262,0.5674829483588907,0.7163098477446854,511,220
47.71120095711273,20,117.25458493087788,0.7089355165196836,3.1629883413621087,2.6970815477701016,8.823852747207405e-05,493,238
207.50287301562597,27,105.92993089124094,0.6259000568483019,1.6260423953015755,2.6878695149035954,432129112.22963226,502,203
22.692537152419685,26,126.30272959639828,0.7098873770318679,1.7041034509246455,0.9471711929060233,3214.799589060781,511,221
6.1863043213746405,20,109.97415332275139,0.13081027317272337,10.207177002670143,1.8196226379523321,5205013.436132676,499,173
32.3794758176587,23,106.12545062291025,0.5427064638619722,3.651938876390071,1.0771221295758568,7392597.1452786885,499,217
222.4037357099087,23,73.64451778693628,0.295495846438308,6.648464604614895,1.9108339338332536,3177.1500780308734,496,197
74.14352395258538,19,91.4887676847671,0.0022464301311025665,5.670588748798581,3.0106485295696728,2962.9243403418977,489,200
89.32832400539954,28,102.85203304233224,0.30628641411920465,1.4313136225796064,2.8194728871908175,4.845052552296336,516,222
214.0160897897737,28,120.0311452849923,0.5303936093691201,0.49951437235519586,3.5187261290576983,350.19245038526077,500,216
39.25488043709091,21,127.2999750671703,0.4478935533891708,3.195044563555937,1.4775278694113052,245136.29037104742,507,198
8.062654824736148,31,100.0330335906803,0.2154888000453616,3.350358509135624,0.1676656836736479,5.731762017986811,500,214
196.354280293821,21,85.43552977315152,0.05053795820209118,6.022874752035883,0.9976349301408307,73475079.11785045,528,194
24.627309546294274,30,90.20672646710366,0.05814539459841582,6.628284557977356,0.4662101627046855,2453.4275183156115,522,205
29.259647719833215,38,102.79849661320874,0.6317113454433364,1.3552816559809189,2.156586564802922,6828323.037750381,486,231
30.656415303976008,29,77.85962255511555,0.10114510928011824,3.4086654152049785,0.26526581687762213,301601.4385215703,527,193
21.980538315021,24,70.19826972584355,7.580354236840085e-05,4.823594940979407,2.419259035581765,105751711.99447688,508,209
206.1328022078655,27,83.51640141312797,0.709436874785987,5.358123672677382,3.670847838097716,0.0031329671734618733,484,234
74.82584595852599,31,85.38058993165657,5.085538359451145e-05,2.134760498979958,2.8239132416750063,34564.85941980242,507,232
24.4905410724555,24,117.47580662945626,0.06133800010355831,8.983225928536912,0.8047415133474008,6291.154312156177,510,227
500.8420588856623,27,119.26931139596611,0.09789820230566033,0.5667969449798326,0.3240072013135703,0.3158542438137582,503,192
84.87845289027706,31,93.02508728168249,0.4080900124998794,1.994644460628128,0.4786651266905325,1154.7038949676655,487,205
22.253660307780304,18,54.83371778348509,0.05396844320387402,2.7721082051325148,2.049744673961332,2074325524.9461832,502,194
96.26284427260299,18,75.7020669320068,0.06514207964267017,4.685651483694005,1.3020537321221477,59269.68169101348,488,231
68.71176057823178,20,135.3952149359148,0.04301202836783694,1.7003634956736136,0.5368777683708202,148600503.9317665,487,212
101.81946800652446,24,102.61186897826497,0.053633544486243225,7.452392440383379,1.5649127666444405,1554908.2926948455,496,239
26.82965864018832,32,112.70866302780755,0.06308087129193894,5.023368913616564,3.1725370591293527,3400821965.195069,499,203
290.8261698639163,24,80.63022531339533,0.2727807982271642,2.902442707698742,0.7018899931967076,68578.4870437152,509,224
147.40966308887337,35,101.29537967459461,0.7809109857718263,0.9624283327071085,3.370661743376556,71.0239639566633,464,191
2.880682219957964,23,101.78807384845628,0.07356521187032457,7.285492346927036,4.417951634538468,23079284594297.965,476,191
7.063754925428298,18,126.65638878800617,0.0018589235400406135,6.226208855312502,3.3909981708113586,68766915.46340226,497,183
49.81206624852223,22,123.66523282290572,0.0002109694560839456,4.810804060143614,1.9509708412995297,1823036.3549558527,501,229
90.03880973355044,21,126.56316305024978,0.06135940176077333,5.0514929643139075,1.1625660492772871,114425525073.02708,516,170
59.57596101480212,18,81.58030902993045,0.002510941015349965,6.580449540684102,0.429537345478294,22441.756181057666,478,215
32.279749918601794,22,95.88688223225714,0.21373876609427797,9.944408379689932,1.9058423391386574,6769490.995343636,517,208
12.182782887503668,28,84.94398864836643,0.27438317598085077,4.5026748700316315,1.1227851660616421,3982.002484908687,479,214
186.8910327215232,27,89.00638383986961,0.5746598592204052,15.54996695936285,0.7897890966357459,101002.55492226212,520,242
128.97781318761062,17,113.26360398739513,0.0007503441008860412,2.6500249235948723,2.9065069885773154,22730173.396007195,498,236
74.61502888713702,20,106.51322298582309,0.13186913601204486,3.386226913370272,1.4814473892165914,0.00010276156034612193,498,187
318.32168604040476,33,137.53156845847195,0.043585383656761095,6.801934612263812,3.0609908239848718,1343.997054233758,503,216
195.61193918578712,18,121.47694258171504,0.5273569082549531,2.219017664209931,1.1310677565983016,179963920402164.72,509,212
138.29025387496185,27,77.65953860488057,0.09993141272425192,5.2617845986670355,1.1803511995315656,2313505945.161391,496,221
206.5847619395174,29,94.81392072422986,0.010534585828250237,3.274224829073187,0.1827831761637284,186231007486.6029,512,224
60.13212752527883,25,105.73597597171482,0.6580455260391127,8.930781188552398,2.3240277525403714,3985433.1459352225,493,217
44.05039897470415,25,87.10209819551953,0.14075098987854875,2.202256008354705,8.482773918408247,329405.61703254736,512,224
78.7276161976792,23,104.76942227992464,0.15563376510252183,7.098056598628389,2.1249080558977185,0.4176253226661689,499,213
6.87537494742623,29,91.40160918074692,0.20657787016046214,4.482677520782209,2.3114420715638713,18436480.612825338,515,193
56.94061583246558,30,101.88442976131823,2.931488286624087e-05,3.4458972213433756,1.1906372747342873,1664.560014212458,495,226
67.95167479359424,31,84.5481570831381,0.01381071794096171,6.011845298093804,0.4818814477086039,190227153.21686837,493,230
106.92763977652662,24,117.94124815467974,0.1636753472487789,7.658822855299398,1.9672769545614774,86009.9292313629,495,228
61.23882238890433,23,114.91202114479745,0.12723285635448306,3.994991770874569,5.4397066995598555,0.17649145868562127,486,197
89.44611908142677,32,83.10362317340466,0.016147818124501365,4.609902054958272,1.4914487513677468,4.275467596119005,507,199
53.826106463423784,19,100.52775069399966,0.034160482785716845,6.023827915639188,2.484328912680354,0.0004919706743771773,508,211
56.74265908206879,19,99.53719660986172,0.18610897704830445,3.7625612601372986,1.0859963150202918,93.67392330486769,490,217
3.7050918302332647,19,79.81059486818368,0.0008097572125112462,5.106977544872218,0.2964764409805109,3508.9444903264266,500,202
213.5610254802429,24,100.79046567166547,0.3361799449032711,4.891177201592145,1.090940343183134,53871759.382808104,496,207
178.7823434143006,31,127.57351887151381,0.31648625853648193,1.3666914509732637,0.11746028326530075,0.1600576457886584,527,225
32.18186791967529,26,116.25185679775657,0.8857958142381428,1.074026779172087,0.10407889934047987,26.719160836540436,513,206
60.480741674534336,30,59.47963649145762,0.3746031970976252,5.2618490856691515,1.019684514748863,971.0689420623205,488,220
81.03365706463464,19,89.21526869438338,0.23377151168830565,9.892825132825612,1.45315316940957,12138724.271979673,512,191
154.37752552113548,28,128.6552640188739,0.4616463897205001,4.898305252382243,1.4055138585827684,0.20863759002873233,507,219
135.8882033235008,28,97.17294587307049,0.03299620585813003,3.186408991667256,1.3395031617828133,1364439814.9243908,500,189
3.2013300783222656,29,127.89999815868781,0.8339670006201261,4.621293990723677,2.1992364328528176,2.9837571421022995,516,211
70.17678648459913,35,93.21762507052851,0.4647758965227349,6.2153805064257766,3.5224773949803656,43877472637.52611,510,213
29.358729529063467,19,114.05799327407749,0.0006601847161486829,7.552623776977893,1.23847300046195,155808849.4354783,513,220
166.022149684805,30,110.98548456342108,0.6445865872269181,7.285604238479029,4.234928750196382,4.999118800997568,482,204
37.66267832521641,26,97.2221705353129,0.6431142461577672,10.010965733589636,2.332779648759344,167492.2005007718,481,215
113.70885891739053,18,98.73113818608671,0.22642097809091533,2.327703658666039,2.5875087010100346,239225.439262226,499,211
91.01551331283186,25,115.09159635598516,0.1511176795941048,0.7754894331896081,4.340271284917618,0.11823629087812676,511,205
4.149128676565293,14,91.65139366892726,0.6401308679411016,1.1318295322713323,1.1033743370002556,30662.807919418046,494,230
321.0170223754115,25,113.26670529958524,0.31913179007304804,1.7709336466152419,3.94738047329479,15394102.008327654,494,255
102.8427088763759,27,70.3023764114327,0.033727542389551265,0.6829183387951407,1.003336269606941,2748.73910071187,501,212
176.2059450590685,17,100.04460386426247,0.017242284701756597,3.7323692457809976,0.8202637879400168,19.849419220991205,518,206
78.36318480118494,17,116.85020673421158,0.021220608563345858,6.650504373204919,1.9430953733143295,18077629.653481483,494,196
14.431557381484033,27,116.32666619056323,0.06181809655242074,2.6426709940975366,1.731803140421514,2779483.406588591,513,209
67.46596300166527,19,63.585282371623755,0.6553999953231305,5.206418070273482,1.4738519619802113,16.6983498447405,489,213
75.80190117459286,25,130.3296365852401,0.03960536204835862,1.6072640810099648,2.6027249236341983,15276.688151104177,509,212
43.35993862652732,23,105.10414295725114,0.025020791301821946,4.111001457420766,2.423971251778218,493857.87363149435,486,235
126.54982433779531,21,85.20870011167189,0.6055850887124915,1.2367291824403046,2.350172424620222,80.93486970341588,515,225
68.81584223658355,29,89.37699143349349,0.20547735968623496,5.222695529692096,0.5846726126258238,35.2794969098054,489,249
39.076202638832854,25,52.88785875772997,0.10718858111819157,3.021964213951502,1.0432336259436459,208.75034880047878,490,251
40.733861200682746,19,94.74755437275024,0.03262074816488353,5.982734555849806,3.858742343516962,0.0016779563856537314,493,194
201.87343732168767,15,69.01812661464581,0.5242095870804249,2.26592815876848,0.4714532854265713,0.0040970867033534395,484,227
68.64770597062979,24,140.29932694221455,0.5467193520918349,13.985121223784954,0.3568482488276526,665.9088248880208,468,202
110.6171355925662,17,131.19119461556159,0.030600098483663716,5.198671510025202,7.192814267226151,44602.243523455894,479,190
22.984462644229158,28,113.74633707445204,0.0017151629423784653,1.3624416359978235,1.177454386511675,17.361897549219393,485,201
63.36797372071384,24,49.386189820303066,0.35087794245726234,12.233701670189403,1.6849902779272308,711.8102311879545,474,224
68.55728024460578,23,105.24262875065568,0.6329981852538636,3.1001295763376633,2.2169518864791193,1244.9098915977322,493,182
26.85312136000893,27,88.70018940109559,0.05233484764750633,3.58696943997161,3.8584405676178624,1900.6675376760008,495,182
11.60282813979949,19,113.80346800547692,0.7403119789496754,2.8349359242089798,1.3469021355004693,0.029740076092325454,501,210
75.08727330690779,26,96.38996898664857,0.3421011120676862,3.519130964961126,2.0517204487638185,161211.36429519084,493,221
122.6826394208668,28,65.517796432853,0.0013688764480599205,1.682656257205245,6.22950138954031,23.80559117360162,512,181
54.473653106906504,27,129.84691297319722,0.15387845712564682,5.014926326467594,2.3653832741628205,41965.08246750474,493,221
22.55055771560994,30,150.13096872190565,0.6608933946390941,7.282822035542988,2.294731232244694,301303.746793633,510,207
100.9966336303046,24,93.12684972217205,0.6603785606056021,7.768118227266395,0.49136027717944436,1056754716.5828061,463,215
134.80653833069925,18,85.399700800169,0.7047525219762046,9.97446394547068,2.4037681473003176,2116171.0736057023,505,201
121.5544516971061,22,77.74523076294392,0.13279652971301717,3.5868632331861883,0.4347739415875855,120.48472005968617,481,207
24.19021775017201,20,98.0059256078753,0.8458357694509745,6.810382683145583,2.824259480368003,1339.457831839011,500,214
227.07649191303275,24,127.55826790808163,0.6294330273293779,4.363928645809721,1.9597853516741957,4721538764.537888,519,221
13.417826085729297,24,81.09512853119338,0.251626786888356,5.916916827115331,1.4575790713413657,264483.82265971875,488,181
76.90929736218102,23,97.96318201127688,0.012701996638150446,14.135978364725776,0.9150033027889345,7847439.266266228,527,219
148.80450074757414,21,104.81469010489072,0.06088448345303974,9.95730274846037,2.458872059593124,165310.35792152944,480,226
39.47400393183476,14,97.08497143641132,0.402422943988847,3.8278151370066826,2.5325423900316304,5.499863564356153,483,217
93.24758323927138,19,69.50655842032191,0.07273395866459009,2.530992616673494,1.2385434362400158,1.1899158664623358e-06,490,203
23.743057846435136,27,107.87574030589487,0.022897690504458796,6.185256716805375,4.495065049104507,0.028676620960355306,508,206
32.09686481407081,24,69.33843482717572,0.10198394037950026,11.973174200300956,0.6344598676046627,131913.44912304205,497,227
66.25497671589115,17,107.49737754753048,5.054871729018189e-06,7.380394147665168,2.2659866785326166,42890483.07781399,511,215
99.07772304612952,21,110.83422152677203,0.3558846800543225,15.566732718616498,1.0723739928571367,0.18336612097989743,499,191
34.95593210649325,22,147.19691453794866,0.27097347653321924,5.66333366120816,1.4269702268729463,372251.13708083204,525,221
46.140580328582196,26,89.88667258474605,0.2514906025089784,12.740941887658558,0.657010776498218,26.400890545274912,515,204
121.86033257328408,26,119.57725346929838,0.002051682389357593,7.293466525317854,4.452397871433138,652.022543013791,520,203
126.67300450791765,22,79.39870775043244,0.2157517161943141,6.4951790298414025,1.1068190119516992,106.0376031873407,502,247
19.377494592812198,29,83.61425774353036,0.007788308296284394,3.3376162054130565,0.09973931973685174,5816202.754325814,467,236
19.231644878372833,18,70.39085222504804,0.08815863512081007,12.711674826147839,5.661380227155471,2673811.8209044943,491,228
14.24977818745899,23,104.911381312581,0.34532105725439477,1.750099254350187,3.235213805311994,42.24745012602814,478,241
21.44103618596612,22,71.46620348204137,0.179413232213021,3.203365011060147,0.32888118192501054,1432.5615254821162,493,231
31.857252073876857,26,118.23826422095898,0.0585231775340938,6.6006153665474265,1.1353932632034103,50.26414805456963,508,215
124.9011938194026,23,105.41008911646892,0.20546619833707624,6.493399380447361,3.0554501606842708,110.4041265685845,513,221
71.84664540489237,19,102.56703638166994,0.13672887962265406,1.8925473164262352,3.514311553624769,192790211540.38998,510,190
48.916738880280406,17,118.4200492867019,0.4487013054148164,7.067884954212035,1.5100448555805561,81641.61325892694,492,194
43.728849564805486,27,77.93096245902223,0.27310984973764546,0.24252041843418695,1.7731849442574954,25.47246746062627,538,205
13.131161223137621,24,104.77258411218521,0.3337832475046088,9.180525223662919,3.164734249604873,99805267004.484,520,226
147.51994138042025,33,103.73961038724283,0.09545852228647003,1.929945965254215,0.5280777915436369,238.88586339853455,491,216
10.399102911472598,24,94.8321716372927,0.48977310452743567,7.735294256781993,0.9553543882909165,128804.92459596178,530,218
317.1633219711817,27,64.93201947073169,0.0017531186813451434,13.388970369987552,0.8709182901806445,1821.167193206946,502,219
82.8561844743294,26,105.67214998187332,0.14515572393973938,4.020459942502048,1.9456667858051035,19583.658354261206,508,236
158.94699251418555,19,114.62024473643984,0.01165538682452597,6.053847464761692,0.1256195173788108,200.47965072892816,498,216
98.79641096864313,15,81.3960816076593,0.07092889513571697,10.746077041200236,0.7020820258415529,60.42497601695844,476,201
64.9552178694361,24,117.21355119107753,0.08178796180504239,7.312175495789181,2.5265089700043384,3124.0686663391825,492,213
283.07424786602667,21,106.01450043056174,0.10232736420734538,2.7540193115474527,1.7223838932822886,51930994.1090603,491,228
62.14675684463734,17,100.8257566567814,0.11300326644243809,6.288175944534641,2.6190489059895556,481830465.9162305,472,216
164.7667776723055,19,97.40894448005022,0.0006379249156668548,1.454804946963301,1.198875322800228,8.464209840198995,513,233
61.01985509280621,19,123.76453272229682,0.1063074550266733,10.678240446043818,4.443336678450049,5553397.490698419,470,218
203.71573184242524,30,122.05497007755534,0.04556215500489388,4.957149338544891,2.6215060523673945,9369010155.531677,502,248
422.65475282436097,21,113.51260863500968,0.010721661798938015,1.441734749978296,1.213062185316795,96394.78545963712,495,211
5.634224001844927,20,125.21471189553635,0.0004022606687321988,2.2135950015758117,0.5901679859881298,46895.52893046262,501,224
134.01054815308194,21,124.64582108509927,0.5396583535245538,4.127010672994228,4.742856511057864,44102.77105768731,479,192
66.48692282924694,27,110.38444473755008,0.051703574633033184,0.7343070171633037,4.502418189016496,1000695944.7834507,515,181
37.07627819893826,32,91.27230063872906,0.16795153007252922,5.835913372055359,2.964406787031487,107.09033873955399,505,233
125.34991741883694,29,139.8369026885509,0.7294912344558995,2.0581090796539385,1.2110151540724594,0.0015066484732957975,509,216
9.44614458497409,31,127.5233392245668,0.4691583649222761,2.1832434831626477,0.7488144395486948,7756.3457132929325,507,205
16.25874382585664,28,68.5714360210194,0.27680829332018386,5.071119387964705,2.2060673110053597,355940.55253563705,529,228
123.09684980184588,31,106.56420640477353,0.012516660159020355,2.081115509983845,3.4717261279067344,43613447.4309769,527,224
24.59658306989073,21,75.21654825612062,0.04336322895020793,3.105484379960066,2.4040546821101536,146444.59455633306,492,204
60.8107512102914,26,89.04003674914928,0.7560639267791933,7.932359832010628,5.296278137518351,1796.4130565144392,512,184
200.74704829757457,18,79.68710867627519,0.1323840075314249,4.395251799619141,1.5886871637565416,0.016755953863427736,520,205
17.97354076466261,22,104.44772185983403,0.016740588356507907,1.5728970572442074,5.6875591635821,242096.55896526738,507,200
293.11433249274245,16,67.68420992211365,0.17613527377386332,4.142824838521619,1.104302252156086,42.41244767036701,510,218
73.77776362758462,20,98.38738688864716,0.14366180572477558,1.777535271923999,3.267484839539013,0.07438814206293021,535,214
65.66110035715974,19,67.70908413310904,0.6698411264876258,4.843893004003137,3.5539230231115293,32200851069655.688,449,214
190.93556755032088,22,74.06198166667926,0.19446246038669787,4.004490193128784,1.580022847447253,3.0815577392934075,509,185
52.80902058593136,18,80.91516743474682,0.17612922251094207,2.9265094554465962,0.5097152512866714,24368.130612486544,489,195
204.1665728031055,26,82.57783831744354,0.16478231814916777,6.7664670697832685,1.0575413629887862,2067.3818205807274,505,247
333.9687939418853,31,126.28275778799195,0.0017984016034520297,2.247494010050841,2.1466770845209555,23.430164679021054,507,237
164.14989290687856,26,78.0008166972139,0.5422732370148565,2.0828559843857755,0.8599945888526044,3.4926301474440034,495,195
5.831355311742371,34,80.91361114771067,0.03822632966283953,5.516884097751665,1.3241545655987164,6441019.276754067,474,234
93.62175018137066,24,99.90199601346929,0.08500007650214314,7.337218905139324,1.6352948997952936,244145.57225036534,499,170
167.0880032286534,29,115.81931180503015,0.243532986431256,1.6890103866482633,3.082427711140664,19.51613569379157,471,219
86.27845691191327,28,101.44693822916643,0.3645880106525586,1.0565529451812443,0.9974080155033795,5120831296.544401,488,187
20.208658491925156,20,91.31957655885651,0.06520469409721297,6.297365553362754,0.6885576541447371,669873583846.8958,513,215
427.5473827452048,16,75.5975222682469,0.01332763139366218,10.152986218948302,0.4912256010640559,559.6143099692647,492,225
40.571453472603835,18,93.22988831457569,0.1378099127596451,1.9191292478768713,2.534134616216597,135423.70046292595,481,197
98.75338432669355,29,91.72944947034318,0.08704731002964605,2.260054577902317,5.90760210803839,3.9789944648185184e-05,530,219
473.1111486854675,20,96.84542467758283,9.052099231034759e-05,7.250696429736779,1.5080848898938728,4.743614460887056e-05,522,224
42.21065405812969,25,83.68762783518328,0.03048876579160477,4.746190549506232,2.660910947620199,44401.339958442055,487,220
36.960504029559345,19,93.48183371530433,0.023516647042715937,1.9167601699213213,0.4398626550034154,727.7000530663374,509,234
394.0550549288351,10,111.62115191175639,0.6739318442387503,0.2826060304787912,4.623989656409342,18433.38445912802,507,214
108.77802761454225,18,107.27202094844664,0.3021165873010055,5.714723113217202,0.9563951959211864,5424.112127733174,495,231
25.40467009004449,23,103.7913274366257,0.02091175675375921,3.5315823361764647,3.1155931165272506,50059.11313988597,498,213
12.60382041476582,18,66.59021545353603,0.7629712945802184,2.1826021674805625,0.5209535698289579,0.0008948066526325177,518,227
378.2235181976688,25,89.67371785176923,0.23856016257596377,2.7800596778078894,1.8809717631732503,7619953726276.97,455,218
108.96223023377745,31,96.74977638753917,0.021755653620696085,5.47499489887043,3.3315236601393208,68810198.44853748,484,213
50.29298627723791,34,99.06442786241304,0.12981614146341525,5.083455182522128,0.4319215522011403,0.19187304348559334,502,229
195.79909978378114,28,90.64718982155736,0.3385078693019846,9.136458450747627,1.8500514255630296,52384.816660512144,492,198
81.09443083181571,23,70.397029301608,0.048620910183638094,4.778900096338353,0.3037600633825715,3153.2430021607693,526,219
78.53886219898963,25,86.22951680957327,0.07771600449018208,2.9732299189805365,1.0725789513477055,1394220.8386859135,519,195
19.79426150663485,26,67.77257459895746,0.5599699541507118,2.175596876154181,1.837437742669513,147.3998648450005,476,215
143.05697972953308,22,61.506964784439106,0.09010708106617572,15.003685491095101,1.6013641910894036,17323800.992292058,514,202
794.7555236566311,24,105.68789233341056,0.08726871478543871,0.47765273951992004,0.4777818808353803,1.9195108406870116,519,197
69.68682880367079,17,132.98323902175952,0.10786282286366722,7.644865620573529,1.9407755615292355,10.571876598142618,504,204
261.4834752752636,23,96.10955072012443,0.6043852249688393,1.583241340577123,2.047988348411791,126.24242209617641,507,253
159.57650760704288,26,102.05954344830134,0.02601797881966417,7.810300624802646,3.426638083323181,2676087402413.592,508,200
175.90874952587188,35,90.75446795671661,0.05303204699817748,2.00247503823588,3.757259085987665,136535.77180784172,490,219
105.66395279472955,27,67.5319135798751,0.4959014912943143,6.587002026494778,0.7424744239133828,1140353391.1723344,460,204
2.435222451727904,25,99.92483168453334,0.12273293293706297,5.342078710840482,2.6864113533046927,49720463847.2326,504,232
23.751510924958215,37,125.73799780410478,0.5392601445384216,4.555222656812482,0.38169193253984646,21896.221611281653,468,218
164.30153271494626,20,104.82063285317383,0.022660179756017574,7.212828980809997,1.6137610434297127,812.6533796951467,530,208
189.75310356913872,25,106.28200803773,0.5067118669613763,6.558524787362299,2.815186808014113,1606508301.5734975,482,223
192.37906692098744,23,115.35064986319728,0.784637327573776,8.665257525692098,1.0878244434169249,1.216712974291308e-06,493,236
12.284949832235984,30,113.98843228707946,0.02101913672128751,8.34821942519745,0.7348864941875537,30654295.483109616,509,217
184.77975289321782,33,79.76466398169383,0.03354554735355388,4.526659790850326,0.6132251204623038,0.21050846090109485,527,179
29.286557031986987,30,110.35953329952189,0.1342516860503898,5.504008330656572,0.4684885339159578,270274795468.46603,498,228
85.54259368375745,15,103.43357485344785,0.32251018572211493,2.1987764315009426,1.5109603431578353,300285868343.9425,484,230
83.52029483649305,38,120.59742274074964,0.2426355249497162,2.646096915810959,2.595756072661886,0.002017983615625292,493,211
143.50424575763802,22,90.86287080698007,0.1132380381427516,8.726115532572246,0.5656025147394493,5.343289900870885,513,167
79.92335627902783,24,93.08081631870806,0.7549022433214512,5.124477217582089,0.24250267189362731,2006093.66833979,511,225
25.436312659326937,20,91.93180613896949,0.11185319475813915,11.86336862687075,1.746901322884724,0.0002764165444296779,503,194
11.103471427424418,27,106.2480822125391,0.04015030856277017,7.658701924542773,1.0643196442508076,1415517851.2041976,514,226
117.64107305016802,24,105.75881529331053,0.08279620616168441,10.24669615197651,3.9272656551987004,0.00016873224782140163,499,207
38.78542460417332,27,114.35428170917791,0.1582075616880034,6.281141974409916,0.3852226030567093,1284.4857799220715,470,222
51.959029381064894,20,80.72216274641882,0.0005240449368208004,12.605905566837261,0.9493012776845594,314.18135818083846,496,214
56.940846432196324,26,95.26338761533339,0.17709515357636815,3.627204663610652,0.9159424441322199,12871644.466550596,499,207
95.82972175070348,22,80.75741836522597,0.4425006143040367,3.398161283029021,2.2064029632043103,15268.940282036045,502,220
208.85538471178182,23,123.84811848007026,0.34243342222119644,5.0487523673155055,1.3864124776021585,82.6223875525132,501,203
3.1564000343955527,18,124.18603920360619,0.4549388181295103,2.8188627882957817,1.4274542318492132,2399.434805139806,506,217
90.55637579415948,24,69.77791636382531,0.12402662371017806,2.078657702416791,2.8532077356932093,25081733804.76895,499,216
54.36729406163604,27,78.18726132180535,0.04210806703162239,4.868136794767937,8.729455114889813,30.34199423621814,527,220
52.811044344602834,27,103.62737280533062,0.040506458116887405,7.843395249148798,3.5652981645045987,0.001859967246560616,501,227
162.5535835477904,24,106.85931760244296,0.2036284591413805,9.398906314507494,6.375131616926912,2492424993.714205,500,219
8.76591391086204,21,90.63317603478893,0.002828040972328282,3.3889418732358467,1.3032783063469033,330542.8223049634,481,223
120.75381383744251,31,115.71871632875144,0.03423221308897461,5.275251442439362,1.2677484494149294,130199012.36685304,488,210
304.91803097430665,28,80.26570630399526,0.08213816659838191,2.435569433291006,3.5698709034084084,2027954778.193268,503,233
176.54915546692766,20,112.28348676279849,0.6655944339787411,5.242761116250543,0.868006826906407,0.008781072020831074,489,206
134.70698785110136,20,93.65304259715751,0.2439439271555527,5.2055465365481846,0.7099231713277403,3257293.8949562926,506,255
5.413251307711941,15,124.41312520285553,0.4265288768453224,11.224681659393658,0.032923920920397705,9271104.306239473,533,202
92.81843501572978,23,114.77979560307412,0.004248972289669666,2.016929267108513,0.9285227919601271,9.379368475483608,527,207
113.33394009874971,20,91.5448326757232,0.37237094037932655,11.84715875617531,2.3859767655183313,1296572.3508453206,525,206
101.77467908550723,28,115.9206241233081,0.5916529627883268,0.5659048177077092,0.8317477646673781,940791416466.0342,502,201
159.02694911913846,18,102.85742121374922,0.4998131031060012,5.7408925166142994,0.8485870087221631,0.009133571186890219,502,229
129.8498917719219,20,93.20568115353717,0.0021133224856816,0.8909864045849952,1.8505397226610074,22.69282960425494,481,191
83.680239743546,21,105.93958976740284,0.024981805887625056,2.1394842921955664,0.8168343464232765,97407.2692220844,484,226
16.073304796409694,22,96.17029794201197,0.51635950996533,13.44399567105087,2.685037714381173,384869.1466608865,503,237
223.81777298670406,23,89.75013155622428,0.04509587512590495,6.9478434153601825,2.4048859985309985,2.1811341887379494,471,207
58.14335163383606,24,76.88752569883616,0.3239530438490494,15.173986697753222,2.4860795720096847,43230250.55052187,514,229
20.32799517441322,20,110.79563816676954,0.02654977758626167,9.842087221746603,0.8171505557575331,816688647.8323591,500,197
0.3190407517262839,25,108.24461537430663,0.0628653806631627,4.509634146583655,0.919406041981453,0.4470930612292692,518,203
67.13192371502373,24,104.03376131617442,0.0007164290401327668,3.2838286555906366,1.9068954821455306,16020812605580.824,520,229
209.22064997915828,29,137.4668945338897,0.5526077028347167,2.703656102098476,0.7104839468210842,34115025781.41243,495,222
9.68460009755404,19,90.38601108989336,0.2906216557474688,4.716150131123224,1.667778212386527,593.2041241721325,474,256
164.77227825979872,14,82.25684880194542,0.10113258222946411,3.368356957562047,0.43331650498807406,255562.09710126268,484,214
21.345554305228465,20,106.16405003379303,0.038186360580200154,4.47068373920378,2.2997586851165592,17185132284.64746,509,209
18.27880355294528,25,102.39126025498277,0.23100809867165245,15.069600601197083,1.0222222795898124,219.2850781220417,505,219
404.58130911489974,16,125.7046279031597,0.4388893450591381,6.479708280817258,1.057424034534448,17009.174996349546,525,231
66.14349982118235,27,104.50307032344398,0.006072337953243437,2.2083787751931916,5.9439467684823155,16.382897550474677,513,208
61.830227204766985,22,109.52997171713837,0.24533892788579342,3.0046301053767763,0.8276909289523813,831.1570696692472,501,227
258.6939598558347,32,94.32262673196563,0.010935395980313378,13.500122986497466,0.5031557467584816,81810.7262971815,493,210
50.743645407885595,31,66.86436609024105,0.14187126188663357,2.8674570993638375,0.6022173466162638,642.9181368723688,505,201
28.531803140414326,21,98.50040155196149,0.010945849041618182,5.50605794530761,1.793017399688091,1279863.2386447445,490,217
275.1016951558752,25,98.86743706131365,0.009818503944921736,1.757876697808161,1.1735825734422718,2.8353179658206784,504,207
77.34134777248582,26,135.38888929786572,0.3903740995987441,1.8007647275713778,1.853048416377822,1256493926.3009603,507,211
84.0599622999308,16,121.01097217723962,0.8935402970712544,6.042008785377245,1.0409285541789923,145.73647187788114,518,226
146.08158655599857,27,102.8759601407279,0.004035549693973421,3.758049793591079,2.228566456956318,324882.49627864273,527,224
18.741843048573116,20,86.43231482762197,0.09091984149113308,4.461829836613231,0.3019292940355916,212246.89416384208,476,225
119.18794240195353,18,110.07724431803862,0.216505196026196,5.932329426291534,0.8947515871570707,240161473.06410477,499,236
254.44750492264333,17,99.06975437179732,8.674183765551422e-05,3.6135957749302814,2.636565931931278,0.031666153707951214,486,219
93.75660126119708,18,107.73694220571016,0.008234208332102902,2.206211877059365,1.1976718731615819,1209.808926850827,469,211
66.11217040717757,19,109.18589252351114,0.07373659626613496,6.625339049100109,0.3972904031470401,1760296990.312096,495,235
27.99081030586813,26,103.33756728738862,0.31467128890417395,4.3409437610879875,7.092371689682448,487715503376079.44,504,203
38.64141231836368,18,113.89233764335891,0.06259937974785154,5.257063177294662,1.9402287068117616,386262.78958889726,506,202
48.89397219284227,20,89.17546984630391,0.4813425719737694,2.7764375792966445,1.0930678652162054,28496.62740150321,530,205
167.6043816959383,19,138.02446027897372,0.0021397455840895517,1.5342046505468288,1.520619421281985,7.760421533882558,497,227
285.7859272432253,31,83.14247416510085,0.16460981119185863,6.39147289390852,1.1213597155504906,3.967128624829801,509,187
10.5279890799227,26,87.08683017223161,0.986450149140118,1.4701134629986907,2.0050705106666293,5396548.747114021,506,198
136.90566668762287,33,97.83019385355962,0.002023641895910874,4.129204464224598,3.0127932709062044,3.3439240910640275e+17,517,222
313.81337055285854,25,92.19981985586423,0.15623595830443404,9.670688576920186,1.8286930122552192,5231293922789.262,509,199
87.10804863385162,21,78.14332111807207,0.05801996374409884,3.8197116566160445,1.1488353833368747,22353.865323206657,500,202
14.981882098685901,26,104.963630724718,0.83714535856895,6.666387797645458,0.27716539536564433,1.2004963363544103,523,198
168.91504648272996,28,97.11793499529323,0.7601527965396946,9.944323861796484,1.9878583847797602,311466.98278324987,527,197
301.4824233694992,27,105.427373488607,0.950129217740956,11.933663505916766,4.24988215648578,1655865.7274290093,502,220
129.16410744814976,22,91.50333585781007,0.02292166441945549,2.3324998677197843,4.77763622520014,2473.7173395779064,517,205
69.53497847282173,28,79.8917141508238,0.1566658713954409,2.155267112361303,2.8883636489161706,90331.10386547516,512,204
15.410675144253688,22,108.24509159135239,0.2790669495117316,2.143370189379971,3.801439327502708,63758.35575339673,512,216
61.937020953196395,25,117.94251465041788,0.6859385430200237,3.337958990392259,2.171587110805515,44314.28064237648,511,238
119.98135210054966,23,85.38003654342225,0.09050010580670037,5.9369636332557665,0.5556676221035908,1.6922029599119763,498,202
49.89426967611188,26,134.16830205421658,0.2408429782879166,4.330947326453689,0.8228133959692647,26526.576631443073,523,206
49.72138624736234,21,147.22988519059766,0.037186992038891135,3.4792927713989994,0.9915665899743437,27.42779733865651,501,212
14.763707053822984,28,116.35693059210047,0.32435687485617837,0.6255411353158734,0.5606302308742411,67394.39042282375,492,220
194.88974105176817,19,91.39869508523704,0.00019398377440931237,2.3279588568872396,0.7774690820435841,401.6890975231934,536,208
21.509453675856935,27,83.33921814060287,0.15507098782326317,1.3559776222974678,1.2285351069904826,2289206.7171878577,522,218
80.298442419507,21,91.93579977844954,0.7825225562410032,10.508432866266714,0.7051381794745653,792880555433.4387,498,210
41.01012870618147,28,114.22095397926714,0.0254682200445703,7.466458895470908,2.6030442473558977,168.62533026763168,479,216
201.780273064807,31,81.67255663767449,0.29362608940070967,8.382429295763602,3.1672904720746367,133164138.19167191,478,222
221.07158201156963,22,76.59097130607881,0.05519924071752608,10.128138421749407,2.4732091434720282,20944.793817665464,494,219
340.78130631610964,18,116.54878322352663,0.24804751354050197,1.8792486212516153,2.1331342574736105,9.66964161099301e-06,472,212
31.378737787708168,29,60.02809543034052,0.7674984019339302,4.611994193735925,1.166541842702067,41.03447364624158,484,208
390.60585162915555,24,89.35031035045688,0.10471205565180279,1.823731249426398,0.77215867728844,32969293.238643188,464,194
146.19851507145157,21,80.1917241726602,0.7688743165830686,2.2288304058372677,7.074276093032569,23984872.582070466,467,221
107.61046238005663,25,96.17202729241934,0.3505028420860923,3.1378648173389503,1.7318301147826736,187.05240963748653,499,229
169.25184504285312,29,101.31843118417778,0.7499443387396945,1.4101464168906166,0.41550714592758226,39733266785.778046,507,217
280.0498024113848,24,82.73131269380147,0.09005325588534618,0.9791190262515371,1.496608363573543,6354898188.425527,494,212
16.174417636084595,28,84.49475873127548,0.35404988338595095,2.7837801860034954,1.6362432271553837,21.833683527718886,504,238
288.3958083463432,23,127.27882339628835,0.3726635706447026,2.744275013337064,1.4730272486911786,7413973.746379851,509,209
302.9218656633804,27,89.36165768415135,0.3769544694896157,3.70163336013397,1.802796972843697,626609442.9607309,501,226
20.170058825721707,19,138.26326446077044,0.8394406282335661,6.026549258172139,0.4343402332994694,0.22012239592724203,488,166
42.9424854736171,21,118.51702443480688,0.008014776274629761,1.8968905618279985,2.072412839882689,0.027458185504028548,527,209
110.7088311690777,26,82.70159100332904,0.019840124109135604,5.702059920205729,0.34738884058704084,148.33666615444156,502,230
98.8619494556772,24,94.00348339292346,0.0002837285956717464,6.509142876378202,2.4396626204882526,54.3779998524683,494,232
100.5876238332378,25,89.35611405824284,0.41884270388896544,5.446340654071624,0.22560015527646332,845623.5120094394,514,242
89.05199201207977,29,120.11033642284053,0.0006753111416990762,0.7704872661042633,0.6395909022213956,2098234.463690763,461,233
253.4457698192695,25,115.83672828332456,0.011125541220241448,3.0959158754425253,3.8568265678948794,0.0069541245866228014,483,192
70.1838447194901,20,85.00396101566875,0.056189573861975234,2.5467849874389383,3.248822758726066,78.58451286010319,500,202
14.522054829062665,25,126.97433997940192,0.6933935354472126,2.6126138773535734,3.7418154055853154,1240.9366744757049,477,195
127.17948014838645,18,84.35638212455268,0.010117576809126453,2.101203881184787,1.1380879363562937,0.567935696954638,485,225
60.45495858249357,32,122.68030189000488,0.489843157957775,1.8169459306900133,1.5043062622345695,6156443749.321624,504,221
38.18605749207612,29,68.63982283502028,0.2983500226077754,3.324926092464039,3.2254363742781735,73048847.74481463,500,194
287.83738918488166,29,92.56531506888714,0.5111341745653951,4.700655816265868,6.125616409927769,155.9763196608699,485,207
171.72535426412955,23,85.14594839643502,0.10415312651073348,5.987723159473168,0.74658554546432,19371313516.31059,509,233
2.6580371714166535,22,120.65788531790434,0.13657970288033994,5.155113463677803,1.0167590075813655,0.0014669159096536966,482,240
9.491325473849429,24,94.34949125920905,0.006242242187646405,2.7763299500980305,0.7240659483327553,18476221.350654703,493,196
100.45675266915967,25,54.61297789732001,0.4843746515999739,4.4131237547151745,1.1422955036899316,388789.64017655456,499,234
82.0926763160592,23,94.8076025654307,0.4891001587801811,4.019289047262677,6.5894795014399845,0.0018581825610831187,500,237
237.9409152066522,20,78.1012708842355,0.3628276492511301,5.310448055940503,1.552388532005676,152.29529608824416,519,205
38.67342185783092,36,103.29257833698146,0.02479220953931778,5.323682142613964,2.57251794186019,1.7238816058285986,478,223
108.51576499789999,34,121.54353849274845,0.2955955120592348,10.407778913666602,3.1600105272843857,22865776888.42655,497,247
58.012855310322884,27,89.35010759101057,0.45387485479444684,1.6316770831615672,0.8579492711343238,278.90517208599726,509,224
72.49493654522271,27,78.24806772577908,0.3804862474891407,8.381528040597752,2.1717618608830658,7331702.371128945,466,170
59.32335275327819,24,103.15698656192544,0.02298770838731968,0.2254920188405584,2.7867222862271483,1919.8543782197191,502,194
13.864086345531899,23,122.7219183617832,0.4632833046893058,4.310964023975236,0.9866597244250874,1352.0717193384528,496,207
182.35668695906014,23,68.73986285283686,0.41332162276220885,2.0918486409001695,1.917232372672267,18795.03905282643,494,219
49.204156556441234,28,99.29183100571935,0.31698880425976744,8.913991858263374,0.740261387531749,5017203.725902579,503,228
119.18443665855445,17,89.70550334707875,0.034321048546912064,3.150939190748752,2.162693714961696,7076349924.106432,502,208
11.64066381187703,27,115.43592727762231,0.27949700288467233,3.4343073811296407,0.8344996156976026,399713.779269622,512,182
39.3938699090401,18,98.80453337546031,0.12455454229841346,9.14462674551616,1.3655425033039645,39373.73618864777,513,195
48.75515213882735,18,98.50452969984795,0.0004828899192604639,5.713711745047532,3.7343742160899427,57763160941.62296,493,185
12.779398276418389,23,103.56275022082028,0.6158782450036488,3.666859188267487,1.1639506874400851,276.02944357443016,474,212
104.96808052113656,23,130.46455619325047,0.21503876759229004,3.1279173862439267,2.444198528083496,248.79334598199995,518,193
97.85101041416353,26,70.76723415733568,0.3824486315474586,4.621844234518398,2.0930740796066956,11.39615972066681,507,194
18.71441568060784,31,79.1009432980893,0.3355354061988216,0.9113077654317643,1.8330595127526628,2151.84843615825,487,224
260.5748956736701,34,126.69062916523703,0.19862449034842813,9.64352305991062,2.152669796627253,1779953058.880294,493,200
1.2268069421390404,26,107.58470851228557,0.32947239295219843,4.514123837730581,1.380323252317206,902.5464242117924,508,206
11.428341826209252,22,97.23661757037434,0.5967920113308434,6.386633923128307,5.369544005653992,5736.855178099392,511,223
92.85194289866166,24,102.89584043886289,0.19778119485580722,3.693761721651213,1.6250063460949673,309.8251473560585,504,239
275.4479801298222,20,94.50667566311263,0.36308383644627584,1.8681141395059533,1.602008489158524,2150.8249597754866,483,230
6.951238922389588,20,100.54378775745413,0.6150480960681182,1.0423947002857532,6.667159527872504,289.6853155225702,502,227
78.06396836195513,23,119.69245310035211,0.06600203409212307,2.4809833586896612,5.633104192317781,12203.407919396645,472,256
110.11673348707585,24,121.47809155738909,0.36459077984444155,1.9426892378763998,3.5602904202549155,1016067428.8444842,512,227
2.123456532851511,27,87.4487106793054,0.5342479926209279,5.232103438071778,1.7207670416674175,1843.6177883858832,508,212
119.80199797883637,29,89.39425117195205,0.31232868313390666,2.1765747548675645,3.4939189483587962,30.139036517384195,504,181
110.69257124286102,25,110.1237564101309,0.009750577036864386,4.4625521203914955,0.9913120418046864,215429732995.12506,514,194
43.158230319277656,28,87.12786316371854,0.18481758159469508,11.472283459380177,0.8326519663318842,48405226389594.66,492,202
6.156378892222548,23,109.01241331543332,0.7776499597715951,7.687744672719118,0.44270234153275745,16.165498166162635,496,207
23.875055305199794,20,81.44579443483154,0.04360499442257672,9.095741137699237,4.871472953372553,114596170849.28975,491,216
126.1535349305954,25,98.34434062713827,0.27392522148749965,6.051107885857789,1.9461621097519286,5209770002.5016,517,239
5.897158127634426,25,108.25166990008441,0.25535107939420576,2.231942241009644,1.9817101971648918,5691791.427266399,516,206
190.06877384128168,20,92.76587991406863,0.14803157843043496,5.2484397361650945,1.9929515244428013,62314.40532934409,519,206
32.57894263940255,25,96.5014422744671,0.32158238606082806,4.799909831557689,0.8058753281904658,0.0067351271775330105,501,206
92.9233240948539,25,92.16166637386145,0.39043037079767123,1.9954116886656188,2.5717425939790406,16036603.505722074,494,229
34.30967532645581,26,97.47008285372353,0.6993087149750814,3.7263811883524705,0.856447824312212,299605.7858857249,521,228
118.99994534574057,17,95.66649287433458,0.07862504268181505,4.140683694191369,3.3560538159799154,6066.397644515823,498,210
7.966740568409461,19,84.85261890407278,0.017733746990504094,11.54343235046148,6.34901296497829,25725348155.68328,514,207
21.479060225129544,26,108.94705415258974,0.11188684978296119,3.5052431571194065,1.521082339872597,1.0355681591128793e-06,499,224
197.20362670762836,32,103.52925550470295,0.8683686586317151,2.4856024008289066,1.9192309732809496,91.40529381191335,494,234
437.10202411141773,25,131.47429796022757,0.40679385570597176,11.801022620012908,2.5797932608975183,0.04925017334346631,510,188
104.1973431707172,24,113.9664063893141,0.00023737795425834372,5.6339706118924395,4.161397640772212,0.008620659463356809,471,233
195.21541901532945,21,125.93338310139498,0.017708224943751932,3.5671684133463653,1.0504115180102052,30460550213.580757,484,202
0.6316250557812274,29,77.65928500646166,0.5571860590043426,5.172166266163137,7.385767210516509,141586459.81790656,496,227
183.56893538226709,17,62.62837323840186,0.050020920535043055,3.90995659943013,0.34438616352564677,48045.49371524354,500,178
440.79446077641774,34,87.67902961440893,0.8113365497349334,6.1333102052523625,0.8622352180005585,29912861.09726479,485,235
52.76750427556881,33,110.31742477236793,0.022542864501852458,2.69610072064495,0.10892291881939838,4765399.598971556,497,243
148.18420340814635,26,89.02790834018141,0.043549884372822506,15.341511420812164,2.1923208125062583,10070500624765.707,472,225
106.73904457471333,22,93.2634706641439,0.03255281514219423,4.306598353652806,0.622427405680667,14107757.314766226,489,204
96.68132590491795,23,118.63448095428762,0.43338593336797526,3.6832214063402238,5.2969283766318975,0.003150590864091203,494,224
184.9887920578893,16,89.29638922833263,0.128000841081289,6.588526760727253,0.5812672205499533,1.337435919422317,496,208
216.99394222668812,36,96.18400162534813,0.16710488747798086,0.9440674222883992,2.592837101833977,1465.7721511072448,501,187
177.29746350843052,31,97.98972972847046,0.30637095601495673,11.702671679122817,1.1898397330103991,0.07026535850055651,493,234
70.37498012201716,31,69.0212982150514,0.6950909639434539,7.010815271498341,1.161567500838275,15063.729977814299,493,217
0.06726172568980986,22,106.23661633363838,0.2605375725029327,2.833423322623151,2.555248747180227,2596.622303561835,491,216
50.4191833718593,21,94.46049546989985,0.021933141829025886,4.016078332616422,1.5218882677082886,54995748662103.87,479,224
52.454937326513104,20,82.66762255487639,0.03542812253542768,6.168089357253846,4.200141456685324,16519.60918787124,516,205
24.001727687654416,28,126.4473875828838,0.1256071325442802,2.6559432903681053,0.18575532912208756,1526123726.1436467,488,232
18.306910557686493,19,107.7375774276504,0.009444838784391927,2.340766157688153,1.0420565697136632,10389.573999612912,504,194
5.003453454561491,21,90.03323552755943,0.4105499939174614,3.0830846440874415,0.3298788703821748,8437124.54499237,484,182
172.2220299723739,25,101.83105585497587,0.23282856826344833,9.09465030243533,0.511374780647492,11997.305367133506,494,228
33.14408622049812,26,57.75461418885256,0.4948369697434941,5.263276420261185,1.968940094330299,2076.7927392101838,484,221
8.176479580840036,20,71.71041953686148,0.20198787526690049,7.250043623300499,2.355735302703097,926931.8882657377,489,240
13.828856830859323,13,96.98187036673455,0.18429116834706985,0.9217783709666412,2.7965965934057038,61877.167980870276,470,198
55.429031855575296,24,91.95890991809601,0.255801292024534,6.934893376995057,1.3711238466699136,0.026445047493783687,532,203
90.5636587164493,23,87.85057313985945,0.02308132621125314,7.54713015327166,2.3067841115852743,411.37514408513925,494,231
148.04554315110536,17,97.50651913303396,0.32549715711990446,2.083336670117307,10.64497204940609,570738044.4448065,486,224
20.83770989789141,28,70.78256690845244,0.4609667753252894,2.506936628051235,1.6821152735545895,849455415.5582196,478,214
213.83129291134745,28,74.59562611938344,0.20209123186819253,2.1036568520528767,1.1611342654907735,15294378462.829111,522,219
20.19814587016575,27,111.92320837489609,0.6816508080634929,4.08186823153183,1.6076587049375954,12.20153995439946,520,191
38.437943458684984,20,91.76481102664546,0.6487523461876025,8.638942205805048,1.8073547991130894,132.03446785897788,494,194
109.91098222472593,25,76.38211756236029,0.5121716080361574,5.268954846333161,3.05191609191499,0.7796903750077177,496,230
5.746770779808353,28,95.10389429362236,0.3592545443067404,9.120746468781237,5.126985597225997,48253.917828859594,475,208
77.8336416428947,32,97.09270115174121,0.31952198181477726,8.615366343110484,0.9815469599986362,125101027.70560575,510,225
33.58853294533884,36,102.21156762669787,0.07117453586474343,1.4440619206522358,0.9446549862365125,1686521.2095613752,495,223
16.64696421152674,25,93.96368231632833,0.6093646450055025,12.543129917620774,3.1304454661082417,1565.7142452797937,462,230
89.20110000488268,20,59.056327146631766,0.5183841009337384,6.417857099024054,1.2262604024452528,165.8401986672108,515,230
50.00838314726034,23,74.13357433281789,0.019485487403721025,8.731881223737178,7.195092429512055,249837182.49063954,517,224
28.499641941393715,19,143.76750422927142,0.028213889558716596,3.927228298857351,3.0934871362564773,151543.47114452513,499,206
3.456254664410034,27,110.63244680518474,0.5531387902294626,5.569920181899226,0.8152221396931904,6893625994.17257,499,196
0.7249632078590436,24,97.57572744649492,0.4210720504448821,4.54360848527555,1.3147841462131327,769.9042285460441,495,208
59.259706601491466,26,91.3307842804337,0.6640891918287302,1.3055091600717381,2.1073343693180098,4337649844416.8066,482,227
15.771011374946875,25,102.40478137262694,0.04477029720732414,5.134087585567964,6.509423705288286,105.41595702693368,496,227
539.3536236480601,12,65.47355730902933,0.1792072398956304,5.192097676560083,1.112004772746514,3396107.117948044,488,209
37.87973895639938,24,147.04606975709027,0.4094698637592306,6.391244380791649,0.9578756814950536,43514.099496274684,484,212
81.44487716928391,19,59.107950911182485,0.8369915066901306,1.7504564032981815,1.38657101577776,1371354.8105787449,485,212
437.35945854023146,23,137.82763193656712,0.7083093755252363,4.553409354297854,0.8232552372881706,196.16452560417855,513,235
40.072950589751436,37,108.1583826180115,0.20515333290119506,4.1073514143507115,0.643321094334196,68196.49583319263,485,226
169.19490141548235,26,88.21415619956056,0.12936266740729863,20.930461962670517,0.760534909168651,716460473.5292897,493,227
14.892282927738268,18,67.47708093107885,0.0016105548790673536,9.215909694773195,3.744826573913381,8.990286809666019,464,218
312.0572731427067,19,112.2178025305708,0.4927209581238457,1.9028916597458967,1.5853392896899257,669757543631.2277,495,228
74.58859771900795,30,100.03598437769226,0.037320810780691605,3.917347133472377,0.9123270297867494,0.5460877182205218,490,202
143.59556922436894,28,125.12352801375238,0.3540796208988292,8.068040968523103,0.8775527431119734,21185.42422695489,487,234
41.307718516906135,27,113.51378998154621,0.08998695943462101,1.19904311413509,1.1924797692128688,47389338194.52336,493,196
109.06916005863827,22,103.49347709282694,0.38378304021835785,2.0085375490524244,3.1704623722768437,48451.775922429944,490,208
68.64455406552422,24,96.5823570784159,0.33963673704377034,5.703343793413361,0.5990340161633264,0.0006973294194842811,503,205
335.832984635972,21,107.24768068624167,0.08969493309734669,7.833968933827483,0.9027742929509025,109036.46298329905,502,230
119.65791506794837,36,68.08056462291387,0.8579880240886761,2.5323514124695214,4.723171981596418,2490629.3232996757,488,205
2.4082247284271765,22,113.92855442094016,0.358907942880654,10.76662345884541,1.2067946391730675,1121244028098.3274,518,224
84.92527245619625,28,132.20878922692316,0.5549509228846207,1.3354551236062664,1.3400943551275422,16294.047550581616,501,202
74.65369043600411,25,121.30593287840408,0.052268223641067396,7.1385647060653,0.4940261603586598,0.0043804009302356025,513,230
19.3638322624509,24,58.15759620017854,0.414937347817203,2.933982831754725,2.2981152759055066,2.1963569936393748e-09,502,218
113.88498567945055,37,81.62689945152201,0.4990808395804414,1.2205384857368058,1.752045002364353,0.012293131426702525,509,185
57.0516663012382,23,122.5458164083905,0.6836641078452683,4.2510379055609215,0.9826308400038319,4.5374748729021,511,219
28.309122977580554,17,82.10386837334671,0.05843512975712394,8.732499130459322,3.369298565803551,54351.40722562024,513,223
17.45643210210905,23,122.67850522107523,0.3279387448547402,6.682748442024697,4.102501193197115,134235.69959317846,500,229
255.20658062779026,27,94.33652793635014,0.12117545838590663,2.1152892555896283,1.3769187231004782,0.5012448720871212,500,236
11.545233697463713,19,75.32545200993405,0.0025113197060457958,5.021505033166247,5.555665180447117,136419.931944475,488,217
7.015170035631329,35,100.64495311955164,0.2967060328586121,1.271089278848627,0.8621092306214211,34.84321623436052,490,224
186.72472243501403,15,71.9113041477565,0.5679816664239381,4.615524386197814,2.1416397675337344,0.009249663616636247,501,201
31.28002092678967,29,120.40678717891721,0.714756420850354,4.04440324940139,3.738840755239951,1318404.822414454,483,221
84.37239524115085,20,82.38322826683267,0.025332967009966487,3.555860395407748,2.755746293734522,1.6849481796737718,511,227
85.90046858449931,22,117.95437817079113,0.22203789798034898,3.962697725606363,2.099239283593003,894857.316141578,504,213
264.49615940496716,15,95.71042647839172,2.99334051672242e-05,6.2931848500897685,3.191537588306155,777.8288945997876,520,214
187.15907414953824,17,140.0618374216357,0.2567141199455416,3.4810463208612985,5.569736960025441,141667253371.37085,489,199
19.906220833797768,32,99.69152164286807,0.16264903430510272,3.7191605516234936,1.0346808755859336,0.5354159745560276,492,224
369.37829745012306,29,37.670691969913,0.008817311650539877,1.9065324439796978,2.7526881439865942,72579.98532545955,518,214
36.09699492709563,26,77.73204810775944,0.4240762844196407,4.174201437431008,2.9307500591457303,395.19380890185704,491,209
25.14421570577305,22,94.25816119803102,0.1910314869480417,4.169755388940851,3.719017907079323,99881.4313803602,515,231
175.7456030935008,21,78.65745341184301,0.2037886939139281,3.2063572846373463,1.2749327307984712,576.1169726075708,502,200
31.171640625509617,23,123.68440094725572,0.6795476487870608,5.937038951722376,4.257273758312107,197730.7561800413,497,213
68.05375522906859,30,100.09540488910359,0.007014314748103793,6.624838699914247,1.872641938878447,95132226127.94284,506,208
84.28884897442826,21,93.50034579901372,0.14380435370136901,1.7953517059590982,2.0155326925083696,18115.017593587647,493,233
1.2923368214520468,25,90.13303103507408,0.8163661966991891,9.979234756151856,2.789069005337462,5638.766148082978,506,229
20.79876993743148,19,97.95429558419897,0.23703901781448222,5.7612048569293135,4.685031005528913,12640697459.726767,490,208
97.63792601551359,19,65.96355687461426,0.5244360217806099,1.8184576764539262,1.402092840434696,6238.113280722344,509,201
116.6489668032056,26,95.76827112313441,0.048239520964114116,1.0280413067190763,2.2120048435979713,3.528640170206883,493,217
294.40422716746,22,76.18361976664485,0.0006699371455446125,7.8883891522023,2.8933881237283052,2764779451970.9043,512,190
124.38970182271296,23,87.20183177818896,0.014896901958680884,5.10505448904378,4.090474895757579,23.130973296503992,494,245
10.105020308551968,22,58.79682966768834,0.49208260699981443,2.621406685050457,3.977602790073378,1637397.6895932192,525,222
30.380226139738458,26,80.82481685356014,0.050960644169423246,12.488197416117746,1.0007575915755438,426.3692783580567,521,220
26.189960157749276,28,113.49507872339197,0.059451343441081335,5.7304321511210965,0.3180736778424367,432944.98349109065,534,181
29.83909032904375,24,96.49011110996578,0.6216070019730857,4.507652650321391,0.7359659432355788,251826172.13476235,498,220
28.227691360699087,18,103.78117914019832,0.1754493856886261,2.4818211067685483,3.122646941486726,1084590.0642768817,497,234
127.4964256353982,21,74.86511263714911,0.7296703715338427,1.9728467140656718,1.148416434246257,0.0067746356400296024,497,226
6.215887403075841,32,102.42583113082995,0.009284777086619145,2.7054418237852587,1.1509554781663445,56984528966.50245,507,205
492.2080045585937,28,99.24883541168363,0.6716607073384191,2.355524566334794,2.37977623503621,1102427.2791305236,478,241
41.486503506092056,15,86.12609614948059,0.30795308302578767,5.596787170579012,0.984508594374998,0.2147164108473874,506,216
9.221301150013367,22,96.34414763123374,0.5365883249726457,9.045672436687127,0.0974043684739508,0.06006534161720391,530,230
36.01893524940975,29,110.0757622835919,0.2764497641443426,3.848040262253614,1.276039383508807,132295.48972423823,499,212
101.01538700753072,25,117.5305818649862,0.14616584755489062,0.5431486759999727,1.713802109315816,1102.9394302086034,496,211
98.51035964612255,22,97.59852582831152,0.15554493909777825,1.308192010144382,1.3058111054921802,49281.01807576517,509,204
116.9862400062669,29,98.26707812477179,0.7127588273618304,2.666936514737671,1.277584429886883,5932643767590.739,489,192
154.56553269617865,27,137.7646746788969,0.810434973948773,4.870392667844188,1.9937826852480687,114516.13357450262,521,246
67.25983035663167,19,117.27895062052153,0.5298440702074863,4.447109251916172,2.712450419194121,1271429993.5585902,490,192
16.043345211699986,25,127.08656587134311,0.34916242179864737,4.640565495077405,0.6214004907337378,19455.84328465354,535,228
172.85373310940977,24,125.85097944830466,0.09690186585806126,4.167408135103267,0.7113910752919849,1352.781722447985,510,201
49.93610474783134,26,123.62269315951507,0.19035868050158725,10.885812196866915,0.6030325490533197,9478503.41052764,482,200
1.522528148951723,23,93.32087150724733,0.08116851276223784,8.317311728479593,0.41570729727111566,18286.787869578886,512,201
21.984906810129452,19,128.65914893721364,0.144493885689147,9.218557813464392,0.508537414440025,1094230.365419706,511,210
183.9635476207375,27,69.815253561192,0.5651598748729937,4.0713582221807165,1.861490822087775,17092.505911679335,494,204
104.31160116875633,29,96.74615498732518,0.06084883261871143,4.91647897523305,0.8665996470004643,0.00047727509720780153,505,219
27.29576907543663,25,96.0708107419238,0.16097571105836803,6.41766890346409,0.7388976077840423,63193.594254095064,527,193
6.39434543185607,19,124.37503046780536,0.20532194785716476,10.245209501422508,1.2487509335765952,1439673.2741664564,470,218
24.66579567566349,27,76.77561294424397,0.06646863643184793,2.5013706725144154,2.3283761176914077,92547428942.2394,509,227
156.04614858112677,24,98.42277831110883,0.0005904987224378498,9.524483787916806,0.47678676767397854,6.9236805407614695e-06,516,201
135.76290848279726,23,79.62062242837231,0.2906396139774182,1.6433232717106614,4.397953219726626,71808.7084427827,503,215
81.74028651734393,24,114.24211975302985,0.0011401803671279636,4.355950537038007,0.24978364151592927,1858.6578612642313,488,196
62.91627835441385,12,118.61769863571989,0.08993541176929842,4.287297488018946,0.9384794984959304,745.4166340978614,481,208
138.7162032150794,31,118.8941771269468,0.06923190214244634,9.31493266942685,0.6540423101288083,3521.308296869517,474,215
35.80875144085668,26,119.49666159192208,0.020836177338831488,5.717599304038612,1.7163613710347092,0.07405114483629145,508,204
112.54557027147898,23,84.36148969536939,0.29113801844117787,8.294729902795305,3.238656871644704,0.02509220505698805,495,205
27.304814784814262,30,97.90906623655444,0.03865164803624538,3.2756293569481723,2.2272832129324596,2412806420.230404,504,235
86.60855000832974,17,82.17719001334119,0.056289231542123314,2.7564851485138258,1.9600318247364823,17264.345629701427,508,220
75.24148947288725,24,115.38338061615195,0.14172718086060856,2.6109923081460864,2.143881164376593,34044519271.151806,502,219
79.84369723774256,29,118.26887303842433,0.0007624470726962494,4.473644554385842,2.0664440586644224,2.225144772352276e+16,502,206
298.657502155126,26,98.22366806177725,0.00020086276073419726,3.437692482341236,1.176994499239191,94378860.50462638,495,202
173.52927427580175,25,96.42765318771026,0.060883017999784336,2.290677639407911,1.4933090283882304,0.5982693123381857,503,221
18.462314581952175,31,78.71960769878011,0.30554418547037066,2.793621075304868,0.38706978442177736,49957.104737197886,503,184
150.3540940587347,26,100.24728898020565,0.07682692545570209,2.3400112384895424,4.7948182786590445,321342.80432649207,510,194
119.70272903067716,15,138.47389013981373,0.23782111318688076,1.4282513994462191,2.5964216880951634,22090548.31681872,512,219
13.978035133168545,25,87.30727537470622,0.06829405475704557,0.93646948506213,3.7061176504636273,20149960357.939575,483,194
29.426420159729012,17,70.5881858666811,0.09033962418893343,1.5219856503165266,2.8393470727017887,6562.790265324978,514,242
123.12365676341403,26,91.29545469659503,0.8906320045235989,2.5922999029574374,0.6045824980742989,9.457068092320025e-05,485,206
102.18991456803768,24,96.97621288759773,0.1861615800698321,1.5649114650709421,2.3708954337617296,16280356990740.564,515,202
72.00049941181533,28,100.7263880894289,0.007733497022520753,3.208389548188578,0.9024056761123985,163.37438704780632,514,186
275.85246600297324,19,105.27402026947321,0.055633781318414545,10.407716398856998,1.5598522036601237,2685885.7235450936,485,204
22.429115553950936,23,87.89243457134708,0.845158020238637,2.501347460355572,3.4267076987160814,1072845.9542913414,498,187
155.40453495069542,22,90.85505201967311,0.1082416394429318,10.328086763022897,1.1528631203219206,2.175983432019454,495,216
124.11206354417723,24,126.92483858680134,0.47335521055715196,3.5955943997440367,0.2083178405280897,616.252954826915,480,233
252.07020165746258,26,98.42527380172447,0.5824140609740721,3.593575524242914,2.2159634019555137,55634626.55204952,529,219
221.72349823344865,24,116.06322103658272,0.17749598204220568,3.4449130236308254,0.7622985453956992,21719363.976140693,505,223
91.9057301397091,29,109.59531118460413,0.24467305897157818,7.535981542406644,0.5494574911881388,39253439.31811533,488,223
83.56559908033877,26,101.9452665716869,0.03269125560425179,1.6342043211010469,3.3596518428729936,18906.778160017006,504,221
98.73333738537089,21,94.90051344124726,0.2301004156988645,2.2107558719245226,0.5348150297273266,102901201565902.22,505,227
359.29406034992866,15,102.27892182610489,0.006573720943697513,3.8541338693461213,1.9676007800930888,76.93282633250618,488,226
32.094564392265845,26,132.57079449071472,0.07821383273852447,12.566040505369727,1.3905279178648868,270.58875040436305,490,217
24.714539742367812,22,96.88195628905896,0.021910241160982415,2.726920618535194,5.183217029423521,0.02783101633796174,527,205
181.3763550573617,28,98.85880047520504,0.8438119075894245,4.734915998176092,2.510723100225962,88.29384392296238,503,230
32.80283793469943,19,95.3086714726812,0.7740694017129779,7.297281808883149,4.402484532534671,187029.38002040316,517,207
170.54064541959656,20,79.5823196409238,0.004310757512602725,4.488690729036482,1.6163796905077337,637797.4941697234,485,241
43.271892514129654,21,136.781367557013,0.05601383959616791,1.3238765952170348,1.9470269530871862,1515694.2899794683,497,202
23.241384643106027,19,89.89265564388066,0.05290661378102723,1.8077294100902386,0.22234501640814522,5216.381773223869,511,256
38.17919488709428,24,53.69835810075905,0.0475646439899523,16.89132584840189,1.3510212270281081,0.047295877477978414,504,227
38.294685260710985,18,112.14691806024155,0.38181058975786775,0.957592892459353,0.6126514977766455,40358.51252151803,486,199
59.94917328513473,21,96.40780763507564,0.029539635165821726,2.684808433000272,1.4029436669512025,39486756.120203935,510,266
40.37738052413019,25,117.76955049284672,0.12611612659001467,8.162506472080505,0.48363350422589707,1433542599.9751647,506,238
195.10381547202417,19,82.43350035613385,0.18146493555001197,1.464759503992383,1.5105550393939593,1541.9509298184842,495,210
197.44595129793652,23,96.59455420184173,0.025710146227582806,4.896866839518936,3.396099398473744,2198653244.146216,480,235
38.29143267332663,28,116.52094890499734,0.6215279469807745,3.6892264551740195,0.31771076431994577,3022483.9847437977,496,189
60.519396411842344,21,106.14910256290959,0.494227876431897,4.43622977788728,2.012629464303225,27036140.465715144,522,228
126.76114817887421,26,77.1358886282643,0.3117366690670202,3.101062162736809,1.963818094342446,0.44074002717708416,500,206
158.84461844209602,22,68.5173879698643,0.1944400494905217,8.4942906886979,2.121086527988475,922777.8667187976,514,232
1.7402694410256005,23,125.46847827578901,0.00034413692047681265,5.906539170162227,0.9017519326895139,57438735352.03096,523,199
52.07573859316826,32,81.18545187093548,0.7656090878083839,11.707279546979148,4.581703722819574,19748.644232053924,503,194
176.56724547943975,28,108.89170990004484,0.15466956380168845,3.573332162898,0.5645065031787388,0.05335552922920442,492,210
108.30758663834843,18,117.60900505080856,0.06743909229051301,5.326286332331105,1.2036627676306524,3161820.282568974,514,252
2.630764703866748,23,111.44557268668802,0.08176276405906668,5.042356741761164,2.7455678629359976,1476693321.7148957,484,239
25.679518449876802,18,52.11172573471995,0.0043429106026635625,9.733211763500767,0.7017618998121158,35500.19304560179,510,207
64.9220490948438,25,108.10488616948517,0.05700791495730499,9.744046588828187,1.1888614456526956,54006.89686850654,488,209
49.50294780553292,17,95.86669961137845,0.10903672525803615,5.7899836673965215,0.2720123127307741,449755480.8014038,490,199
6.7172806316653695,22,83.10007877455314,0.09289339477167011,0.5181805996051543,3.2128392552821734,19121211.02701673,503,193
82.9121714623417,18,121.30120566163703,0.1633782015034354,5.570673254873784,0.8036557794925036,1946432639082.9756,494,224
76.81527889417431,24,119.2819265319022,0.9056829623477702,5.48156448719896,1.5224174057544024,0.055643548465405195,483,219
54.95502240012067,31,101.25104467721361,0.5917793919630892,1.8806374854680339,2.0793100143219707,68158.37319502111,492,187
87.26169324313851,26,114.17614397992318,0.5286235464795965,4.868816423898675,4.6379514682933625,0.4653973084614824,504,202
55.649155581691765,19,88.92524889426913,0.7704829385767649,3.903154506315854,1.8388691153466623,2214.532558001661,483,206
193.72011836429388,20,61.261172274859256,0.059781079007749954,8.364404364594519,5.698526384354567,4777995.193305147,496,222
118.54469367994194,27,109.91368867116579,0.6080379335473068,3.244320328316154,1.4645473249545646,0.27654939685596175,517,216
113.83184411575861,23,90.12207215722256,0.012599490749830607,7.441257509587654,0.5392487863129285,0.4556586162289009,493,231
61.71591961386805,17,92.84943604097488,0.237656379466041,6.311693961455027,2.3578309164123272,36809822.86313814,484,207
16.65806923919669,25,106.39404881002248,0.061663966550058485,8.364367352253668,1.602191330371223,15.141329337297089,514,205
25.632352591894332,25,97.51241674675819,0.007730535778007551,1.4187231329102925,1.5482811992081829,4.8766932499415,514,201
11.022079079753487,23,108.69379479360744,0.023944720778174694,6.349059092203626,3.5640952112906352,12.873287521344857,503,229
238.88871461642768,24,135.47352994339747,0.006349442142314571,5.7617513665539795,2.193046521773938,20715.312720342386,501,186
124.0547276043805,22,86.71919511937512,0.22108851509487162,2.780750127008023,1.3270317788676076,570816766.5017315,503,205
20.83215436241996,21,117.55939576653428,0.52565450650929,3.6251772431035456,1.3153032434634604,5654785.447514743,512,201
56.33170799433237,27,99.19482537833493,0.5767332714205841,3.2257170880272286,2.150084131552139,326053.96907055244,493,229
57.36082245816294,25,91.2776063906361,0.10283637199252087,2.206959294432401,2.9534800015984026,76442682100.30925,495,202
118.02547105850414,23,105.49791277190332,0.08489447238626088,2.436905164425564,3.6600500167550165,2218.5432660834854,520,184
67.8949544774595,30,97.65880698653017,0.5071443231186644,0.531453569439526,0.1091172747021954,7949.3766215318865,524,210
25.19436315140917,21,93.85503735139527,0.532260634867592,7.483715835401934,1.0033555975419832,17305.714922071285,504,212
263.75179232780613,27,137.03451756441743,0.0011223510949505335,2.2203373440308924,1.079377296206094,0.36121542496580067,535,204
84.23948017617019,21,96.49941010696337,0.18167023347582126,6.842109070457751,2.966189741235817,0.00014471574263282856,478,212
166.38026929763632,18,94.85176733417171,0.38739152541447774,3.4926267334354355,1.9842005667396942,0.6406203780783933,490,215
30.579600385579255,15,103.38643674908643,0.052748126774623,7.698297026505511,1.0048866680601947,4539377131651.912,496,222
84.59915803238356,29,126.05883109759559,0.004268174117848149,3.179441804710132,0.9664955397433826,972375245.9424781,490,217
48.160810974719595,22,125.34086846723667,0.5175496840711556,4.96111428051157,2.0519636965800654,7387646.371136371,494,218
5.434623461444571,19,77.68767346339109,0.16087302985715643,0.5315787878958455,1.5227888035366381,47465549943.64902,504,213
16.68766547746371,25,137.25101185446195,0.4743099716204392,5.051357644806609,5.266138147552653,13924.868394823738,474,206
22.401669761902397,23,90.0415946071426,0.6669865637948698,9.402800548033245,1.2675259804509973,11.004276415441375,488,218
224.26459687707467,21,117.89261066898231,0.036811658637743806,1.4172489929517578,1.4393418635483208,0.09950085483260493,522,212
8.316759066202877,28,128.89571455685763,9.98743580978073e-05,4.396712681578741,3.89106803749623,275057.9534121921,515,221
145.22569196715315,22,118.640633800673,0.5704895638876508,4.076068221618969,0.8784596950219461,2.975192726969576e-05,524,243
28.93594579463965,27,77.33603629788757,0.4570030819000309,8.753269423848629,2.5789706160332138,891.3175534516163,498,256
24.073719312116886,29,88.6886855495197,0.06437533718884834,7.700064430387721,0.12959342100419918,309375.75827076274,507,220
25.50884095754327,20,71.79097920428238,0.2895852678993149,5.262621517783691,0.9328186269423424,501373722731.5556,534,220
176.2426525053491,25,56.614357827054036,0.029357081801021388,2.9579727553586115,5.048342498800133,15.091642094402342,491,200
16.29937448689893,25,65.66541215309154,0.5656828871672985,2.853356919476201,2.715846279077447,3.2213977464791026,486,248
141.33117643216696,26,100.66689141655247,0.8861374613477847,1.5055565237934578,1.842404766368517,10169733.550074264,492,241
101.11132484164793,35,106.76755894490317,0.21465814137839867,3.826586386858929,4.3052881787846164,40524274.0185265,492,205
34.33613028405372,30,103.28719367192873,0.5454911444583818,2.3806630568925065,0.808530243043,1307649.6261347034,534,212
119.44719340676626,19,116.00033422888524,0.03327371656109176,3.3224817357654817,4.554075873086539,0.13412395924652348,514,227
179.487135270978,24,102.15653582377158,0.48117538267455395,5.06391694288158,8.208235621073946,0.0002106303364199438,519,210
26.539717470926423,27,90.8772219920198,0.0032855815893954197,2.3880572393336847,2.6336355576441197,0.023086266968996055,508,260
11.222615317280123,31,129.52090398891585,0.05392514700613933,3.6241144090112183,1.3113826949207243,22776100.284038864,502,217
74.00923245626697,21,77.82800434171048,0.26392233417283434,0.9855975613240341,3.6730288219703207,1546923.5192366778,513,229
5.41038029454644,32,118.60668586225233,0.0011854961144159826,4.66025277390632,1.2708457979833554,1366169215800.5356,511,223
35.83302369017075,28,120.50467381036172,0.5681838847539716,4.231133766237738,5.296919422058573,60391.862877420885,509,203
107.78017720553943,26,106.57829473659359,0.002189722126921634,1.5900574277984856,1.2606918599844559,0.7826109826285492,520,219
2.010356358682799,27,111.87350113602302,0.24588029695788927,2.390059432935233,2.5374013178683392,147272.88042178834,467,216
41.156463990737294,35,99.64851001314155,0.0004038738208346473,2.1065452062854457,1.6950549351110116,22762151721.116634,505,229
34.12479458922239,29,124.92321388093617,0.01304301319853182,7.858357437436491,1.2380438510068952,44396871.91591628,501,194
75.75013494379273,25,120.71870364714495,0.5936404309652183,7.678253848492292,2.3814761023596227,23.591167721848343,514,197
52.783714119752155,17,144.37405957037492,0.7159081635608971,2.602016098802227,2.2724803536185365,186752.93671228545,541,249
154.27533743881108,25,89.97906405103011,0.12963471441477298,2.7395376281811634,0.9645357506984658,7.155968310787633e-05,528,217
29.641411339563145,18,111.80224710735332,0.25098124174422765,5.429308940070533,0.36238531717034894,44.5001247319846,496,231
39.9169171117278,23,105.88270321397283,0.7232009280046048,5.3272071664597735,1.5511349470579892,28968.73811052595,489,199
10.795241747392549,24,82.97853780189651,0.5704919130486956,2.9449550927186006,0.2818213740547227,4262097.178273737,473,245
237.07008920099378,17,82.85490648163494,0.4798379869923073,0.6626133579632324,1.0039619045218353,5.278599362951192,520,215
5.902159389025809,32,146.77906018636037,0.10187353955601175,8.787216978979792,3.776075096888913,31.57492728520379,521,198
49.21952054270176,29,113.97895894282857,0.00020432423230669564,6.136259590186459,2.096333291699758,23470.217120074067,513,186
35.69123742564903,23,111.13381739140598,0.14559852079943364,4.6656573538928034,1.4191852246449526,9194046196.554241,506,211
223.4719784735721,30,135.07722732281206,0.3447503958560466,7.235021976696541,1.400403564480177,2019.7413481871906,482,218
75.9057035212253,33,99.83190525798189,0.5831541513189166,1.7863556829459524,3.2031184719594354,111454.74699335193,496,222
458.2467803982194,21,102.82134219088977,0.5771914313759839,7.1660749248033015,3.122074164893129,13146736.525260484,515,195
237.55507108397168,21,79.78533987860277,0.0001512022002387262,0.247263652902178,1.710533866856717,15484098.53460835,499,231
24.350073630475205,24,67.59805686779737,0.49777718764764534,12.641511520685704,0.3070894868818773,990194916.0959337,496,210
33.93363943737302,17,96.28581702505785,0.5851629205311876,3.8227155720060852,2.5910716939351515,673695614844.3917,498,201
69.9874479177932,21,77.88417377950279,0.001144073523413657,11.201795089677635,6.067660710841321,1.8841862954565745,509,214
181.55769486073578,16,131.9547716334008,0.41012146922419424,3.396409882383309,1.7591133614478665,8176.746207221137,507,232
36.53021849893813,28,106.32552225311903,0.09406484991806177,4.313821122080535,6.350322591275223,8877361840.201878,516,225
46.68628807151652,31,85.72595240138105,0.19776473469460465,1.151198879979228,8.652761045993254,127073.91634261384,505,190
122.61732565156622,28,89.78641534480244,0.2679096010937308,2.5842388581176543,0.8585944612102313,9471747734.90955,518,193
46.519410095544686,25,129.77262470509046,0.32909370319181597,4.946292279270544,1.319204621552405,83.32860340517732,496,203
86.17600479005063,34,92.36635287429371,0.07036070027180039,11.436121104249652,2.514736141126109,121521.67748744448,495,229
61.721352899979344,18,86.50750793422264,0.08006331524714196,2.7063729775583685,1.4861783899482814,856137593.6627369,499,236
27.804592193897577,30,86.47031545663317,0.3432454638588499,0.8977534009126132,4.561516049079047,1155201.5167031859,493,226
49.253139557141054,17,90.00042034486863,0.012240918641360286,3.901357434926862,2.4703391438309663,7.243813758367798,510,202
44.987702897821606,31,114.06768065364395,0.02306027722845144,7.268271364789258,1.0207128824937204,3985165.0014227396,513,231
68.28825151559653,21,109.44177925160014,0.25274616308159253,12.35010319383909,0.6966012471278767,19162.820686326628,518,192
3.6437783272098963,28,83.49090993028986,0.006217028152771149,5.343462019380794,1.1201490969489631,390.5956641977624,486,182
72.7557981824827,21,101.68203058572757,0.19447437096866893,18.771041674865256,2.6750344606354313,766069654638.1576,483,227
3.7369179705173323,11,61.29697214902892,0.8097096845990138,11.327894587154445,0.792606756892986,4.688271070781407e+16,498,220
106.5439432320747,17,138.73726969567073,0.04769481914700988,7.392449531867825,2.3724013100760715,58527044.19712709,507,217
58.03922700424421,19,94.67087650681722,0.24263761048733312,7.472589325275981,1.7587595157048386,0.032482292452723244,515,219
148.68010438225943,29,90.24036097723616,0.6037740762280196,5.284308489948787,4.333383223621623,54354.34632450453,495,204
479.81949617004193,29,76.74482321541154,0.7864157279285453,10.42528834249561,0.9338484070888603,8926956.789438868,491,228
206.36772641606004,22,79.83681214720616,0.033417726653043656,3.568573369980519,1.9285641016984194,0.01109085277829434,524,203
175.38185771208492,36,105.44781900605079,0.08856463470778739,3.518489900639943,0.7667156899902516,606.8654104316417,476,218
66.15738254938991,27,81.4333950492419,0.5338413177148299,1.7102071450334624,5.554358011616169,96.22183440740524,488,240
150.38216432382515,18,114.52039935310941,0.07523878631402128,9.753064605149977,2.13489284623044,618815890851.285,496,231
68.94396427436044,24,83.53425269714342,0.022109634527020375,0.6487965604816436,0.5739227637314225,135557433843.36533,476,237
31.083493524915095,25,99.42129988250562,0.11578249185977589,6.7638741764563175,0.9324573005805774,125556246.8882547,481,203
31.87467600736046,33,108.07427920269441,0.3656893131345922,2.2296437914036984,0.9638302664298856,0.004018749103701024,467,210
329.5133660641437,29,76.65414207490377,0.9790172085077844,3.7433257067114374,0.6196967361787347,0.0013417826222614714,519,195
346.60786041867226,38,103.46681913453028,0.021397054711805384,7.15210464843959,3.879574457314192,0.0057056771288983895,508,234
99.31550170625421,21,87.66015050226287,0.07047191029364247,4.167643460797476,3.1533513546577807,1792.441870382453,490,218
99.46401006876695,23,125.77334234697098,0.08088494813145473,6.165267732991319,4.9062764687423375,126177355.2292561,490,216
171.0806359662713,26,82.07579583377307,0.6135918468539895,6.546073937560213,2.4944281563222774,410.3270348711835,521,230
100.67900433435248,18,85.90036419926123,0.2522712912335784,4.874424225672501,4.492133319797562,1.0685750733204138,492,227
285.8817977181406,17,136.99050409799918,0.00012489860045808277,2.7882306192467903,1.5396934943771545,486313927.1071823,500,195
16.69270214630949,15,108.9788386591285,0.08558854647925332,4.684351791475286,0.29093461216143707,1653.1907414088325,500,228
350.18590419678543,26,75.7256965613822,0.006676338569169603,2.0825341601018255,0.599493188640987,999332.480996508,503,214
69.67284150316722,28,94.85405887206743,0.04474643248455555,3.731579743141075,0.744943269317934,0.0047522560639509815,520,195
113.67032884760894,26,113.77109641611985,0.7395083379580065,0.5434423030287553,0.612899541843292,0.08960199044173411,510,205
89.71574896754304,20,118.40841975402685,0.1661512066922607,6.782354622739557,2.022929190344611,142619160.0879264,503,216
209.19949716617984,23,72.10822322114176,0.3702396376981927,2.074285796017447,1.3616855202571037,53774599.434502065,524,231
27.57023981946547,24,105.59349543254505,0.4478051158048298,7.233956146485708,2.0064851454060473,256638.46545213976,502,220
193.50833269670895,24,98.96909047813412,0.0013647457587041025,5.19558356138517,1.5263363314539968,698807.9796907564,510,213
19.01848569111429,26,85.42372487496976,0.033329257924425225,6.371389425393318,4.334937020079667,48427659.08919685,488,221
68.98508263374463,16,102.29798566417139,0.005081494801252532,2.736878021360065,1.9665718805262304,8202848.1886396725,484,212
42.396604662287466,21,95.14348039402162,0.07966686644679162,4.56447735142664,0.7411451495993167,30571.959342644834,492,230
66.92976919584737,18,111.09323413079599,0.4476391566009517,2.830665861166301,1.3516452085178996,361851.4699832979,533,231
38.81442949668454,18,118.73580642250397,0.08755104756739025,13.52279449147752,0.4998977804491379,27.95781161584412,492,226
172.12016495464783,17,127.07131032627564,0.15997964883267904,3.454122566132021,2.0519244723491825,46.08087371919236,489,223
13.4980767104715,29,64.0356479995551,0.3362830499642635,1.3665339552126516,1.5217425288648108,407.63678839494963,469,242
2.5676280002762697,25,84.91327661359688,0.747246892646463,9.78668158801531,2.42166105913991,60492.80056825124,503,198
57.09277895651634,21,130.2210662688798,0.33876115534818796,11.746911137478126,1.0378945936095694,4245675.900960387,490,194
93.30754998763275,24,143.02770413826542,0.5696191085893076,4.090498896647676,2.43219169793887,0.07866106925432173,527,217
112.86138422477028,28,96.36456769292437,2.758895997630848e-06,4.344564193706064,2.6199334969756785,0.6207059692473678,491,200
134.89981880043433,18,99.10752831198465,0.01454282018533461,6.216885583391326,0.432118421129571,0.00011006353047850427,506,222
18.463725156388936,21,134.13048506025277,0.20689834454156983,2.1609622504131893,0.8851798348623595,807.3102234289584,516,190
365.82976905072775,23,107.89548682489462,0.0025824509604384736,9.593838871914418,0.6359998665276284,564730548083.9275,509,216
219.1171032821403,28,132.34784686141313,0.030508703748922814,0.9787613985420657,2.5704981240419307,21021959362.434452,493,199
237.9772159809925,28,107.47477591274796,0.6811192676425091,1.86848096503188,3.916135283990187,6722.499866094584,492,161
3.249320294773127,29,83.81107086640061,0.8146213475922451,1.5780440536411573,2.746189439773374,9285578.218195915,493,187
15.704281877807407,27,104.7739663520673,0.19224663149936858,3.7580060364343093,1.3527639333431873,20010.46097542919,483,251
432.3441796810242,29,112.88846016552151,0.3179891407276509,2.065142525103996,1.8442908463394774,3380203.4889634326,499,199
132.5975719211609,22,77.09281511418617,0.3366833410782344,1.9305255103981807,1.1918757369312272,0.5560253792651405,513,182
243.98195202578887,32,116.91612821038146,0.8206659058709466,5.257004866497576,1.7482645754551345,2662.4182541886776,501,216
8.602050965898096,24,107.34261027836313,0.028553661040925972,3.813271456756838,2.470967399797726,64092901.86894919,511,237
347.4076118927215,27,104.84875476832319,0.1121413396897899,8.966593330442885,1.1626533642428938,1096276595381.0048,469,232
50.767669380946515,16,118.17945486176112,0.04720887904585382,6.741319510208832,0.895783757862979,9426129717707.895,494,233
32.21397795077257,9,85.61197666782823,0.09810197542972686,9.49667580167047,1.6304091341045885,70.55276722204728,508,228
10.209470479254534,23,127.16014462686876,0.004390895074214673,3.6587720523233744,6.344391847448304,0.007668479910645842,511,205
154.67918094715787,23,88.79703175071569,0.00592303499827357,6.188604103703677,1.6206333382179048,2607125.6064086575,475,216
38.750936698442274,24,132.06043762158177,0.062169928094446394,2.8771137248579444,1.5057411347336966,401342984512.09143,527,219
159.78630970613838,19,145.98679193473515,0.33715478743894284,3.3443470687049377,0.8924061245490974,0.08195032660603291,493,209
34.30697631749828,25,112.15216794842277,0.05261362232913313,3.288758976906809,3.2192178028077385,0.02355733745003928,482,255
9.21965919800635,22,87.01698752872248,0.7429378216020537,3.3308702138986854,0.7207124897249639,214824.41600356725,510,197
26.019980522411405,22,126.62272733449232,0.10105968694976951,2.408402411051792,2.2585826737846046,141.74756288228642,501,195
83.75327663142912,28,83.5609013105492,0.4040462436417667,5.4466488108771145,2.151951953282476,4247610.328391697,518,249
110.04862940418117,24,42.6230192056698,0.6775823308846899,2.113524415172593,0.2884421436679395,9.737269753306215e-06,513,189
141.34419374790252,25,107.0050820973635,0.4193969821727434,7.04637115099505,1.6408148856471485,22580.027313702376,511,211
8.586307435354758,30,110.54668263710411,0.7593251505387748,3.6761697831956255,0.7536510127778919,20660.468126464424,523,219
259.8029174470462,24,97.28139065204768,0.018896193197832607,2.5647779844028924,4.627828776201494,242873.52143190868,507,240
42.0206661268467,21,75.63664689040125,0.09373872327959525,6.491277653605086,2.5973175866536473,15177.261473870327,494,203
63.047482487472394,23,88.35640029157227,0.12655804673072288,1.906941705570832,0.8309549432704624,5.204288690400327,487,202
58.85096671541056,22,107.93064562019549,0.382629794406836,4.604218405495755,4.025531308370213,7253.234806712463,521,219
116.41022275402729,22,125.64339824246048,0.01335468155251178,3.610108769995679,0.9180348447983661,52643734577.82519,492,244
47.273139477050435,26,143.73334403441146,0.1316046763941598,2.9449274454551952,1.650860254877374,8006286725.898388,492,219
95.12382799700553,23,58.70380720056984,0.13890129188144207,5.513055318246302,1.7120583569501107,12948.774472279974,502,204
126.86206864023315,21,82.29283827781875,0.08470736023972679,2.6138514750023165,3.5794444146844757,0.005752166405042306,530,211
586.0724516018323,33,128.0492901995353,0.5946598427631556,4.345854323215266,0.40732529927435623,0.02290557308429022,500,225
210.73562962771067,28,95.06958370305972,0.852203533964803,8.2377306216417,1.7180929842223607,8.843427669515657,541,219
104.46904470394749,24,79.44137854382822,0.26128163397732757,4.60089067177275,0.47186306312722853,9089.994222854411,517,205
48.735555737085164,22,61.94421831039871,3.292589577385169e-05,2.321681942554066,2.252305122697108,292358338.0488984,505,219
18.29934663214197,21,114.40523270398789,0.9092253992168026,1.6897254001624673,1.790074022215574,4729446306.754122,479,196
75.04016340484837,27,117.9095084005087,0.5930350926651298,1.7813637100183697,2.5735073220706433,11.230119258065203,498,212
67.26136367467109,18,106.54485126791921,0.07034249041907503,1.7299571257513824,3.126809471870507,1119.0086229877227,502,216
29.480389204060565,25,93.08054183138226,0.42514884881307324,8.078318079634634,3.1623777457691573,0.0015466263972031004,506,223
369.76500548617906,23,79.60934214209257,0.005412428365218825,1.1267040958893042,2.1491368074096995,6859294419.940044,510,248
76.13311990015306,25,93.70709796736315,0.2576117540614983,7.817822825923019,1.543370486919465,76378.95118869166,511,191
135.7518870061919,25,80.94711256580204,0.5101251722358698,2.308006519725284,1.2443052181605652,8.073180383201102,500,235
40.04467149417768,18,128.0705006523937,0.7799404519133598,8.580927258277361,1.3269867140863598,709855608.287904,525,181
55.31563806421737,22,110.66617908039787,0.45804180407798156,9.524282551532247,0.5879370249474587,20.974595346750363,490,185
156.35405446391624,24,94.70997908471982,0.5409875810158882,4.2321635067923165,4.245090847214719,2543918.5939438036,501,206
30.759440047840624,29,86.18538863629091,0.4796883754304468,7.785809121592019,0.441334784038814,6438394203260.369,478,222
119.03855916295825,21,102.76981185996462,0.0004523183592966162,5.233563961380909,1.9733549597715232,416110.1443194334,496,206
51.6549594750944,19,134.41627254272606,0.5906386545714788,4.187106335493518,0.9557689974405325,0.6602640188846328,503,207
128.3284602253125,28,123.43760353791765,0.8822309281959546,7.357390824782174,1.5029275282915011,78.39199649839348,495,230
337.0585978935305,29,119.09511645454405,0.004026984500389281,3.355993743949951,1.4345997374969495,83.66992931457771,532,219
41.20506100550698,16,88.76130922217703,0.4618956646876233,8.007968047817826,6.794018312514429,70479969.02613878,504,224
10.810492414693098,25,93.04173379611856,0.3288941222359218,4.629008699573152,0.38050208014734044,118249.91212286474,500,218
99.18625452634012,24,96.19900814684388,0.43201109723495484,4.27675717205275,0.8559235800963187,2.412666654057973e-07,525,206
111.71348055757275,26,114.10933221102175,0.18902608025482498,5.1045206289772045,0.8632631551676447,811.0800591843125,492,230
53.22294201677094,22,72.46935881801299,0.0003370542250092319,5.3765761062018615,3.077436728732151,230189779.46366692,509,229
2.3785448973487466,29,112.04940259707075,0.08303959696333542,6.467184829620324,2.7255702096788186,34216.37759520282,519,213
45.07249036523531,30,93.77083415523849,0.26130573782472516,3.9508426492344397,4.230308066723916,660484737115992.0,473,234
109.68930938968442,23,101.05766218677672,0.07062786693698167,6.270980771066104,1.301597964312899,2781325637.266863,494,192
35.331708479599364,21,78.19527334949214,0.18039555481283676,2.117979981915329,2.1182671158414137,0.014221679937090755,489,214
52.53556774478838,15,118.33072516393122,0.5924094952776264,6.279201465170836,1.2633597174934228,20969.32280681214,509,198
12.92229833981361,30,103.32434613943774,0.5481996395708723,2.8528895319750447,1.9323392125908545,405178.78685146704,505,193
87.65447270723182,21,74.84505061525562,0.8602137208842351,6.236791840560766,1.3652012819724,19.025412151742437,545,210
0.02095429539232751,32,93.78943861446584,0.1693237257056588,0.633129812502759,6.039328645958786,3.2651814274521108e-06,487,230
66.38156827126174,21,117.56844391868526,0.07778375039942204,2.684889184233514,2.6057720298854026,261272234743.54626,502,200
9.895152236757024,28,104.40453908948713,0.6900765352061152,3.900777563803863,3.854426478212929,36275.02998441442,490,228
84.36438426183574,18,123.02318815678888,0.3817014086254833,2.9045993717055296,2.239572282138288,1.9065052366428918,483,192
187.68051537784757,23,98.35453385864656,0.0022872751857122777,1.5129663056724123,1.461536528588381,0.48559853877638004,504,195
249.11486426884534,18,59.43933557679941,0.28063245150658567,5.28928625573627,2.6371806786849916,0.0427175713201795,503,182
262.3498636877001,20,83.50597146254077,0.000783624043761909,3.3320690376684023,0.6558846041357826,386840.2293227541,494,233
103.04557253285044,23,105.10937430573026,0.6773141192656151,3.7806078270096837,3.047625661838768,0.05161417455775443,505,179
5.111721246455341,22,85.99739694541826,0.24964338589436524,14.044756668360344,1.7048199924552858,1001680.863580881,490,216
51.59845645777923,25,94.4333761897554,0.09850075571010633,3.68299180710321,1.4025633567933062,1746114413.1607428,500,225
6.082165874075731,33,67.70318831035985,0.15989091059990806,6.4182090429848175,0.7445657087332156,4196135520.1956873,517,200
56.2450543391663,21,108.90726184158692,0.363903475849868,1.6749755107953315,2.0406530614070486,166490.38572946342,506,212
89.29285434265282,23,92.88286375172179,0.03139124874319642,12.265624132002568,1.4983366659055308,0.8648108235701116,517,236
41.534743469899546,19,105.56888106937646,3.398326961075554e-05,2.886518970155558,2.638182211231565,116.9649485440029,490,205
205.9189167776484,26,119.88662441730452,0.4699147278403171,3.9846415074497057,3.4934044047627806,1866369.7925582912,523,257
85.04356064839463,23,113.98973351543174,0.05463123148460788,4.213660914129449,1.5980015162837786,1.058870711461783,516,208
20.2904729992509,23,102.57397454406428,0.6196032794346648,3.3625839812901352,0.6052602206660009,18.484081247407392,489,211
4.764115727050914,22,76.31385755911836,0.00010060462001909237,5.405618989893206,1.8846626728221514,0.4508573240281184,509,205
128.6504257364321,26,116.67199328698305,0.0032895439591917263,6.706624474192906,0.4429770537763189,60326928.691984825,480,243
478.5076068313117,25,81.9880337253943,0.05736319356068597,9.096787371650072,3.4452727940787087,805064854965550.9,501,238
198.38100450072568,31,92.62807388045584,0.14587223304479838,5.169850068500236,1.779844312007376,0.0008411773484338377,502,226
93.82186250043173,20,110.90311851799073,0.005663657999006354,4.791366471066511,2.0951657975849263,236515.341954576,507,207
8.040812781158978,12,100.33558530702892,0.36622014963655714,2.123320929268314,2.9757296661942747,1278.215118989887,503,190
24.726290961775092,28,125.05868979428865,0.003102571885126003,5.589038878474277,2.0112514685039176,1514.501850717755,489,236
9.270260862708742,21,109.9575691852731,0.811469070800445,13.370743979016565,1.134346183712214,0.014630488109727531,509,197
122.84604472318028,18,100.99410294594878,0.021884068564891057,6.572454932300505,1.3754415802442763,3524.757739981069,495,227
56.427936072463815,22,150.54904324342584,0.33212051008620164,3.971589475910656,1.9310014425225612,41.87802970850446,491,227
4.31911069003934,26,47.42146837444608,0.6789295356624865,6.357684687187749,2.526538917034441,57413412.042830825,483,228
46.66440178019532,29,82.07554004398898,0.0013881377127135548,2.36536881717756,2.3971112674551565,1841.327794571696,493,241
277.41853639774627,22,85.21372482441701,0.07599710001082029,2.6089543699380022,1.6552109841383353,68178590465.81549,493,209
313.5902185280981,25,87.42860642806804,0.38054299188913276,4.209115832135003,6.510955736722977,2.9631521349174614e-07,510,238
35.44080963293283,27,81.19174325724728,0.16568541861661634,4.139320482430034,3.6292667252488084,116099.3938049599,481,183
0.072538645000522,28,84.6294487697099,0.15192825385973946,5.816443205313419,2.3340781555794727,326830390917.6835,508,220
3.3283627621005807,30,101.19948802523253,0.49110202768417727,3.7149986453381345,0.48783299398762353,3.9512694069267766,502,226
35.680578308743215,19,109.45838618528299,0.35249747427024175,4.015835086278872,3.767236975845995,142959.3298633343,510,224
23.51225354953602,23,79.92813268455991,0.08386575521108522,3.018844767522648,1.4768903474984822,0.03186983858684461,518,222
85.71386073742345,24,125.28094501771682,0.10664402718780354,3.7506460701035063,0.9876262992227308,205.2257801026546,510,205
18.427509780557198,21,108.56873814611566,0.08917292523760742,3.007683021626183,2.0000546476535637,283.1915133618621,482,212
58.80667935985065,18,104.40494355511177,0.00021554348076460026,11.296861044202528,5.325358103788906,78332253.63632585,490,200
46.636487558758034,22,106.29478369278576,0.12089066938809376,7.716092796417697,2.909719409201344,475774.4845479037,504,205
80.26339431265002,20,88.83691584624789,0.04476418794644982,15.359953997225565,1.3314344633171236,1206992769562.763,485,186
159.77089184486644,25,84.81162768600562,0.2351472271043904,2.8597014613281853,1.5282739156906866,35282.33261739743,510,208
130.26970818592844,14,65.37524245987906,0.30657909031083047,1.8989109188550888,1.2534811449761516,2172.279069926399,511,207
1.2111675633675945,25,71.3024856284464,0.0371090787678714,5.937164908950103,0.8216958498775355,33.976136807660005,506,213
249.9950628882719,29,69.73337614810436,0.7865932100413362,4.458584669179536,1.7543882842438168,12427941.744879793,503,190
3.5824673074004374,26,74.18313571760257,0.002534708804745519,1.3483521261672715,0.8213487491793818,246133.89942404235,503,239
34.98250768149704,27,101.89591417012912,0.788517811417449,4.337564744520238,5.048807935245342,98675334.45963143,511,196
130.1293083605003,23,105.63023154230939,0.7531882143962579,2.6469135312772756,4.32399424671205,399736204800.01154,480,248
231.07908761124912,32,149.2559689763128,0.29853693442466067,3.949889195585351,0.7173393003799579,12.254419900124022,497,187
119.24544394932633,22,83.02082597498989,0.4442015899496458,4.466478000851115,2.713711790162307,1631120.1990669044,519,219
52.582022973537455,20,97.32135495062417,0.6798334123339626,1.8676187178689958,1.9686218222654461,302.5357840139371,520,211
99.05879292216471,31,115.69826811615218,0.09687705371962092,3.0354231604290276,4.320852325402397,0.6718819165195644,498,219
247.69993630819096,31,109.98904678608248,0.9023057334783543,4.308128157917292,0.5257855946245004,1895.5149418453193,508,230
106.15323550795954,25,128.45622482861128,0.3504673434724557,3.7635417544495278,2.7425563130376225,49496129.752804846,502,223
41.991473953702105,32,103.82907870610006,0.03628415751662024,6.693393276262949,0.9332801543920198,4.16922534081243e-06,516,241
4.349432846826896,15,79.67227119076156,0.08905507326790334,6.730953806001677,2.19746093827581,3.7133207315334236,521,212
72.32168211458149,18,102.33648986692411,0.14972231099235947,4.71071743613128,3.066195085133574,435470.2730381547,498,199
8.981352942941475,23,95.96011344987048,0.025880634356337164,3.849460206677194,1.0648760476796268,142.81074416160877,493,212
3.3364798172343253,23,122.84417863727616,0.395445493042073,2.207860897419495,0.34366005149293133,89396093.27341668,526,207
33.73293228325267,35,53.83098162122142,0.1206696715336902,3.2387910432529745,2.7907991091172963,72.41575425106376,479,229
121.40023055705407,32,131.03411035209433,0.6426750765301579,2.271198302345182,1.5684072496103731,1659842.006564315,474,255
39.253257788956866,21,115.31133989112206,0.2505492085033541,2.4886920048241263,3.444754231869621,307683.76304180984,519,177
31.076089236171644,32,93.40939473112932,0.13324349747517247,5.537959542481281,0.5392005884316202,0.0014687213962479772,477,198
137.75885205310885,20,62.80867330196987,0.033132223375665966,7.315459186532675,2.497769689208926,239568.7732011588,501,195
21.475199924343464,20,123.87485171097623,0.06725792868937681,4.554709818949442,1.0461456382838448,1.8649734771450146e-05,517,220
302.1883194120887,23,123.76557779066442,0.17439702672655194,3.7446545600538634,2.408435990761581,5514.063108227268,479,198
226.20473812809766,27,135.16441709336345,0.060292182542587516,7.537331411871438,5.755124685623942,309.92343287955435,507,235
6.624260170820458,30,127.65279947203038,0.12473098676165628,4.025527682272457,0.9851012725318161,2849753821813664.5,475,230
55.32103046346866,24,64.8363847001406,0.10973356304391055,1.6022608258845292,1.2356118030186292,34843491.92053294,504,211
85.20562773370757,25,65.10492418689896,0.6596230373147286,9.64748168829289,3.036752176745982,1422.4106959116941,510,206
8.310459615071714,28,142.53181308103223,0.012952476195907567,6.07323910070224,0.665129534614528,63846.61420411496,498,208
31.740484602166685,26,158.6635842984384,0.363939519164678,4.546519331117847,2.1066794389592096,264.62522162956276,528,218
44.48343516403723,15,123.19832834030427,0.16464771013878865,11.559268623565456,1.7251427267902075,0.053576092909126426,511,189
276.23795077613363,21,89.02826809601991,0.22533607115661455,13.08541936798583,5.347158562141806,13306568.742994528,502,230
58.06659017630002,34,80.15285451227945,0.33696495967747425,3.3813011603476038,2.0135440901160906,1798.9299824462332,497,221
56.156461084046484,31,127.2612071589405,0.3813315908331742,5.291878114582753,2.162772039830249,2.3668978261507494,495,220
72.44158490124532,11,91.38685833394563,0.17917104481594398,6.7339083321360365,1.1691164522759614,172.21435133953074,495,216
6.149598286857636,25,87.66885851951781,0.781285349713614,1.452827705763932,2.3585628239579717,964707269.5479134,522,208
8.48397903443095,23,100.50398483272183,0.285915387856112,5.712023482165037,0.9046103606452196,7728408892714.617,520,219
115.82214897775891,23,86.26243536167688,0.6599201178365826,5.20647210252269,1.5818658358573696,14536.129063365312,497,180
38.567968785785084,30,110.01708008388097,0.07253572403920297,11.097675412513624,0.931998386579016,16912542.912173122,507,188
34.1896568666102,27,106.46348168471272,0.006667616590174891,5.345349668616844,0.7335905819476769,2463.8193138194943,495,231
53.65635418713723,20,91.43688531417106,0.019865668242688178,3.062022559004612,3.7606244615799875,169000.4760242137,494,196
166.95230658581676,21,123.55292060469705,0.2883960450332201,5.46398437923713,0.9245921499307307,32.79512586333361,472,229
304.59364080369687,32,109.97897009307987,0.19133168441324602,2.0250942257764546,1.8119715962216647,12901643.835617205,519,207
98.52491211721353,31,111.93778903690719,0.3034320712687696,14.177295763754296,2.143370907511427,2.415165628416591,522,185
141.21264079070997,30,106.80827382881733,0.42569190773106563,5.699467165714592,0.4832444060887471,46568.108060850616,494,206
46.95926902231336,33,91.08903222057671,0.29398418113130886,3.1359577486143237,2.5236984260174613,0.01982593888876322,497,215
315.9574139850333,28,113.17245448304416,0.5791154735803318,3.4424106539817005,1.6128328103493685,15.760971718972016,516,238
30.331785398784806,20,93.16251693095728,0.9523586916297104,14.009608391143491,5.583713273709444,1764.2220560155813,502,210
46.12219567701951,23,93.46980019761314,0.30597566323133785,2.385792804687554,6.000109445119275,8.224040445038991,491,210
114.56687352227613,24,117.44537421949477,0.16606188842226213,2.8043683174882537,1.6285537342052703,3.9101385552450416e-05,526,204
12.938274279617692,20,93.49338668401496,0.00022091319977281238,7.8384928185168965,0.7940760177459435,2290193.741725545,512,247
207.5391782377367,30,77.11036674310986,0.012294681100537129,0.6847262771565464,0.210259103406516,61824604.00650129,532,177
159.06352235765405,29,75.21844184961253,0.07927129160981293,3.7144740320178364,1.7628061727564968,278.50709012313735,485,203
14.570396488686354,29,72.92275677619995,0.010163707618585484,1.2212185661161878,0.7105655731206555,0.0052194947603802005,506,213
88.2564405228204,21,93.67317866765944,0.3127556066625075,6.175890728232818,4.314792603493529,1.320108363271478,509,217
15.409308425285273,21,71.15775610861995,0.07054378117169444,3.259499354591276,0.6750640926757631,636.9270255090667,488,243
14.626729656012893,29,98.98328782886642,0.442083774357291,10.405944842150426,1.2338982502870146,22649554.781110242,479,203
0.1491524507319143,19,103.14014945730983,0.6099918513538976,12.45268869993987,1.7572360969760035,0.016745989261360193,525,198
287.4786114254972,24,102.17409141054426,0.22782115566622121,1.9729353962551324,0.8835482057618101,664.9223964293391,494,258
75.35741291677832,21,113.90866568914115,0.6255028375229404,7.178773400561996,0.24539676945020078,0.03265462301096518,521,251
237.7347940813371,27,65.334161263368,0.3734098858872391,10.637007419274587,1.1523282913359845,9569723.042323165,531,196
78.81246741705998,22,89.3717810537892,0.04850479793248565,1.6601679691753521,4.363164530836232,76027.33145779172,487,183
78.42941957337666,26,86.65066035200587,0.003742851214794123,2.6855806386140113,3.1492084271009664,48192385001.93659,513,198
36.14792887857997,30,101.53414143358016,0.15732661522414257,5.546417001797824,0.45655599858355556,9400132899738.502,481,200
31.753101492198045,27,79.47005058253184,0.003490905396759629,9.44972510958715,1.4481156944482334,63300.477566750174,505,235
8.0214651854486,20,97.37792222832313,0.8674438606819419,5.44746049212164,0.7001048346032382,233308702.63150588,500,206
108.63514027307295,28,90.0742006428975,0.008735295799191948,12.401481261624475,3.6259320971585094,37828170674.86291,501,213
2.4322112415135133,24,103.40052871446518,0.35960190400353154,4.286966763605124,0.26526451245535604,1113168.7404018748,500,186
25.026457174689376,29,77.947351996174,0.19059014702979277,9.421987356740768,2.929601634295302,1304.907651118825,515,210
249.31746458684168,19,108.1956254829896,0.1744917234489534,2.629531615648473,5.527672644690429,0.36682885328488246,478,224
60.34350919418509,28,95.31082551479166,0.3307392419890684,0.5878629273010599,0.9491581428742809,20.518833325246515,517,221
75.50377341561178,20,92.15626251159011,0.18297322790482934,4.4675273802709805,1.932873525341448,16382.959972522118,516,213
10.263670740780997,15,98.67287025956456,0.09667864060376592,2.159541833354292,2.624849219765667,0.000942166526150368,498,221
127.32999461281973,15,103.14474827045339,0.39789368644906753,1.142606634760726,2.0135385800884307,0.22595456504858658,499,198
312.90940238480863,17,116.40622590457131,0.0013749578599915671,6.335684541460173,1.9377025857178143,0.0003089185592293328,525,197
180.73657171926396,27,126.35814724062456,0.17742549353908593,4.021941618951824,1.9069601611987896,0.0028360228750477696,493,211
62.98936702658733,21,115.65245546690194,0.017474785682044212,7.120525284135228,1.5628195423754578,4.132227430715707e-06,537,215
82.23879325299058,24,76.00826008881803,0.06747201953534633,2.246036669549823,1.8671004806579383,7.288022082750355e-07,525,244
127.41503333075632,23,128.25502998831897,0.5564606298911875,7.597767752767235,0.7484971758652286,166798233.8357469,490,212
70.21874341144071,24,76.13107892529216,0.013386645301361771,3.6704802801308487,0.8454659253298025,1442.046195078983,497,242
257.31962333251374,22,84.58959807129705,0.0023114424097728766,4.30968920151079,0.9161265385843597,204017089.1120715,508,200
89.65948068132259,22,115.38568067196734,0.1781723785953905,2.0293441346543295,7.359923225555591,2291522.221294695,496,213
59.391865762008635,23,109.31981691028865,0.08289429276885345,4.782986379345794,2.6882689354536633,5942094997.215683,504,178
110.43520313024221,35,66.13653045989697,4.208068889014777e-06,0.6821533419624594,1.0344362996292928,26.10306910825378,474,196
154.11641701332084,22,118.76473900038428,0.6434268799262098,4.208392839973303,4.0296831005649745,795703281.5157396,515,217
126.05525876260238,15,123.27316925266261,0.031110344319033867,3.296452160215124,1.2260057326524785,2353817112.926288,491,182
632.4192928064284,21,118.04540322886696,0.08360125247739748,8.600701922472881,2.723543622972502,2.150127267471401,503,229
432.58296158108305,20,98.80169800796003,0.00846081204659668,3.9312681065645685,0.7939053924819053,42684917065.65999,484,231
0.6500864959713266,21,55.71697618387455,0.326138332928418,5.710069265134593,1.7749767707059028,1230.130770128209,469,225
26.955035240008833,24,91.59571364863201,0.11107207324372721,4.137981888975289,1.1213987208512146,223416784.27525732,483,219
53.84991128742509,26,89.51717479843822,0.5194368206197069,1.8842687609143853,0.9609636034363983,0.021190592724989275,508,238
139.11074175453476,29,90.9289259076028,0.49361393256464364,6.963063853511906,2.498893469480838,101124333.4702999,514,224
78.30615448668901,27,104.37396276582287,0.48282192685885783,3.939285295206911,0.6784787306899466,2044053157.5437953,495,217
46.437746613975385,26,89.17490675073414,0.7983299413643767,2.395665189258954,1.089830723243551,0.1176330224269672,495,219
20.395016120594697,20,91.64842102430802,0.06054654586326118,4.265522568305733,2.394125169833244,10.720710252566473,505,215
4.054902250117273,30,95.11697933167028,0.06787009017775612,3.265128896884078,2.9913704428180288,259853.92933571886,510,208
41.417430789030504,23,75.07663599682638,0.06043456954482197,6.1522606033982035,1.9421036385779176,1.5105707300835802,483,204
54.22808441866284,20,84.09146413393765,0.05311379525901962,3.6974578549504056,1.9113962493022694,115141706.2229065,531,226
111.73695555837423,29,109.36218404511038,0.5580515361684393,5.673008964356911,0.8878652047454981,901149747657.7836,489,222
39.977539290220115,26,75.99215887295593,0.09999229894906538,3.1639546626241275,0.7714304662613795,84881.3966544768,493,192
138.15926926153227,25,104.67478817164798,0.33446945083956603,2.587881985705918,1.1295039626624102,585.2293312662724,491,225
34.80455882485274,27,115.74405803873765,0.029889530342577242,9.42346797391933,5.421573627223565,1762.3636068038727,486,218
141.99095868506024,23,112.53905042577381,0.27444219374073864,4.527171424042288,1.9861782504857977,276.502836936168,482,222
143.84462878596796,24,125.17080374268384,0.11322566932402228,10.376807584948898,0.5167290970711867,23.06647720748463,509,211
87.53752706782826,26,103.11357566612736,0.1464765997840408,2.495118786119938,3.2174801725132913,16325.558597965814,503,213
4.205819635145663,24,128.38867741144688,0.14547732738237956,1.4125895799462924,3.6017569515139414,9131.051603900278,475,207
542.5416634435974,18,63.909958242506185,0.3697523354949626,5.8317530377632965,1.0054455721793492,0.01040689418750672,484,230
219.87964464837003,21,123.84337104941378,5.951355601176637e-06,1.398736763456024,2.6721528937212087,909120993.5996405,497,204
68.60514154611393,20,80.38104148444579,0.21387284904514442,4.889948386664636,0.8830612311912144,7.212183000214556e-08,524,206
91.79269298958658,29,84.70346069643142,0.1141467394773117,8.760646598073267,0.7205927799084025,88399.17040938028,499,206
222.87522194517555,21,81.64688324899154,0.3378591765014191,4.4896093277244775,0.2750696133225879,1609376847464.1782,472,226
31.994971610102823,21,96.38984916549315,0.18988604176224969,2.5269503332354564,0.802098810150471,11131364485.739174,510,220
59.744066588579145,21,121.4011739794154,0.04777375125716806,3.090793622348102,1.512018420819755,1628052.3690527047,510,230
74.38778113675572,27,113.67997617656926,0.07991108603806758,3.554969062339689,2.7776287978388323,913.6692205471674,493,223
67.45110178171001,27,95.45984931999155,0.46774365299871845,5.453613646382361,1.4419286043483421,517831837.7649395,527,218
99.3177775985324,18,97.01909493472489,0.2826606976242924,7.363605256077318,1.8734628334646428,868473.3275534196,515,190
251.17259749935283,24,121.61039677543464,0.25693280884819847,5.359151929565978,1.710261573781917,27123.252814637697,512,216
58.69970205900239,32,125.59354286793118,0.6384231347888263,2.909070797942809,1.964411313460667,0.04405571951404471,477,211
100.98780305939812,30,103.89815903833839,0.39459939122419974,6.918330024111454,1.3427128696268664,0.017034841365746303,509,212
86.89121731752248,20,103.66835247063136,0.13189694822651554,3.6768980972176966,5.3373432122942335,7800843.429973302,481,226
86.13814173421703,30,105.75635236352943,0.05668039417689158,5.412252610511311,1.0990068930849073,3401023544.206717,495,207
6.2057545231402935,26,122.83682378665125,0.23798650262065651,1.4310458029724238,3.2860593871667083,0.0007688223879810789,483,213
65.18882996675858,22,131.96083918116332,0.11441662446242025,11.626637469305132,1.660280963696582,5783793.554046282,527,248
159.96210568586534,21,135.34291006633302,0.0005835034150035179,2.341011667549603,2.2169712888948956,34.94989401911291,490,206
30.033447043991774,21,97.4015425740635,0.00028428830647174317,9.108623428939184,1.5251190926954454,122.69424821929601,489,221
44.24306640036897,31,96.03936692541204,0.35986021705466603,0.4830751635263093,0.3546216127712541,32966032515.580456,487,231
50.7692073904697,23,120.77802248446936,0.024958560253594747,0.5989330908469291,0.650541166580549,3203002.299858687,509,227
147.0660654835819,19,73.23980078808688,0.6920560304490149,16.195898988243986,1.0544561529290497,13818.99126050335,498,221
64.4575931744234,24,122.24742632245957,0.0341813998539521,7.099685328394081,3.324292621637323,204686.30849455958,501,221
35.650358498373684,20,95.31852282778651,0.13296022362021248,7.551929554214464,1.3468516629835083,1.3190273873119068e-11,504,236
1.3414572995994045,34,70.1329423830381,0.14666621770191696,1.436307934578258,2.0905694081793436,1754392176672.3691,524,212
167.47399794370637,22,65.01965070098565,0.746883381446945,2.455018839033317,0.5198797020605991,0.028044960977709397,490,217
78.48024604555992,23,62.574417607735896,0.0009045180518335006,2.8455260067717556,4.495931371951301,1.270787882740558,522,232
26.024345388268138,26,94.9866958893148,0.37314864304965384,2.9489690208261905,1.3701329500350328,0.0026150824298804285,497,211
135.13128824811596,31,93.4187781028586,0.0005295240568770378,2.829774314997967,1.4554226574713574,241620.10669156027,472,198
20.013361290759654,22,117.55698055033047,0.0005144286429084528,1.474294781473813,2.9729592614557223,2763.563542038394,508,216
172.60353605153722,30,125.87700411024713,0.55819888308987,6.403754098130691,1.9561161488646972,144291.7406558384,496,169
3.2247943965690626,28,75.42874257960179,0.12332686640268262,4.308910720152367,5.091014691995972,174.65976392572205,483,189
123.25832804350583,16,88.88351165172418,0.7080921296967225,4.753665329275426,3.102436915142177,2297574.2215114683,498,198
150.6854694373304,30,119.83084986835937,0.47228999556612833,8.2614039853552,1.6000953538789635,5216935.320849275,532,192
44.98959536719782,24,116.81270003402139,0.09343004002105997,1.4438038875752446,3.739833928875128,28326.503885198417,513,205
119.7704875890842,20,66.81155003609587,0.16380759799920386,1.7259601256402783,3.3483089544490037,0.5836404748881182,509,208
24.998498294944525,24,77.06811101998531,0.7042952723252384,4.510095357758207,0.17427154093525363,237709757185.82846,484,204
141.31940516534303,31,72.28662293559242,0.08496500525755869,0.5486087169274136,2.0483591628111326,4503.676729644546,474,214
39.74093828874695,29,75.55035907501227,0.0011355830414786798,4.55327170801446,2.1689338855305156,1.7093027446734361,530,218
71.60847203706889,28,76.32082096365727,0.2253790839466863,7.241650673281822,3.4183855482171963,35.01682394907628,519,194
40.7053446083883,29,83.5492637621527,0.0001295586162237631,5.019510129491642,0.41282466412697655,4620476265.779498,511,193
13.536832539135457,25,100.85744324150622,0.01580888867440952,5.855931461002469,7.604649125730626,5.7943327869136604e-06,472,214
135.35128933746572,26,59.20825872561344,0.5703568564650638,3.270789546399314,4.04657848827826,6.185573105261684,539,223
252.09271661838198,22,119.22489827880523,0.3295203058120251,0.8263611257942376,1.8298758225028726,4359.217242796841,492,218
30.507530079615098,17,113.69756482493233,0.4636468754507923,8.7206951168545,2.9105681193642137,24.045633234304063,507,188
1.379593464692608,31,112.39846757681323,0.36595230685973495,9.744415175538222,2.344193209841687,0.00018031597997168294,506,229
37.26227355338775,22,86.37250281382256,0.024851009696060588,6.306817385974043,4.123826323783471,68.0355150864748,472,220
70.27367596764472,16,94.46712061894922,0.3788979540869297,6.6910423094763,2.3928992447688677,68037.35241684786,501,197
60.5783101913386,21,102.42321884527718,0.002200354627090727,4.2908474829580285,1.8559271567536428,0.04147524424012688,494,210
240.82014992799904,28,103.04487879210168,0.7363963556563421,2.0014247080488894,3.413991158031475,1.945488261012041e-10,510,216
3.2744359049766345,21,103.97406103491745,0.7736347182797846,6.2621738821910515,2.668907451130652,1330.4984635103995,512,232
42.04332480135859,20,113.43659920195924,1.2851029291493994e-06,7.356053664882753,2.458169112437843,2.068195877959352,523,187
0.572593250216998,24,90.51255529578236,0.0032674016391764696,3.304947864428653,4.037311120540796,2883627686.59827,491,204
87.0394502935441,35,92.2031553040752,0.20352397727024302,0.9412295615687499,2.8071378984788415,23490.492149208425,510,227
96.9857171479173,29,96.53364538413291,0.22146643089083767,1.4673413101724038,2.7517735685839906,131156464484.36368,498,221
9.370942567254144,33,82.0810643878738,0.6261015298585945,1.340393688047513,0.7508987750722587,57850.82341953119,506,228
162.43355357000178,19,86.10501608032162,0.04335698547875182,3.1436541238621234,0.5816480959970974,123393233.11816974,515,214
249.41032396098475,37,94.59824290314522,0.030515516713975347,6.135559870371068,1.9116473745047111,3679179391251.217,475,183
249.84073191582578,21,94.92367895347635,0.11137239070808039,2.2905771865381666,2.4503349568025343,12160.108154456484,501,200
27.275858441974055,28,71.14292565809635,0.002832543853546347,0.754199962794467,1.6709726220790266,5382583.370664398,490,213
81.63686410395752,30,99.11410206661229,0.0057788040821014144,7.120592359411894,0.5669197312091127,72370817064.50137,523,209
16.414123058772194,17,122.78722082653232,0.0065103936291358916,2.9658688485922307,1.6875326084166373,251.5796802413425,483,209
3.5571268587088603,22,135.81450319784406,0.03936980521563715,5.135058636402252,4.113400157926449,209539215.74325755,502,204
44.485498528127074,28,98.5660344831187,0.030806094471065665,4.023463006205743,1.872008597728263,17.670751840815246,489,248
168.60412673336293,23,79.18155533181883,0.24896687320141056,4.101617341653744,2.4101456477556855,27620700.72892013,497,216
316.32938159597893,24,112.47656001865742,0.4366857701373791,7.330956439037531,1.8232983137962886,6.732938548922701e-05,519,195
72.86682977466809,16,92.0890302123328,0.037959919965235664,8.85975587148641,0.9559224937397448,7571.895835814583,528,194
92.7210240168942,14,63.45541277126057,0.04779150520612383,11.091318562100765,2.8374373867315286,242749247.4627646,535,176
177.34944807727982,22,106.2973426791265,0.1307552023885696,7.283505174706236,3.678392758978065,33.36214933356299,491,212
224.31279503306348,36,116.94198550574228,0.11551031954261537,1.8025377656890704,1.378299405425915,197170.12486817164,476,222
91.66046967105311,29,101.93458509736185,0.055096472950418626,6.9886470895415975,0.7763865796802254,7.173204563534325e-05,515,236
217.07906279627284,24,101.44627344189063,0.17821970693796532,6.514181679599063,0.6532821367762177,100265675.02358373,478,223
165.31324052099313,21,130.21551396987968,0.17033180489705704,5.092090769006852,1.571262877309922,20472289.156800125,502,249
259.14360357796863,27,94.24493972493173,0.8488080137015959,7.254813526922972,1.1532047582237388,85670902.24761833,503,188
174.36522920456997,17,109.00532089581107,0.01007414305346853,5.8519241851173565,5.531158856061131,15101.441513166212,519,211
10.32839819350524,27,79.55946560587704,0.023463327022524107,2.007639513383095,6.191342750450906,57397.83668869026,487,220
34.594832567155755,24,108.54284193022374,0.004265243217667339,1.6215355972548449,1.2466494008835243,82171379.14047883,507,229
12.831068237709312,21,70.55681418090965,0.5374770580385178,21.269453581033762,1.855084168700979,881.9001812641046,491,208
9.177638440722928,13,98.36262627415898,0.02229277098848822,14.449817420959656,3.8760018884460252,1.7726151691146544e-05,497,210
30.382111589913553,24,106.94950342890931,0.043218606202013884,3.2522049510013464,1.5888888015055522,2473.7554145588406,507,214
86.07370354898643,25,82.59281042811435,0.14665131844495252,2.2255412410181226,5.796191633759389,5712.601691772954,503,201
85.00600726812321,17,91.47284580523396,0.5604481482156842,7.282022095394378,2.275675651126256,333747.4809921757,517,254
136.57767385578043,21,91.66797343988648,0.010378520382612954,8.413296498029222,1.1867089409972507,1561.4035381122915,519,194
34.614819092723934,20,75.1189623816479,0.28995742960568777,3.7171578727399037,1.7638956579476306,141460468.89169565,471,200
75.92765817273121,26,80.45652040800947,0.06300431682027713,11.033099099082522,4.381355529868694,111284361.79555629,507,232
43.59552475934005,24,103.91184069551427,0.015667095131106826,4.141566714482222,1.990337798139009,655478.3666698445,520,195
102.93348611690287,25,111.1936107216075,0.3295094900583995,5.198599892679466,1.9109137177991768,4761117.870420888,494,237
109.61278429062801,34,97.82808878873504,0.28337884924250617,3.4488376749886394,0.5771235192843426,358421829130.18616,485,200
50.53477045710206,24,86.70812233323971,0.02323559351941924,3.046963768342027,0.9552114480268772,904.6941743356796,522,220
131.98094132925112,21,86.08328973286946,0.2657527667853359,6.986892244558403,2.590451346603948,0.2268481204325332,516,232
141.50617434534269,21,74.86328009253141,0.049294430844148446,6.0580601900600515,2.055922652872881,19942321546444.082,496,220
14.983983950147925,30,95.00484429594556,0.5372382267440806,8.855097553659824,2.5619100783748854,462869.3226715456,494,220
28.03618611588415,20,94.97577750600898,0.07600152206252696,11.360304802203549,3.0608067048062604,16884529.921052184,501,242
167.55596102553346,23,99.50657990186016,6.494167367715113e-05,3.2560188459596646,2.428500936677352,14.210769548355593,484,198
25.79007038342883,20,131.5220110990736,0.29560285469891595,11.375469365446031,1.6152821366526007,16950116.34907663,492,199
6.329584275349951,28,89.49208045096256,0.08723009843961894,1.12201648493948,3.6258806542473674,52.62329068341226,464,191
22.647960376606918,23,98.85233259914358,0.0635017601232326,2.5654723177204866,3.5811047991341822,1448.6565162033462,500,262
140.15399699608858,18,90.23401330248707,0.6934030532528669,5.305270512700977,2.5429444761033873,979717.4332417861,504,211
115.22191480337473,26,112.25196024775614,0.8187428289964158,3.233563495130032,3.867989139858192,0.0050302986397276995,486,224
371.8181070611473,32,81.74373400871875,0.23071619152751982,11.51399720103155,1.3629763768263474,81.69714005530871,501,212
253.93236909269766,31,115.03409429195762,0.3968546897543802,9.057055333150437,3.0576267383315168,668477076.4444678,525,226
134.41234452716324,19,80.73265285354717,0.06832923578652651,6.188941021486853,0.41062447671738084,0.6424043016271862,502,197
35.00746669798089,25,126.33312426315484,0.028088482414836823,7.119820947478999,1.46509659087096,1417581.3401351925,477,223
45.699089811291586,28,81.60681424449595,0.7608372262875124,4.500269631896442,3.1607031423528507,52985055.62542848,477,212
59.331490412224106,20,90.71100554551498,0.003402623223380614,2.404383046251729,4.3536346146377385,26306.770701606514,515,224
184.1045804160139,30,63.81882472604932,0.3361050503797466,2.850552109545932,1.9746463049323653,1.8131417373315455,489,222
4.71446036493807,32,104.42929132089768,0.014792607399944572,14.147633862612167,4.943330487684566,8.919238815668617,511,244
120.15874349972965,23,98.85758287364868,0.0017062628904886716,2.47847764299359,1.8067546957080194,264485269.70570016,478,215
35.001183319553775,26,141.80257553415387,0.10214167397381976,2.5129266518160627,1.8136154290677013,22376773.38679796,490,212
26.882601794580296,23,93.04961295786205,0.01723150565280634,5.225719036550292,4.019658049237739,0.0001130722413051665,501,258
484.74338955528606,23,123.73780964610219,0.09013898332809218,7.418740253801313,1.8485662374220366,32.88158333762442,506,199
102.75152116478435,26,124.42752969532695,0.20985918669801007,5.928345193382352,0.6029561730595063,412475514823010.56,511,221
10.346035119200154,18,72.17919487898173,0.018952081651283325,11.228377589512741,1.5013880499153496,228897762.1538336,494,221
168.9753570531499,22,114.96413196289195,0.24401562427438309,9.883480230775694,1.2655611557359165,3.685096912618025,504,234
54.364152656532895,22,82.7859589380836,0.18262361071060423,3.8754239450835164,6.360128131475595,0.08090323120879836,498,229
108.54848552491299,23,125.57347695955104,0.06658523370726188,3.7445938706949717,0.9140186775894453,2.4814966387937476,507,255
237.85434395616835,16,92.73180920906381,0.654161906792426,5.032751140886309,0.3344338925146932,6241421669348.827,487,229
2.5091536756116084,21,91.37144447700547,0.10658798828404996,4.137036799633743,1.7457199718829606,63.091672687120514,475,212
128.58367626784707,35,103.88766606212674,0.0011831714098452645,7.5719931727409175,1.5688640959234825,7637806.0561653655,494,192
105.75615509266241,13,68.05524343364638,0.7621494286950186,3.0322480545713377,1.1288952406029371,0.08064155269302871,498,217
298.51584492323144,21,95.30390219998522,0.12179928212831273,2.7143445876019165,0.2856673414611463,251.20461642980743,489,202
56.63165723288479,29,133.76196489598124,0.0007587020918954272,4.201222063058254,4.215276779516737,23184.85436353142,500,200
69.47783020406271,26,132.74426453974502,0.4241528178148564,5.9625187109816284,3.5873366900560177,0.04305810822646195,503,230
44.60299233807518,27,121.39591974322889,0.003606116594495206,6.1958926668791925,2.7935427492052796,2.564242679743067,481,224
137.1344785070398,21,84.86580026808454,0.17468368373055165,9.678896298897081,2.2777175158249645,41066542129.744484,493,244
185.28298246948168,20,85.29230488691414,0.2647505451904547,6.71212704266841,0.8200602407281175,43484387.99321812,511,208
5.750389436355549,18,86.70612982703713,0.8530163963627493,4.134879996539624,1.1911863975900348,21769.395157481227,507,198
155.7099063804073,21,88.37163000376916,0.49650182392900816,1.3758125856742074,2.104512860127768,8.858819191766333,492,207
149.29173317808701,24,90.43350536363373,0.13548815796440433,2.149349507608956,3.3624027924100326,528.4276579032796,457,200
42.8244322256885,31,92.61023276937794,0.9426159359540911,0.5378514542862565,0.8436620758945977,121.52900270625277,513,204
47.952313341735376,18,102.2901241859024,0.03431572156566752,6.081658034221203,1.1920431750981937,158.27987129961895,506,184
0.9090616459509164,34,87.48825216337843,0.16823381851301386,7.252678946270652,2.358594781742089,19790668.277206194,463,214
193.4993961730825,25,92.3905354222797,0.15998362984137166,9.164979275256561,2.487635861747984,4833864248132701.0,514,198
187.16587431345138,25,125.02970664064165,0.304780800357104,5.774364295231098,1.7587132256549165,213.4538916104242,509,215
474.987421418342,23,105.69676656243017,0.11580800868978247,7.82160881511867,3.8357548438489393,249.22512304818625,488,241
17.39755555433555,29,126.48007887703143,0.3261342379405862,2.2300833504190054,4.625311431874958,2441569534606.626,484,264
124.68164338380122,29,99.62825559896419,0.1513236221884429,2.880544968455228,2.7916168041625213,49098.18730035606,501,212
39.559225810533945,19,109.66494759368523,0.7769311321647018,2.3392226666919167,1.2738971827967187,33022.60922749038,502,201
5.916451904426391,26,78.9894363951853,0.08933381190294083,5.288025114861635,3.1936224629417183,192564.84870704956,501,219
9.786865625485765,20,124.33818761691707,0.5162920627316259,10.433318515166475,0.6768448972254555,42431939.97571311,500,187
75.75379464148126,21,114.35043517973432,0.2115131252144735,7.2671031677784965,1.331887283133889,1452198.8152353116,489,202
342.37147691727256,20,159.1084629255911,0.20916489826095888,3.9057927303858953,0.6581765292516549,30594.635118040653,507,246
57.54755648162423,25,95.30372945304691,0.06612968981753892,3.0008902595484335,2.218500920861006,79664819245.83582,517,253
371.2493528160034,29,72.24982880813378,0.559333496632853,2.4682289271791644,0.7812338327766304,25.878505927608582,494,249
117.66655875168527,34,97.18055028007802,0.042549154933375556,4.091212340694872,3.3853855886426527,4209.907389599327,486,221
18.34460567239607,25,86.03386226901372,0.22374913297969354,2.9228572770039225,1.7489070109989688,0.1907447140634228,499,200
33.059806467044076,16,99.45887435447746,0.0009082027383896296,1.6550840178913964,5.107041341404265,51.01802904444181,524,213
34.1045714136498,23,110.43836142512778,0.7603163503889624,0.8827331266347386,0.44570107565712486,19212917.094187297,489,231
164.85442496259748,28,72.5244521838192,0.0015834165783042019,3.0094805662863857,0.2905358706049454,8282.25806454712,524,220
8.50270714693386,21,88.19180542817602,0.09716556661137907,3.422460472368503,0.947211424812962,53648946804186.7,493,196
16.5143122615244,24,57.889807849863324,0.1828163364272396,2.802265540588147,2.9156289645441964,2051.6548997872383,498,204
208.3713382800076,17,99.17235334421437,0.0296492093142034,1.843646598227111,1.3415344853579267,4.691312171622848,516,215
31.012498450228698,24,67.96848234078143,0.5243967212705456,5.575131731762871,1.5099598334404982,366753331451.71313,505,220
139.09841996980384,29,59.07105495451511,0.6418161112083547,1.7596355166143696,0.4545787879749105,1.8930862993903373e-08,497,208
9.322318276549078,23,128.4690744516138,0.03486502213147713,4.612244043958322,2.2468396031195534,2.6389627043753697e-06,515,231
36.18041208054447,28,64.14702333025679,0.23441820486718862,5.327861552532439,2.534668236942414,245.102135654205,513,226
42.517043072201936,16,124.63596369712492,0.08085509245620942,9.113818140016887,0.11992875483828917,1681273.5526518733,508,187
117.44178831382739,16,124.58073612449105,0.24782860578693738,4.993063437511147,1.8078112533807622,0.0004596310997271869,503,189
17.876892952480624,22,104.84660711254276,0.016837648110136164,5.575016588531405,4.815498176554663,275624.7223575682,512,211
160.0222635022506,18,99.24556225467086,0.2569866515990794,5.302679696550804,1.6717877100946175,1.9579556998287022e-05,498,213
42.74417094879857,30,100.0020303144593,0.47721764562613905,7.333365346343632,1.1685841983629823,3.906050852059177,489,222
112.72936366137331,23,98.62643284179057,0.5320221217482101,5.39393113785091,3.165740524776236,0.05558832693832818,501,201
237.1909158543077,23,107.09686453535558,0.021232235443279974,3.289839594970178,1.1795677849807291,425.7403334623651,491,200
91.16491286713928,25,111.43290535226292,0.3596237026563923,6.251688523964699,0.9962542752812065,1020947803714969.5,518,212
63.86227002564184,35,102.40354237977174,0.14519761744725745,10.125034818634855,2.532935661174049,0.1660307706416069,513,241
8.369832849700263,31,105.76044599614104,0.028860041248634345,9.288400378175085,4.545459941482345,5991871999.129863,493,224
83.9224951803829,26,66.26540594062733,0.3918055436699276,1.1294905846624572,3.3608166909899193,2006.5659469365776,445,224
67.44103733715431,15,109.70016390078894,0.13674038831874955,7.087955115767069,4.006049012706456,231820.179166677,506,247
129.8503616081463,28,117.14273270205908,0.0038961960864673374,10.647892576634343,1.5071330526370126,270426.0709970644,529,215
79.71923191069955,28,96.79046084476914,0.1205273212158874,10.347815906968695,1.1891511217234154,0.00037626323095673247,478,198
134.29775594992,20,66.17474521886245,0.36600835637769313,5.87340722954394,2.027122356233268,2.8236538424074867e-07,507,197
240.69907402070564,18,125.05721180517577,0.0026721436360757564,6.426608531326887,1.4880026472664185,16460.214620198534,507,206
68.92059997862553,23,88.72249792630457,0.3284303468922968,2.4261456581010696,1.5001330379176891,190975155.75686964,499,194
577.668058441381,24,117.65241221841978,0.0019849503722759883,4.417539343555914,0.28817524169381487,120482.17434069944,477,203
38.997131408274264,22,122.50112427125535,0.006887097904193301,12.759384821158314,5.9754203985276355,825052.7058362945,489,222
71.31303442425357,28,117.92598472457321,0.39043539705832564,9.989914512239116,2.1835033054590847,1090273544367046.6,494,220
526.617533258636,23,101.23093332094689,0.2944861450740595,9.328827785338598,1.716350414006308,0.03979903045611867,496,239
308.43462873573964,28,76.75918086195645,0.6322304558748768,1.1882261170446735,2.5061723384516057,122273909867.96648,484,215
24.068073317954315,17,124.24809195331328,0.6670587531078698,9.187049702401687,3.300086843528402,17881675.43521257,509,224
58.41904441600083,27,84.97972973295967,0.7071967031984796,4.242894992161159,0.5105626814535388,3054760695.0032215,504,195
467.3283984707284,29,127.4646894112425,0.2733536386554008,1.5273733883220386,1.0111058383460922,100387.72458739998,513,253
233.93141489678507,19,110.9319741700107,0.14859841613530994,7.484745733552945,0.4595513250840595,139041717997148.92,488,247
217.19625543696424,28,134.8805579333107,0.5148176225773129,4.946639853977935,1.662172643810758,1137574970.227729,501,205
40.227296312410125,28,140.4610137864667,0.13270533579883292,4.895473229767596,1.5985469011715239,870.6565204220444,466,255
188.10028383580257,19,80.70469234814088,0.16534989073944037,9.52207239338764,0.564880687770429,219714.5030796554,509,223
361.85698253792094,21,105.1314003997771,0.04134802512395995,14.633375858718352,0.799125447038947,243.24059075854905,537,218
373.2379108405024,19,99.41406884076274,0.0004018005016456341,7.370650886677092,4.961411387246393,157615471213.75958,506,209
196.4708134726875,23,97.94066840468966,0.4132902825711794,3.4032014533812904,1.8252260830802314,0.02125788101191706,523,212
150.31299997775,26,110.71061344061921,0.4597660265882842,6.791448302609828,0.9520153052591592,5546582402624.853,505,212
39.084668948018546,31,92.61732933093133,2.471735615284836e-05,2.7096241584751084,2.529327454657064,0.02333961740495157,487,218
29.553671031952796,27,102.34961799473348,0.22239770072524495,3.8600657528472886,4.9633839077324495,0.003697244598644501,497,214
158.44528265108565,22,120.36169837290888,0.6634102178898942,2.2940315796935784,2.6913094504402757,0.7748148063820977,524,170
40.37298924315066,21,96.94192160093444,0.16190962648748858,4.494219544765679,3.1521134086200506,1336545022086063.2,500,233
55.564723402624516,21,94.01501570427567,0.32950426972971025,8.257577569938787,0.652383909626768,0.003354817678906714,511,226
48.440672594820526,29,109.29436654867538,0.7365160769932421,2.7177806180609263,0.1893853736979751,16644876.382913413,507,190
150.83667794117025,31,80.09019655922779,0.6118598725382994,1.221750164140656,1.5942163029138665,3.1229797911768025e-05,486,241
28.737593557912355,23,116.49364464465198,0.04873835478080932,3.6568670633542237,0.26355470229463723,30278.133484799062,496,202
52.69100900324798,26,87.07857733899932,0.28242791662616096,2.2220029257038934,0.10166527668217015,446196189786.55066,507,257
6.684917292546643,22,104.89752829464932,0.001955030512689746,3.4181469532642157,2.648788879141934,533109.9554763574,516,197
360.1641694042951,31,92.99678405712578,0.001949975945150773,9.263107988478856,4.531585571076392,24016.120738982787,511,225
359.0636699009925,24,106.72813452916105,0.20834889909404125,5.537825306145385,0.8486632934419854,0.021433857663337344,505,208
262.37600550282497,29,113.51999898283594,0.4928542370987782,10.08321399280094,2.5237198109759094,0.002113835705757709,511,191
78.8888024168168,26,87.61362980085516,0.01325511023141777,7.913615816155079,1.568543206260431,1906990.8363824412,482,217
101.56435124762491,24,104.6235066299468,0.015794414349188744,3.4539529155821618,3.8757626965335485,27941.645829545607,523,200
15.161548726786487,26,129.24284382712418,0.16889413308971032,5.962972195895474,0.6430810523762082,245.5125681228678,504,206
159.99531821052784,17,125.43742869383969,0.23343401759698099,3.422012286037303,3.9991630516185057,105.33055928860063,474,229
59.876939628542324,22,99.11784563896911,0.00012970617755665302,0.7483014819611863,1.609673042520112,276828.1403051465,505,228
28.76051554179158,21,89.19303454359995,0.0647007291479207,9.562641817927895,1.1338744731764705,21449.262678527455,507,198
67.28538376655095,22,105.16404462280143,0.2816064369969099,1.6320148763210602,1.67998895242324,2.6468659668907213,483,215
95.63466300282566,23,70.74805068147205,0.1474506590881083,4.325186944205351,1.8083770254527596,104253179.56484568,523,203
72.8388916563185,25,87.06882189697637,0.0053973285780293725,9.309441463843733,0.42368425698612694,2.1396153870902482e-06,481,210
51.9574915006476,30,127.57761944091574,0.7743581600855345,14.046363459633193,2.570847149879311,69892819883.2322,479,236
27.38759349555314,31,120.02184868919127,0.15506673756807504,7.422522623216231,2.990826107126654,41458.01400150828,495,210
30.0931091235057,23,71.39702457440183,0.05113004563590253,4.734042354812461,1.366934845839254,8.371322487433303e-06,508,261
72.28465236511909,20,102.54180903331662,0.015494395174568805,2.846612521726973,1.2416387402047404,890.5409475074165,490,196
68.23735279363856,19,120.40699312450343,0.002529035055789322,3.944930405294967,1.653111276967896,2.1564745102953045,484,199
41.41579728783944,29,76.34595641492137,0.4945599274545195,2.199795697938152,0.793212456666375,2205383947392.738,513,245
35.60340675977871,24,100.46026411443424,0.6607940258360193,2.7885037550319716,3.1234460863558353,32.210093919014376,493,221
90.61316609838266,25,114.69475288217498,0.01319617422058396,2.708190089304714,1.0488106400581954,4823.946372221038,506,212
8.34422282243705,21,97.92859630566672,0.007661004812328052,3.0277112879378736,1.3746173880629011,55844.435457560554,518,225
18.3749782544984,30,92.88408119409524,0.0006786383863071249,3.583400122043102,1.801786460885858,0.011963723619007183,511,232
8.9252473165617,20,73.30764245813401,0.0345091270328687,7.840295963834732,0.9743774953864595,2467744.0135675045,505,222
16.700245310267675,28,107.9915459960197,0.10945921955744467,3.656504369890173,0.27888465654095207,20.871647087018136,501,204
52.03281574715115,30,114.23019465283544,0.8463864270510675,3.602209646136342,1.1874685496286868,0.019578394432663522,550,231
39.59494227941365,20,79.86021044129096,0.016585249069452187,2.05201370048631,3.1986217097311043,641156.2015808398,515,184
64.52754200391881,18,72.30916318265218,0.7889649418712189,7.700563919626129,1.6053570081716437,777047.742470865,511,201
98.59332944890878,23,91.32820047441172,0.6248798700442814,4.5308293289865516,2.0874805130747456,66190.01337466414,517,205
100.56045331026937,16,80.63016296498105,0.006721658795186693,15.785698103758998,0.8666581728734531,7061956941.807919,504,206
73.38666497876929,22,45.19349438060543,0.056527826078865924,3.1625569692849878,0.368941165402431,0.17708145154766794,527,233
6.350364859983033,26,98.9350896560698,0.024012867320401907,4.684889421221139,0.4877674226815281,3.977069487830146e+17,486,217
8.660079863845956,20,95.80596776065845,0.11994320077958454,4.016812127075519,2.9629998217898366,119.49860783133936,512,213
457.0794073413612,29,99.7251465886429,0.41059780012953856,7.905893097428042,3.081282509904269,128788.17382231356,529,242
56.839078228141474,23,123.69945791012188,0.3740858493039434,3.576355821900675,0.9031803786652495,27755.502616935337,515,213
78.29217070559534,25,85.00350392522435,0.01760636120834473,5.417128894526626,0.96881873446327,48529560.05218331,495,226
32.1489433731211,27,67.18290729034518,0.3309171029441201,2.660092886321397,1.7139316597006027,0.0004610407291351885,492,176
269.42038894905573,16,91.32559376587689,0.12182548097420665,10.190123341037634,2.820682221729402,117.49831168603143,521,217
7.962328781826964,18,89.649550246752,0.06836843476159361,8.378465926982432,2.7254809181087154,1.2352843717205908,496,209
40.74890008029375,26,83.96788326689905,0.03556470687621653,3.73876164352591,0.6409645759215481,1036.3183741415853,506,209
21.647447062006776,18,87.16553645455879,0.22164582321518184,4.335879034672513,1.3062451262278305,37752978833.868645,487,234
168.36011045146918,24,94.89818570739224,0.4012102765095938,10.373324514418833,0.30165597200035876,0.004163968739098788,486,220
64.70240338824084,28,103.60435288653682,0.03158863362829124,7.410953556591286,0.5288920343773857,1547461366408.651,473,186
71.82052215105674,18,90.42049828511706,0.351139959840179,3.447314979028971,2.570077940250522,3566855.8444545637,507,233
48.59672872783748,19,92.91015232519482,0.14849050269476574,6.395040372916175,2.9254005772766654,484092382.76560056,487,217
65.1036596531041,27,124.75692470444892,0.384422697123163,6.472171409399222,2.4841782568127235,2.3764558096434123,495,194
65.30357419491139,30,99.76369835085505,0.5686181980648224,2.531734183008269,2.8321342445747675,8.492054243913161e-07,507,201
34.92149291126322,25,83.95167374518988,0.025391175563751197,3.6572298761506428,1.789726862497271,46442277.16072594,491,200
4.954172504473854,32,92.65863848385774,0.013218529994525016,2.9327737800440175,1.6254724437037373,6185.973251949987,489,210
114.12466371281553,26,106.90561581023869,0.40689636383740274,6.817113846062741,4.62312632216566,2231178898.184368,489,225
27.614089462904452,19,104.80881605851198,0.009788430875567007,3.4920930110586617,2.9534724655870934,663.7457652130706,513,222
263.44454148215834,20,102.1230638242858,0.10407146728276635,5.298097326364134,1.2419920352430207,0.003029682556333786,495,224
1.6754719951052555,24,98.59772987387642,0.061276060979693785,6.775383106318855,1.6507950937523062,11391066.251611926,478,231
33.029653325488646,19,89.52971084031599,0.015835660991660866,13.203093900647797,3.438532586834004,8849825982.259617,494,190
76.5601635113093,29,127.75963567018235,0.14446582403386848,3.3425453662271845,1.290110602049138,0.090152381260958,506,167
290.1710176038286,27,116.06517498245559,0.26175723526295785,3.5990832246346742,1.4724978827373658,3.415522626210521,516,193
96.14363252751936,24,131.80906348676817,0.5335231786783664,3.4384912615304115,1.3722515220992553,12202304.524057766,494,214
328.3344892799246,26,127.17160490857896,0.08529065654184693,4.816043998255509,7.878914149888957,0.0566507163786195,500,224
35.9806493982555,24,92.84806838857341,0.00018047929833040562,8.68987710951934,1.0791847038799762,26552555095.403,490,193
61.151579544619885,22,108.21813512490199,0.457009476729578,1.4292249569074111,2.1414165703180337,814255860668340.1,495,206
30.03762015581884,24,105.84145997796696,0.06335036109105155,3.537854444730044,1.5502085103433112,153411.53009704384,496,218
70.82047236380808,24,87.32305250474525,0.00569935272853224,14.268889536588468,1.7112176215426131,469.4840966689018,490,217
51.206396770740646,31,73.9864043643407,0.2611219324691217,10.553335908017056,1.5457008839292816,709459473853130.9,522,202
299.37539421031596,19,108.44444680214806,4.070355535801599e-06,3.91547551382812,2.6738486802280206,0.5352935124096116,492,219
52.566121027483995,30,97.5309655569219,0.13539495454221925,2.4562380985998944,2.1467424362128957,127452239.72113314,501,208
13.335972268831107,34,111.98627687959956,0.006165464571514757,5.972671350947504,5.654110789826221,0.23173129254833866,513,208
30.569088349778657,20,75.69357319131527,0.7672696997001203,8.398274194404253,0.9357640292886132,66.68709049174409,494,198
150.71199528964289,32,113.53282734243552,7.038178007418904e-05,11.487894241471428,0.6096226859793562,63029739950.576355,500,192
138.70918335445648,19,89.06611468244839,0.011605076475836933,1.5443025692976995,3.223064542809015,9.338126248623952,484,228
69.18465450494872,29,75.58900279873953,0.2999658519866046,9.622966207055981,9.855930923661296,52645.34423970825,485,196
168.5665856740459,24,114.18351079151134,0.023803253600234265,4.49335833499041,0.8622939867996314,45441347718.49643,506,184
147.6734822803568,25,109.81201657208715,0.4263453229907925,9.414491222948541,2.1169812855315033,858025568.4364585,504,212
100.80307043619979,18,84.1736862850912,0.11499229512086893,3.7788543619416415,1.0878460859126136,926.11351036035,520,211
70.39493362329429,22,97.3752432973358,0.03183448838749651,6.432576510590489,1.3548639940230154,235491.25088002096,483,221
77.24064864613631,24,90.14658695125091,0.25242529773372857,4.521335260124365,2.3532002998077166,111028.69333080234,491,218
103.55234493313677,28,78.1341897314141,0.4193469745537469,3.42885406980328,1.8466243066849302,250.0497873124153,488,220
27.172313611741178,27,143.53308145296887,0.060954587338053895,6.351775236867773,2.871237971010042,0.03716623613441376,497,208
43.44744466715058,22,93.20036642301288,0.031052459259415317,5.021501485847861,0.11172390540986644,5557405.565767801,515,188
41.08557631549819,29,91.50842191576464,0.004027095216008945,7.3240333500163235,5.459818327080326,149544.89865077444,490,193
125.51589781691308,28,62.62926959336848,0.019571397028718938,7.112538910556411,0.40350584644471427,5371409.38913453,493,229
85.09942190873308,20,93.83907784938201,0.06965779226669663,11.59493168013162,0.9726508299564454,0.0017781432768489644,489,229
9.12734041474873,30,129.2662586365698,4.8673942629453476e-05,2.459117844623643,7.618567811565921,1.6169919362903582,511,233
27.939589207719994,21,111.33641919277908,0.6559906864240606,7.974496646973592,1.5568137560847626,46830.52403254898,514,190
8.016645541969739,32,97.27885944029624,0.27037823019122303,3.7262568626542274,1.3105661268662914,4696.241985258744,514,210
85.15930140975914,24,99.08730879438032,0.6290646799636468,2.885801940942476,0.03596954975718817,13432.199071460933,498,197
62.3966532649643,30,77.1675746138903,0.0009747074607681651,2.5352544217671125,2.62592301482444,5683.170738367929,514,195
28.186814573163126,27,78.33150178198538,0.23899610946407013,4.6142011931122395,1.2582925678169405,6408917.56696784,520,203
312.9255683741172,21,76.5667159585803,0.021524659973160394,2.211221931679603,3.6319996079090275,0.011554477515737781,515,209
338.83372200347384,22,129.23452302276357,0.36095736963945785,2.174315713345247,1.2522881493848297,2401.4771460448824,508,196
36.40586711808741,19,121.54917167188457,0.022787930001163217,5.441016565014379,1.969459073019844,1074036.375937058,490,209
130.75684094827068,37,98.66737636236982,0.15968256751883686,2.0654187968027666,2.672440256427582,0.00581585807424869,493,187
3.3799066246643563,20,108.37395382795651,0.07390470771529119,3.154069910750896,3.5710739936964484,3325.687717869559,479,191
1.4997402733794714,23,67.61840421672386,0.29968274255049676,4.516164534867179,2.972331982855731,10991988.317119008,502,202
25.881314336060836,27,88.38242899015331,0.047363169815504,4.410712211160499,0.38281054646677826,694094.3382526917,498,223
512.8736890358447,17,130.0864445938399,0.8676291306217856,2.4449282450635557,1.878811388848705,0.11490824438197149,496,230
131.1140274917494,18,117.02505974633462,0.31479035453930776,0.3329009109803292,1.9255289578984318,14114.095136499809,491,196
3.999595202643644,24,113.38305071597222,0.06843444087744313,2.1565696569539714,1.0295042067298708,0.29342668735064437,518,207
155.79789897380167,23,103.07734167555218,0.13569633795001443,3.287815622056927,3.509479080969757,1339154.8396407887,496,210
13.235758730915794,24,122.72826232585973,0.30073624354918777,3.008978495517788,1.3731779050360013,11361.448425836612,505,202
42.20805906236029,25,103.63428795614176,0.029461126109733272,6.162514870385394,2.375438567704628,40.65149815100143,511,200
233.94384756211065,21,96.95577937438992,0.024230606868546493,2.7105035035915033,1.4224278811190658,3295.0624098091303,515,207
189.93664495734,34,147.89705875288604,0.024270424199832864,5.943146622282218,2.2529229726058393,365748.523714494,472,187
136.90883557353175,26,91.65191185202042,0.021062939469650276,4.029128051268502,1.2414090885946363,28305.324438962838,520,228
79.0177690819213,22,91.69822980896402,0.11449613832171407,1.600761577813741,3.556383716812006,1653.8703175243268,484,221
121.55157262515073,23,93.49098336282141,0.0009584360107444053,5.289612743454633,1.6223353347885756,0.014843743577570638,515,228
39.29690161072711,18,139.89767321931726,0.6175394389649099,2.3377359458436264,1.4568526023549928,3602.1881864372485,492,186
130.7988013801899,28,71.33620491819846,0.05518150913104444,8.480673600568576,2.78826903795783,132902.3134840332,509,202
200.02647294007244,19,115.106012841223,0.7833728587127023,2.197919016950918,0.7676620212820199,5194166.008369917,518,214
41.560040900980255,27,146.59929973714242,0.00011556624614053569,9.609026571561314,9.125940232935228,5.930872289506582e-07,491,225
429.29965305326317,19,89.32034757764629,0.07351111595227451,12.144356187716074,4.878811066689877,23432913904.24981,479,241
11.727583380683482,34,72.00046073147294,0.26911929589396444,2.713841575181145,2.793318228150786,10948460494.52291,509,219
9.57827981625288,22,71.47935581062785,0.01294693099495233,2.6106991980921457,2.1266995264882316,1582.3952423579722,487,222
161.47865276815173,25,78.21315655504188,0.0174045707214996,2.8466634075803006,3.4623741073511822,821591296.7787423,512,235
89.90587771787511,26,101.71669875736832,0.03202728492547062,6.8355592476756835,1.8047421453170507,585627.2351099883,475,221
68.87365860081141,27,107.39706912593252,0.7841210722485015,5.340429893570187,2.6881279328286967,31.777955917009812,511,235
78.8301390389593,28,129.1774757410717,0.034854483511083195,3.4083262458782952,4.793294170648507,329094560664.8272,495,183
94.58494565796332,25,92.17337738267364,0.5521483689030423,9.046813535717918,1.761346488399017,841553969.8604555,530,225
185.38642905855758,26,90.20748898557775,0.1510670357127759,6.04877236629107,3.1771975697500277,14061.091146300907,489,233
169.81473671606503,22,97.39694126852986,0.17811634213006022,4.782428749577596,1.3218865703668021,1533385.232460038,473,208
107.34918411125453,21,89.27956120264544,0.003012729453765375,2.9337168877218285,0.3143118593687957,131.1413423900418,514,208
11.258604734670929,32,158.02863799322594,0.2554842986307136,7.976074762341176,0.6453380351471731,2083.5038776053584,501,228
131.13365610176203,32,92.9768495598904,0.3704116753714034,1.705109599754762,1.0932549329079992,48008.74211750234,494,211
142.43395675971936,21,78.67439688018683,0.11659299469948563,11.351240258458061,1.2195705744042988,6275720945.992645,505,194
106.47677490291825,23,78.52365781122295,0.12797923892260726,1.6427128326361866,4.1872586411312325,2554150777.938955,492,241
103.57894121483235,24,102.77081163722762,0.14625044096390333,3.8436623844815414,2.577462458675255,87422478.5732478,512,242
64.64046145362097,26,150.70760622743762,0.5487974051646353,3.6583897519228548,0.7466850145282745,4.303061297120959e-06,508,205
59.797889475518005,27,82.84007155666102,0.15158903238244742,3.8112934111787515,1.6804915850257145,6.8492041244588835,528,215
87.21123266719081,40,87.11880400749449,0.017021496775280084,10.38219425429978,1.9275141809231544,965415.6197017614,484,200
22.908782547404005,20,115.3920806648233,0.8244028271546457,11.870883912621537,0.734856573678647,0.052377732985304085,490,240
86.97754969970913,20,81.78800838197002,0.22381144632364075,5.509045784504423,1.252244090875496,2269.0837903530355,484,216
4.55847241105844,23,115.87665703297077,0.01207346764011777,4.37889740402289,1.382005792077263,41716.80957443162,500,232
44.908134096592484,21,128.47722683783465,0.9808894154833885,7.622194990871107,1.0299377772358373,135.49940125772952,489,206
129.2874557113717,24,146.84070552129248,0.026138036732686148,5.257587056847682,0.0587287106240588,5450936.7458732,487,204
227.39199462330663,31,117.89690067459907,0.056506761828670954,7.264713585705637,3.7585005228026023,80334.6500815765,509,210
6.299091381834137,27,106.92358086783463,0.2581625699576915,1.517620731743803,0.869810758083826,0.04220701236114516,511,217
56.939149958683466,14,94.56227718685275,0.08746689701199416,0.5557085729354986,2.0102913707701715,8180814.150424599,489,230
4.05177333622464,20,116.44644470823383,0.020030841760259394,2.238832766641622,2.9636365315636466,3217228643.9676485,486,239
96.3680391848024,26,86.46376945438637,0.3624219745767409,4.840514660892545,0.8474041234463555,10418798267.98597,476,220
131.78097914272416,26,116.31556609738138,0.9247520884329019,2.250278107703249,2.5771904408223505,2715.295027912757,497,217
91.64019885593737,29,101.40515877948631,0.2862358811200079,8.900283492095562,0.7434000075938851,0.35504562372501997,500,193
359.37584109140954,25,123.36241388352941,0.09335771008203742,2.6955763770521557,3.9534438635113545,50770011.71357841,507,206
17.611956752786266,21,64.60366856988982,0.23731503579786517,8.441914988142523,0.5862553563854549,375.73299408384383,489,200
187.52118973931294,23,72.81878831861175,0.07738764388978937,5.04807581490218,2.054252080410068,9.678838341481002e-05,488,212
155.83629755829054,20,70.63332217707179,0.528651745377024,5.16968493950576,3.2677614351369164,79426524.72544971,496,217
116.16205472360393,19,117.4389070391155,0.20618469916235074,9.242411714059845,2.1358226916013443,109909.4249212992,499,207
23.42185764841448,12,93.21208529001653,0.7565863063050636,5.063976547192572,0.382264980554578,0.03223068629541245,503,202
20.38544415964524,31,128.83813563278557,0.030760462596077003,1.5603510792411732,0.8430677647325917,818.042719337251,475,217
10.205562139690876,20,81.12859742274877,0.006176898171762857,6.721426161757102,1.0396425977511066,40.48284943744002,481,191
221.1355696336902,19,96.97814580664247,0.032450204924076534,1.690697201577138,2.1691000519627432,89944410.86815958,511,204
501.9049207376443,23,105.04114253975979,0.22198278695457582,4.202060657311332,0.2516009579130373,0.0009080707863184909,483,217
126.35206566633275,22,117.22877973533451,0.21064347671984127,5.1244000728091335,0.33268822700293393,933767362.7243357,511,196
132.1589934184233,25,84.42355523354888,0.07928311105602402,6.813066126108867,1.6588051965192763,547624197832.8054,539,212
55.96642952403583,24,91.24115473625868,0.22181868789085246,0.9034733777318017,1.4107589002992682,18441978.34941196,518,176
71.93380827304891,22,90.32414652416185,0.3044032585135543,4.8242372063642165,2.3028547493990015,223.39408966800548,513,217
36.16224113700512,25,146.1008151475575,0.024406878734394153,3.88013943714092,1.5685002535611334,5964.599709453435,503,228
14.493745029697799,23,78.87687559145552,0.10049412215195619,7.187721559238143,4.8822272440514745,20313757.10327939,516,241
26.904658726421598,28,118.31626735684432,0.5265702059788347,4.417509103463265,1.3396676937559828,9731.678784069169,500,197
13.655340597418633,20,84.77944676035861,0.6687116818434519,11.199114817031294,1.0248297732305034,526170.9051985292,499,214
466.1187846262144,23,64.51301586026209,0.04094824589365257,3.84272915514121,2.783144935499073,18798.060380778115,522,190
86.73890596144183,28,108.09740344154372,0.07729447439392546,7.244796652311163,2.7011731050136807,0.10855368147188331,512,200
43.65030988373363,27,73.2397131221444,0.0662424655188008,0.8182628534703529,0.22074312782380193,8604.827606980027,485,204
204.18127461822078,30,85.04871006440938,0.2576853289897756,2.495215795735872,3.734232862276452,4.0426749853641425e-06,497,183
113.02064874175359,19,119.10282889777574,0.8968345011399469,3.2808783087790534,0.6277514445726652,1073.54812780448,515,217
54.56969110073072,28,95.0338765602187,0.023340276477032827,4.19275146444153,1.449734370836616,70.18744770276165,487,238
220.66970056244753,17,84.58457362313536,0.3878511889551147,2.5251844339667593,0.38742934408391977,0.024342575039842447,487,231
164.35575529319064,26,134.70586039332022,0.6009822690880218,4.216405942290323,2.158070406868967,4507.994774260756,491,211
24.872602274882983,23,89.25516048312282,0.16250892801893757,6.560794691679167,1.7473959485466237,6605672098.083029,498,237
57.41020909032295,21,74.25601873179957,0.01623250696091829,10.14259531071522,0.8965020975379117,87685.32805652723,483,229
89.60677162100274,18,119.60934335307664,0.4555806334998461,1.177631619179368,2.6512647975398447,39.70578014861896,511,180
31.563883652867496,25,109.08872323437235,0.15280875141651049,1.7712297256403344,1.6160156721612657,22922141.989621397,510,209
19.21938096598886,21,108.75729498303325,0.0271017871215632,3.399719898680134,4.9822820656104385,6621973.214856722,499,231
116.97270380592104,31,105.63378575653098,0.12022695158728165,3.9087634563535554,0.6383403916210671,7788.105758723824,499,201
0.5270706682201973,29,94.65392932349584,0.8738322386523751,2.119229816355933,2.5005880838179673,26123.744048685974,503,217
47.985611268187306,27,88.179459594175,0.28881630155942595,2.7130072976620707,2.2392374152690326,1026623647905.3064,499,199
149.96597754694142,16,114.11033055150543,0.17683012425033406,6.450811193567081,2.595034259990476,45884845494.61877,477,207
104.84335285469146,20,103.58791609043391,0.017216828554990234,3.2511605563987973,1.5092463682329673,465099778732111.9,485,192
15.838771823800366,23,116.44703785139498,0.020982044613551132,0.7531277697423105,0.7094467495389546,16505495730.497831,472,219
84.35725482702907,26,126.5085277242403,0.2743565704412513,1.0067693892730012,0.5738108918583761,2855368.780639199,513,219
65.02981041704226,31,97.21561991697158,0.5310910769186292,8.224073045740857,3.069004344255993,1403.7215176280056,497,221
223.70002361918634,35,82.36781495207111,0.0606801670916974,2.933165681770702,0.26274537508510815,81.80087789572688,512,167
9.535071249022046,23,117.95848141574461,0.053718630161224114,14.069087545883589,1.5337459590446423,78.90585645043656,492,200
284.82706319188014,43,72.88544827082148,0.8932817001920961,6.594439074817902,0.8629575680538343,6.907053856329843,513,209
129.37216837872236,30,82.6029526504523,0.0005634417280371726,3.8193298464927055,3.6554688868505525,0.00025806669734298245,484,203
56.0661261630639,27,116.20819800639487,0.05871674794587779,11.371712330655768,0.577127044595784,8.046197535411647,468,204
87.66227563921274,23,80.81995500601452,0.25562432798923845,3.387818476542759,0.7224845193033351,301.5361376654808,482,209
419.72608109363233,26,120.69733588550899,0.4245000339583977,2.0871086864636004,1.6127540503282336,2036743.3503924666,511,201
222.78937234816914,24,97.44150336635035,0.2955313012946417,0.9820858477684637,3.169153259849674,3067.8692584700493,499,211
60.983445286655126,21,98.13106769133539,0.37182761836226436,4.691613291036481,1.4467200600420664,257629.990068932,485,236
67.80302543501128,33,100.01857713504572,0.0013299069892313395,4.398944135874143,1.4729411243181159,30048579173.343956,509,196
195.03515236565545,30,101.79789497620985,0.019757275620761183,3.665867470995311,3.3866962338297935,105406.52880008302,482,189
130.76860510859922,21,106.61518666424566,0.2983058854106433,7.918095448474535,3.9149539927573116,1.0469602252936524e+16,517,207
50.59731093337763,16,68.82202130187781,0.3075294097156381,8.53701065115639,0.8093908995655069,36104.42654411513,482,197
152.00420034653428,21,116.1313696494951,0.0982339014170846,3.393150128802479,1.119383329914014,47.28902282927788,515,231
27.86367571062528,22,83.89207761536896,0.007877344259532817,5.8612348277756015,0.5556272639463261,37247943.99508708,508,200
81.78337910993288,34,92.19092972336071,0.07605218842214764,5.558183664236533,0.4850223278029547,2.106983838425477e-05,504,238
13.387135906168856,25,92.92925828700636,0.11972768001424289,3.601340515419279,4.14867576941372,3225.6323138546654,500,202
83.26092676958764,24,135.84791101179275,0.0039010951050047937,7.857330339367456,1.9831850088037144,1878116.10924497,473,197
291.5466294547077,15,105.49486445121818,0.5042424997505243,9.688338662937388,0.5017377424705787,465134808.6823339,500,213
94.51738600739874,20,79.55893562632596,0.701182189041235,7.288195489696458,2.451533889745692,245.44768168314016,520,219
34.98600549738424,29,118.30129732577355,0.1310779125279861,3.372379605141278,2.1932710243119553,263569.639039369,511,208
112.22312762745244,26,97.91612554461115,0.4483095962007794,4.387992462573497,0.9661529570979087,128.90896715891506,484,199
217.49981220980024,17,81.59781962394163,0.8117009051104441,7.936288068958383,2.1098508408332335,1422065.3966858084,495,211
57.61521760541529,29,117.89818478143084,0.16732502216358183,6.317487369262635,0.2739632530602524,7048080252.31105,505,219
11.036472473828754,27,100.78535602614072,0.44090929667258366,5.462802038989744,2.010505512636189,1064394.2432960249,503,218
46.51608956961779,27,117.81947977597243,0.12646058431874477,3.774777092547097,3.494324857015098,142.27396458183404,494,227
368.7610366772207,19,97.31294168655259,0.1660648751946244,3.3127600726491884,1.1029761100570437,14281.161533169441,515,209
7.262154296272751,19,86.70793693608658,0.3313203536478323,3.560118822552149,1.3891048150850924,4317.9933737903375,504,207
24.790067275014557,30,76.24787821088651,0.5015592228796851,8.511940692586043,1.1374907872791127,7158.821432366925,520,202
94.38141437405041,17,130.03335675908136,0.0029934410655400923,6.395248672110737,2.967288252079629,3699878890.528447,491,208
194.41312767788568,20,104.45299916004122,0.0002000584862294317,3.411701286641199,1.4442374062067946,10984.769630796174,496,240
61.546586903787116,24,80.87851019026294,0.29269386928918034,7.770749377543323,0.32970392040667873,1532597940399.797,487,221
60.50911691534853,25,129.3975416943353,0.21613808774403107,3.2384187552316317,7.013021559263925,28158488.61470288,494,223
123.56643211536174,19,102.25661804429008,0.42769688821074914,6.245524714444284,2.457931563114479,0.05718005753188627,503,185
74.79255792538082,22,119.17663863888455,0.31674993182143407,7.435631844079193,1.6352993522659294,0.6215486935500769,524,206
2.588462224875125,18,60.468880613127084,0.0014191307361137435,7.22590784033462,0.5574575205139698,249285.8567639114,481,223
36.15705619786323,26,107.8543763274316,0.08624126827450049,8.547092397465102,2.3177460325459887,2720.376383515789,531,235
140.92775184003966,26,106.33382901059095,0.07313860173485955,0.4684023061911525,1.6969185052131297,160102294.24579084,522,220
74.00826884977428,22,103.54567980408281,0.037096464274307205,2.577988597127099,4.617234334843914,0.6261454033497018,503,212
36.299135338669956,38,83.45426559649113,0.5161958822729186,1.2539368425111357,1.4614147181010464,11266852086.394989,536,210
138.2445154957294,19,90.82525457270508,0.011230055097881324,8.75871893141641,0.929495184467938,0.1227671782413099,504,229
22.714856312736806,22,121.97922200381633,0.26726710090270844,9.046059213542009,0.4597963325795619,149.5044986934041,470,202
0.6286370658236464,22,63.16347736667914,0.11711628013787055,7.425270862870177,2.937165672468235,5727435141.289342,520,223
6.723616599227296,17,123.06907033079679,0.14360966334386055,2.646831197344204,0.6230163043752023,210156.0397644593,505,193
6.884142276777973,24,103.74562014862494,0.0007501549943280001,3.376455644264852,2.3948356279884493,992.7676870460135,502,209
14.158973230296546,28,120.36862306153733,0.020252005221472455,3.2058043417927373,1.8621224453971406,11391245991.172228,486,206
58.9017797389471,21,86.6234768937573,0.2801272598119074,1.6175516382732298,2.562219797452078,189866.86218211649,528,199
61.18064548988878,28,73.74764292459452,0.7964792724645854,1.1434614415082685,0.8477202186972213,0.09215500412185625,480,214
169.35631244632157,24,65.0412074205648,0.11558410139190772,13.263708243614804,1.9033611639097718,1411.0314485438216,475,199
116.4554440564473,22,123.4496179172767,0.6942678586911996,2.6722895519244734,2.170049267393595,2245.7320729650546,487,191
61.104623534832534,22,77.92549879119224,0.15171764369868543,8.746540073155167,1.0854807798755364,0.0001954632860002104,512,212
205.76068019225553,25,84.05885483656716,0.5143110678649284,1.4007813765030765,2.1295468728520928,1972066.7323042168,526,190
264.24489514291383,16,71.20713458484859,0.31006812058915867,8.940579517183307,1.104665671764595,0.2995535852917689,519,225
51.176779829862795,15,97.91048757979434,0.1477713519881482,1.4755140835998708,0.09109478736248829,119579430306.91887,527,205
12.252677998798385,19,85.603552081754,0.0002226534879280094,3.9877968480523918,1.0640144855150215,0.008669898073606108,502,221
88.05520357560054,26,70.41779736581736,0.3256998707235055,6.37788690303509,1.0663369205815485,7.05883098400524e-05,494,224
4.340727012389378,19,107.05972595047166,0.9127786816756054,7.102975754254551,1.9051853641007637,9047.391959625753,486,203
127.1194857075181,27,69.80573365590081,0.20571823321575788,4.335470780623037,2.2010815719127916,12940184.86033718,477,214
28.071779957630156,22,82.50415934786137,0.026469536614806458,5.311678993465491,2.9858676239896442,4391.082549491446,489,206
29.717622822756145,18,146.1462506427019,0.17515434891953466,3.83714169266419,0.39038255190862103,3597722.8391155684,489,217
19.610713907660912,30,111.14879855825549,0.10618784394619186,5.397550843681594,1.4406566908262444,0.5264779722286578,485,193
65.55270460850716,21,56.78656849894627,0.08657606901118771,4.973028439192418,8.824665740373499,361566.41338793293,488,198
176.88385853071307,28,128.57176461499128,0.05564106194157525,4.847190260876201,4.578900594714982,287802023599.70703,485,236
20.489501855460666,18,120.2452745848365,0.0014304987976547488,4.144951528430429,4.215123444061039,27653906.664270993,518,207
43.895887252967846,25,111.76171527999122,0.1962032057484256,10.115844643124134,1.7978126838714574,1633.51223770061,483,221
201.10650545881433,25,89.01334070708137,0.2581842929024885,4.559618634809909,2.0076982999800883,0.06840692295356252,516,207
346.9458367178254,25,104.18087415906584,0.31177832913292425,3.321616691039872,1.7287996595419564,255537761.7407972,503,229
6.998388118354251,19,107.2132540117485,0.04605309337848103,3.296435210990461,1.42784150097149,5382703.696926847,491,217
267.4435351187793,19,99.3892824751796,0.2991625558116222,7.06612689503879,1.6938517261478703,8944141272.028687,478,219
40.53400403340531,27,85.42606333378652,0.18979537653327816,4.202017985169954,2.373474697439638,54254.24114308643,529,229
68.7393516014543,11,79.79730722404875,0.006903699323169376,3.987054286876325,2.4634145427348626,9474.69753381642,508,212
46.137512861963266,29,124.38442750066669,0.019705153419063957,3.9765009391000246,0.9620579959722924,0.5421328302567398,503,182
158.5045394953482,19,76.9885149654045,0.06914822946171557,1.9532333318448245,0.9746261185343649,210.24485113724765,515,260
103.8630167987989,28,91.33074931945083,0.26937482412804137,10.452655062068745,5.203979148310389,20.490583324755022,499,188
61.59200282967555,31,65.45051051580586,0.6288771757211641,3.145376910991438,0.4799321081978982,43.174040697646525,514,209
215.2052575857835,24,76.57378927686923,0.5108650420696912,4.036023036157045,4.5887123065064,89932.76632815099,479,219
21.346570427690914,25,98.05669177081654,0.3347060848469695,4.250282444176434,0.6078967421901988,6851694.786934438,497,225
133.98017401407267,24,79.7966033761611,0.09055093887800202,0.6591927108732722,2.016738602451472,1.5778757856587065,490,207
194.14178721871102,30,124.40595306891073,0.4702759993314025,4.12827247932947,3.830235451309021,42898.52863274998,503,176
166.2371448351987,19,94.31877673919712,0.7251872406340837,11.083498167413646,1.844021596170578,13.687752854136487,476,192
132.27504259897282,20,62.91676278597548,0.3735780501897796,6.362724063283232,3.6484339673114996,6066.56845873396,497,204
53.781781640335645,28,98.50376605295897,0.2048871379680733,1.0990492467922335,0.4384659262006587,7.3812761212882725,495,229
4.960894714676225,18,109.06209222501653,0.28805702620945234,1.5571164452916442,1.9003526791768763,0.0005884383744024082,472,207
135.4393070939928,23,117.7709768989366,0.05369265777596671,7.184527763660441,2.242507651960592,2040476.5646001075,514,219
225.67275717635056,19,99.95535191099182,0.37393376505056636,2.7673859685215816,2.2678504411522473,2144289.3291195976,520,242
28.000684134991065,27,73.36569603576905,0.5375844182678069,4.788510674438178,0.9508933282939566,3274.8576635409536,512,242
134.11647317849906,28,105.81069861317403,0.224476438871826,2.574719625402787,1.2232789466855418,4287865.196517174,498,232
97.42126768303172,17,102.94760584234292,0.34362925216172546,2.0245889952172935,1.5490091640173111,47.29718498828624,513,220
319.72266758590456,25,99.83107258105525,0.029092253589908027,7.284193077084327,1.9233868147494613,36161771.38701187,482,217
18.79498770812735,21,65.52013337881354,0.002306952184725309,2.079574377753513,0.8757931784650512,6001.020872903314,480,248
96.54597234727662,29,82.33546345474718,0.7518604812008064,2.4126085208228663,1.4804484341622852,2271200133.3381,515,219
278.41816550767305,26,79.85728606951673,0.20699069349744315,1.5860014730288359,3.0431403347284545,2.783726720212834e-07,500,205
207.95502383203979,33,131.31870248628871,0.14453441755512705,2.8643325658228864,5.94890083569387,517.1707647534809,481,222
37.86180139376133,28,118.62200331467811,0.07100189928960453,5.856535313803682,2.274499446777762,860581.4016102143,491,244
48.62347892991889,22,86.0231966610379,0.02662398457302479,3.1200039767512395,2.6534670269391434,242.64543637472468,513,206
372.1114439822523,31,145.35265821846434,0.052644432322552906,1.1901925040051629,1.1282313648760158,1136723.9258401657,502,233
4.377807166127662,24,63.938714470520985,0.23589966380771757,5.7771520657967175,1.440066607651543,2070747139617053.2,473,196
18.376893427859738,19,121.4573843984386,0.0001226747047407772,6.403898454732586,0.2373192833294037,616400410457.5028,480,233
25.579381815558193,28,111.93416385691675,0.0022449967592582543,8.431666793395243,1.5598990898051293,86258.45950941004,487,227
52.4275222958536,18,75.77750722812395,0.1715706126605068,4.780205484464689,0.628632008008249,177750485860597.6,476,214
379.51496567736234,29,106.80158941160872,0.5030866412542587,3.7084207172167973,1.0437661420370279,39136.7991026324,504,182
136.75128681093315,23,59.128011026959165,0.04525339478791821,3.5965164363006923,1.0927290748245864,764762616.3618611,497,210
11.501752256568919,26,62.84471486497826,0.08763741846078912,3.523062125222641,1.9850210550721248,541375235.6767747,493,183
57.831514675165565,23,117.8859787554711,0.11064265425277106,10.042266185874979,0.16078681416604415,0.7231593812643795,510,188
87.08777081851731,21,95.91041975283967,0.15497180423167514,4.349972277233055,2.7344028926502304,167.14410052735872,502,221
6.412158879290018,27,115.3372592571867,0.6974786082877859,6.851334639582641,0.6013993121341168,5719.714006935404,488,233
242.00051206781143,16,87.07898231967947,0.6241180541812595,2.6699344562735425,3.451626791131494,0.4905969492912799,521,228
50.92661582103185,20,110.18098346763914,0.11886629410517327,2.173785668084552,1.2415039238993317,0.9168369266897214,518,223
411.98797098740147,26,76.88575882751029,0.8695841172163689,4.205895558856716,3.9771028806305453,92640.92987860463,514,242
246.03904570156615,25,99.30124829046974,0.3357411381992724,2.5019326072970633,0.5243586429465477,2.88248429034505,500,221
10.559566170100949,16,87.01167019830136,0.24082118735689748,3.256241234619724,0.3367723859863616,830.2308098205675,513,218
14.275029295619568,26,59.18481835722848,0.08752441971342614,1.325414641901631,0.6087220516775992,145881.5428504043,493,177
0.13054566164540748,23,73.6128407698823,0.010188635982270853,1.7520452160077313,1.2037625606815119,2613.931812052555,494,208
128.883686527679,27,113.20107147228902,0.8129613153164265,3.229640579230357,4.794854257426077,202769.51984562684,492,218
355.1863326475753,28,97.45739741694412,0.7025038141747886,4.802074466425609,0.869938700692058,3.073626193414642,529,223
28.921006555179073,22,129.7050107896016,0.10848570656615515,2.385489874021783,1.9467527491377312,38.46247724567771,516,201
264.8459822508575,26,54.26285429344527,7.221131870356235e-05,3.9899807373183074,0.871040929041203,33999419948.591244,511,173
215.62668187181032,30,93.20571733065199,0.25469437126969185,1.6827166855873292,3.243199722686433,732025015.1272066,487,195
18.66496710797871,23,151.7614310158273,0.5851966158320414,10.701382210500192,1.3429619539129045,1362489052511.1816,496,224
173.3508729260014,31,137.2380995579164,0.006949570300499225,2.9686044770571227,1.8463398859488434,3.994960959392415,472,214
142.38670913826817,26,138.22578642080683,0.523781397736287,4.086766433842229,0.11610181749412314,109610.64498667823,507,196
60.4192448369873,24,75.41461067044472,0.09030498747131581,2.0348513998019127,2.568867741778215,45884302669.53481,495,237
35.80109104705089,24,108.63113057699707,0.009938894137190714,2.226581008391559,5.470083304329803,791725.0513087038,499,206
225.10615391871033,23,88.36170160321714,0.35795063086076623,4.305509987912708,3.245536460058552,14762986.051388929,483,213
68.31145160881766,17,111.12335617216303,0.06309859136201634,5.636713346990617,5.829213216208922,27796651326.9197,508,199
64.06366045428344,32,93.00752007457137,0.21103549729108523,0.9580441426159679,0.866417481170841,5189408.116123211,514,241
147.02769932062716,23,72.54796728008117,0.12023831604067696,9.425014038784498,2.2675781495428766,32.67347850244584,482,168
339.02863148463655,27,53.6091575340495,0.253063104091679,5.199572661535051,1.442017016737892,5.2740624549449375,502,205
66.12087777140133,16,114.31147787875058,0.8348147986498793,7.455428084193651,2.0105202680947123,9.368090794913783,510,227
31.31699041606811,27,55.775029692358714,0.06154376811320564,5.51960894699455,2.0465294913876937,7615860753.930917,537,235
240.62546896086195,27,129.10032532811863,0.8914637113951964,2.1132925298535685,3.2213961019486916,5072175144.146015,509,185
10.950301652789099,24,96.93420493311152,0.0039067198586252815,1.8775923441723499,6.4256321452811935,12572.247905972057,508,231
4.3262748806444185,29,98.79545301242055,0.007662381803384722,5.7530897025849095,1.3919422734808227,19722.315470458576,520,221
116.29629244186653,26,80.51785834579181,0.7430601837972438,5.655801986847288,1.2552786802278497,364.1267927853329,501,204
34.34306997686225,26,63.400534595162334,0.01929682350608733,1.8728522810032708,2.7506935849951373,1820.7522499566378,485,218
21.582138893504393,21,64.22331989436812,0.25357754823483125,2.7674144063582458,1.1354259063773284,57099.23466351379,491,225
137.25783316388393,32,125.441017773212,0.47719097238989355,3.704331245691598,1.7963269160547635,0.004007651254376155,511,215
56.03190002201076,21,107.9305339182362,0.5924583937599068,9.311308924971202,1.9984415572341734,0.0025973802585021253,501,223
3.23344675847941,14,83.79613862302847,0.4903575094257035,1.7971142502874635,1.7193295920519445,5.806939530876146,503,248
101.337424753895,27,115.85188978420938,0.1520250218351148,1.5508885853235264,1.944376018891639,15689329439.69199,484,225
13.846218583846529,21,68.08177484837411,0.5923956837226286,1.0518043348076835,5.723894951238903,12.017032945339125,501,198
236.94528922835482,22,94.08907289074976,0.9080587642661296,3.075621466376071,3.509004365024183,287405.6151162243,492,218
79.29541335123912,24,89.14356833570088,0.0006305018852194662,4.832744792404676,1.3940009387263281,8381183.517260051,467,193
31.78680755074323,28,103.72269220261931,0.04663549559296863,6.152569267142957,1.2369100048156738,3703004.419793946,511,239
35.51427296299013,25,73.15367299014046,0.00150041940751835,2.368842382519304,1.63935098231101,1.09413453462183e-06,470,203
92.65407871649171,16,70.45626252128835,0.41710593449115174,0.5807005069381352,0.9074391292388148,476454893143807.6,487,210
79.31271446646677,25,127.73878708599744,0.07701760146593295,6.418267191277251,3.1205535938419984,56477093.22802749,494,198
249.29065630020366,32,122.4102934715,0.11793919019357313,3.0116424434379203,4.774004377498249,467.1755143557036,495,207
113.51864263659259,32,94.16226784847137,0.01768464548678189,13.856819506278178,1.8360962171032096,12782210753530.14,502,204
93.99602800901039,12,82.90515735356422,0.7867116462714313,2.9699961187161907,3.4119598973276206,5.210289497875842,513,204
44.29103281249036,24,116.87635706945413,0.09178340279155667,4.959972694015843,3.882551418868891,0.0001486560222163948,514,190
20.484829032073055,21,114.8948435189641,0.5394755573566031,4.292622445725682,2.406851359105055,509793.8710876078,517,198
0.9293098502356699,22,114.88857066762377,0.19331684891616097,5.860133488805465,1.79873284756203,2.916850353082621e-05,499,222
68.39621663384617,26,121.28126826090889,0.36060482083339607,5.6300071499683835,4.084736259999805,935.9459057133039,514,211
127.74949923881576,20,86.93962558693525,6.375348532081286e-05,14.013013030785155,0.6110234528934753,304887.2844170924,492,236
110.97224940153767,25,98.86745858043376,0.08726359925370164,3.520453804475122,1.3989981781776013,0.12988562087881952,493,211
66.28670238501638,18,116.298227014377,0.0008972163122557534,4.7781865222918976,3.3986957381021616,294947.3143185657,515,207
223.39747985790476,15,104.8132005952901,0.6589516843360502,8.349634114449678,0.8389444974559429,34.76656580636658,491,204
80.27962902866717,21,90.62147965698273,0.02657757298904171,3.488211737494789,0.8472997716569453,415.186514512086,507,210
75.50328961055975,13,77.52467400919409,0.02160985982137052,2.640544301795888,1.9593654753981649,9.476206834230993,508,203
18.307170491656027,27,87.0172088861346,0.01615348130485638,6.82695224339496,1.1547136454149174,2235162693576.687,504,239
91.59349749020157,33,85.42790036758245,0.038024199239987004,3.8032363270571437,3.9191548520376993,2530426.720852347,498,192
191.9588644124696,22,78.86670421728653,0.6135517628964481,1.000388264525101,1.6592892120197926,80573029.34866472,485,199
67.22654879830998,27,89.32432140330485,0.8230796601457631,5.52109486885548,1.550889224730999,2496.033227799573,529,221
13.744046205437272,24,78.03009328418887,0.05320207283652423,3.515435902033854,0.5636012825096874,543.4756616745051,519,227
6.465786941852812,20,94.58367945867273,0.010710395761197816,3.7179249160033994,1.2827426172584677,64.45513247900796,496,179
59.99086348153504,27,93.32592811610694,0.3954301836479698,6.186638384346726,1.8546411669708738,22.12861555010866,500,239
88.53375579901784,20,109.6636610021904,0.014590122922587719,1.4836280355093356,2.911299142072919,594378465.9401702,481,213
179.27164675559163,23,73.89027558431744,0.00043914863323980097,8.835914458728585,1.7491604189534105,124680460.64899401,528,207
84.1193005031883,21,86.6255221055568,0.056074695302227966,4.256843876116231,2.9067004912145387,346123295.7839907,520,237
76.9192351693187,20,122.43236640177837,0.6764750118448748,1.0025544297578373,3.3942717396288797,2544.868009814325,524,234
56.31022353581952,24,107.68307096942044,0.02536814559179073,3.5715012504580876,0.823245918419488,11993.929730503824,504,223
609.4825708203056,27,114.21346757508908,0.5637674541973233,1.210798234853987,0.3963035458092398,776112.3643676561,525,211
34.20796578192745,19,85.98765577848259,0.07533631898054514,11.621741535192314,2.7770746681484737,32.300039057127826,507,215
21.486524835016215,18,132.75349158521362,0.14711191534747695,6.552246950333575,0.9690170883892065,273495657654.5157,507,199
17.134326149646565,25,72.82320281773124,0.7148438844128538,2.8786256973615907,1.3306204943055628,13691965.238995861,496,214
160.51077976427845,23,92.97265363293633,0.142837710232546,14.188578104694534,0.44229203807761686,915110.3804453069,517,228
29.37558041905094,30,98.16094639614718,0.8314822075027433,9.464154942687015,1.5844937060113333,72616.14133899733,485,205
22.632759821251938,20,50.69331873043669,0.8245341683754593,5.591518611474394,1.5263947895859196,1.6310340106525794,489,193
183.5104291455407,27,100.60863419903228,0.10839401741534788,6.402375742892678,1.1828017232559012,68659706.01588102,505,206
31.98642913976556,22,127.48879117860508,0.13107426834564825,3.824133457953746,0.8641489363874,289.82053710414,516,218
79.02693161214933,20,76.69728405150678,0.0017493474727130977,2.3634643089264933,2.9559287679759407,0.2670746313181636,505,234
173.12958440929737,31,108.7232742132862,0.0038806653005911606,5.105861427741628,2.3835733869769067,208217517.13872564,500,206
310.4467238787148,27,102.9673867102471,0.16494611391509062,3.222694086840845,0.9982177717096721,15351.503809516958,530,218
66.0940123331372,14,121.80888819625565,0.18670118919011375,3.353629738445046,0.7841515338216382,0.02062025999303143,523,218
237.03243550317922,30,107.42593213419342,0.11892371008214044,1.712079349446397,1.711255442826351,74.4167380220285,554,207
31.043291946191886,26,91.03946403907172,0.057630464278481966,4.2122837839529055,1.3500750568406545,280159808826.45984,492,209
17.104357134130538,25,90.77080987313269,0.1722552463642374,3.492595657314932,0.9082714340410468,192923.43151957283,479,240
172.33250456663728,20,112.02844372085711,0.004080760513190561,1.7621829949365015,3.0285745104549995,62932.049102369994,527,225
138.3153053609548,24,105.60580655557234,0.3583225846780377,6.981900834817171,2.4717419405823517,1714.621462010451,520,215
135.84220730234304,36,121.61796524028247,0.8235539105400438,7.377182798301822,3.305267655379025,0.22997478885699266,496,205
113.05514845150972,34,108.16008135824296,0.00498800191612088,13.385856654411185,0.46987996594040093,5361900.974845082,473,207
16.69565451120693,28,109.21882948122241,0.743412836519017,1.1575653490905984,1.5927794373130324,1738505218492.8254,483,214
193.00410141666194,18,82.79189133156197,0.6065755637233418,4.234679745679265,0.48805329958422167,13.8026967034653,476,222
156.52912402472083,15,100.33680048531441,0.015694975734477805,2.1016175714471417,1.092520048432449,0.21536120529884636,504,224
3.006597847516852,25,125.02919410795387,0.24755385283454648,4.949397509454804,0.5694009552701207,685698.1896931014,492,236
17.211653096001335,27,116.77443513016391,0.012269959850413585,1.0340684540405367,2.601823799330923,3631432.9782332405,488,219
158.93611853701245,20,87.71432937932451,0.4409507630750493,5.562858108836358,0.23327268380674634,1.8115479994743977,508,235
239.5626129378202,28,83.91209174080164,0.2918380363626146,3.017383238093629,0.6914373073059046,0.15445422389669602,505,230
64.90133159929418,18,90.709785465861,0.0024862534218630782,1.984033747967595,0.49998258962268405,23264.08791610387,481,237
152.48671230298893,21,55.05688123737028,0.6118752782225734,4.117413540705952,0.9791838401176828,3678245.648355591,517,228
15.805679860573555,18,90.5444830138547,0.01720518885691576,5.586657838061335,2.6008412894339004,14.610332590239167,495,225
9.076656429006919,18,114.42724794381846,0.5837061225119572,1.461963412608951,1.746529326026196,499948.93766596884,497,197
63.50596441668982,26,124.89324713210596,0.1474835829061402,5.40907683367656,2.492669838790353,9013880643.144873,507,238
0.6262798597626484,21,84.28913090232085,0.22816290490901744,6.2255168899871185,1.5321679311511025,235789960516783.2,516,180
3.5672956620991965,25,93.0092567973209,0.20321775833257102,4.3361125433230265,1.3646671920807774,68.00992249410444,526,223
175.43570758281376,27,130.68966602662033,0.02318651754771203,0.8352680661887427,1.7582521439837089,44.53575113220476,523,217
252.5881479369436,21,90.81201154900087,0.05930184365738705,1.135072725342749,0.2940698661869594,2700076.0219052793,473,244
45.27592415301318,23,95.08231073992434,0.34386030457819433,6.870712066942163,0.7666916491329161,2.576884004184891,489,192
22.728425259220526,23,138.94888202735785,0.01762545633514475,7.293971859119272,5.472070240272768,526363.184561611,500,223
9.089562808863235,24,111.34515321135412,0.5509807156864179,1.4953055642592588,5.355689458770593,2863544.6428369535,483,193
155.72939507848417,24,108.8956881454408,0.5086493633761932,8.920484044495465,2.477211069273483,3.3059124713162215e-06,487,206
29.52808634201014,24,88.29956524381092,0.6029462339101432,3.357303694541408,0.8237240513635917,0.004795350666712188,509,222
238.11308390859242,24,92.32369627489832,0.14995387325837245,4.754386778410929,0.5650791127443744,37967275.443470985,511,208
121.36621378391865,34,113.5083452290838,0.5595297479482415,2.8833497623141224,1.1669524233427795,50491.20450692297,494,216
25.627860351809538,18,80.47568933654932,0.39222623902317316,12.182749587553989,0.697576232827769,177180754.99228406,475,203
64.36836641124695,27,90.73378321089231,0.052639907127783776,3.5007355223268655,2.082211996910432,0.06309979341799482,529,209
297.2009131932835,20,85.65622491179481,0.15074641452405863,5.09768957493287,2.7749436625020274,893338515825.0186,506,205
36.598756861967566,32,89.83312489932666,0.14076698247106598,2.0199895029148696,2.716730832221727,435.2674569367198,507,218
178.1195270462278,31,107.09670367423962,0.7499404545369913,4.683739764200519,1.4897132098260009,18.20383955722528,523,220
0.1078192714046888,33,90.09282628267364,0.09672794598880646,7.892864331271817,0.5032278172860066,28.056421755467603,470,203
78.55076323409689,26,136.90292009055685,0.028549010086173752,1.5740324827621786,0.7105803084422281,0.09612138240552973,509,172
61.72764658713009,17,123.34065618908676,0.08471010067557705,2.68426376603986,2.638360298691537,26.06976240687818,476,239
85.82703246997698,24,70.04396025247212,0.16366085716483814,3.019237291284465,0.6924064694972036,20512.74756625807,477,241
115.71550636679761,19,93.68692422398232,0.921260013995962,2.462989608205027,1.0833742804887434,292109158606.43243,496,215
90.44716415876132,30,73.81636222472659,0.32500305088761944,10.635975306267659,2.1126961742457424,502.0125909689485,506,187
197.52736965261732,22,121.1233623632366,0.08429341451454134,3.4073884683954736,5.218068849269039,3704123.4493247066,466,211
147.5480581165841,24,94.01702286124001,0.3098574278861786,7.751662045157188,6.171571228712399,703930262743054.5,509,207
13.34411141085467,19,112.54056109098435,0.17491730150583168,0.8552326360901924,0.9330527849896455,18487829.854814824,490,226
73.48361657504877,29,109.47451878563241,0.02963319850003227,6.526110831514844,2.3981940661468775,163319815052.5122,476,200
35.141809332099264,17,80.31124210851952,0.15246773614679673,7.504539499663044,0.812381627835749,8.836874952457059e-08,523,217
125.64656235855568,25,93.40731934710053,0.27504262400365903,7.430227489058143,0.7290622976725797,238728.98671002444,519,209
75.5138835727473,20,102.06271281333963,0.40441188955456664,6.8495396166813745,0.9494496251799849,0.09217221454716325,531,197
61.401308558890875,30,96.44049847217363,0.5246595255002893,2.3314133743190815,3.5520383700740528,79806.07257076257,515,181
52.54461543635634,18,103.89283430859324,0.8828087425740947,5.755567326134055,1.8469362877668414,21.15313004140526,477,198
75.5011048740139,26,93.14331405625033,0.8194350856934277,6.443654242600937,0.9058899000471484,702897936.9408523,491,211
45.16605093491507,32,88.21532758993281,0.36671456785906137,2.3816225244803895,2.0377985808072148,0.0006546627227487306,493,189
494.66160552146016,24,84.41914074304762,0.36771638483567237,3.1672388832868643,0.9233601992505058,548764.1773680988,521,221
35.619047412655284,18,95.7810701029198,0.1473565674197352,1.6663067293262233,6.438140841476957,4082.3434151277856,521,197
154.00133691127633,30,66.74933769194845,0.023886334091882972,5.660884993324578,2.480383668899517,17658.29615929667,483,196
17.103639929638938,18,145.0611574809046,0.8770917077360431,3.8475187230463206,0.6715691193146629,2278105.5962264785,480,194
123.9215308750036,31,126.99741214276375,0.05016842238032946,1.3241158467867744,1.8135283412788588,0.00010624351101666169,491,210
109.86582346359248,28,130.22046249515623,0.05787279386799635,12.0444606210327,1.3165651634060573,54290770.31582214,523,193
109.84052658869572,25,112.23931427432032,0.0024081693820407453,13.240412932988056,2.240199553965519,317.0546876077192,507,198
32.079395323990475,17,127.03368661308744,0.0536018958356696,4.284091955903397,1.440586209187307,0.36607748041388516,482,211
68.72339282232515,20,107.05122961165334,0.19743849067038746,6.2916260276755045,0.687505933069584,9799.258286368873,519,223
104.45528898487024,20,92.3195324089856,0.12473183841403417,3.2590572426730593,1.9575646153167492,51.206294850178026,490,223
37.93757330858122,28,62.20166540162968,0.49100233924618863,12.737893655853082,0.08099401999873583,15796392091.732832,513,201
87.50432493500733,35,92.11200252073276,0.24118090944544696,3.3018122073595912,4.327152979943262,129772.95521274564,482,236
23.33998727356595,23,79.11956860074781,0.2537684114409365,4.910730068677101,0.2786218568757456,4.291447739334753,530,234
20.578864943790588,23,78.85334661639,0.8599106423229941,6.0178421924063885,1.5504320643705283,26754811.432658534,514,220
13.325191859398434,22,98.26201831516377,0.7048801092478608,6.428791945353064,3.7257426671468963,89225.60213312233,475,204
8.4433788704421,28,112.10754057293984,0.7195722168059888,1.4889527410039138,0.34092888359578183,298666320101.19147,496,212
58.255827390520565,24,110.20381255582481,0.556246584119176,14.502314277671607,1.3053008600668703,4.1091678207150295,505,190
121.7677450684054,21,128.53913416220473,0.0013855837546361942,4.301683589922778,1.1619639165881706,31220326.88821942,490,216
93.67038996520661,19,70.67585023967294,0.4008320623411487,7.831073580412211,3.001662684930127,8781011277836.721,501,208
55.118078650487725,17,91.95999558844466,0.0821131547723971,12.33885136806272,0.11676124870059311,1404142569722.2725,483,206
156.40198621962733,23,132.0746144641176,0.005521613611714071,5.323118198621347,2.6624389699264106,35011138.61141413,527,223
297.91956960345055,26,130.9492801247227,2.298290381885804e-07,3.1394227899058276,3.4045741203937396,6083200084.897767,486,241
5.898903073242906,23,100.95007733916675,0.0009226004117995011,8.810499595232987,3.793643436091106,18672119.954741847,494,218
135.59631445515774,27,116.28827422128174,0.3366131129022391,4.63537151408533,2.9478981418266534,54291125.716415815,496,209
147.72623967599165,27,86.87080906762921,0.6129774973562719,7.671308185403236,1.616035665373444,213237820.44264954,489,202
55.24748346669887,23,108.38757541390193,0.020335371897484075,8.081300922994354,1.1780871518228748,1967553180764.705,504,171
54.307685115335644,17,101.73033476125055,0.17985729167985684,1.533258550258777,0.7862270936627118,2080.5833353095495,503,190
5.887608341133036,16,121.0647413291837,0.5041110093522375,3.5129994075139326,0.585190274075512,802.865443740502,469,199
91.9439881522398,14,93.81941542564701,0.5091415199360031,5.343795885336069,3.359414622857974,70570010.75280136,504,202
4.59063012646629,20,98.08660627027241,0.44599586422324766,2.711201959813666,1.2370334923891764,57.64970499704632,471,188
8.339355398554032,20,91.69225861621757,0.22150323034176353,4.40611446472578,1.0842205232407256,1945681432.3638785,542,221
235.07207955052664,21,69.70366838746784,0.11105771418310402,2.4069923199949823,2.208193535675448,42340.70652224555,535,222
34.477253265163235,20,66.0853171514275,0.6802941355845898,6.321452912947672,0.512435212207765,4357.41558430824,509,234
83.38526062336543,27,94.98088476767052,0.07354151714696318,2.487192488760125,1.8488706576482206,539220926.8186765,489,208
55.43799651512514,17,96.46021117765687,0.5360319997438321,4.714914122255348,3.267494615661434,19548.33077367075,505,201
339.5721011141708,21,26.818926690553084,0.7113265093169016,2.968934985652042,1.8038672114107417,714985.7209020462,527,208
4.6863093516684105,23,97.9296711879057,0.5719562221781039,2.821520948862796,1.8491855127883488,0.5368210508021053,488,213
73.249711768302,35,113.00218700434614,0.6577691990191344,1.5075328969390447,5.245387595246283,0.00011283629698148891,504,204
28.956729858167613,33,91.72391396358046,0.5657894191299983,4.6175870097805864,3.3873140814550857,145833.4105510773,500,209
26.854395399892038,31,118.05224088592229,0.0556818095827134,2.193431313896952,0.4717047795241526,15.877902739188182,514,188
15.680668641910417,31,87.7254795934327,0.20730862365329703,4.545853028340714,6.508891058547334,14338.309278891733,515,206
44.039224808600885,21,102.70031762361248,0.01890921051081751,1.1265520749679427,3.9565915263481117,54407929.32016423,479,233
103.00610191024069,26,140.5900437075715,0.5241481095988023,3.4444260198719014,6.9622181155478335,339008182.68325114,518,228
69.29710829250769,27,66.9534539412984,0.23062979250323085,5.192999186731849,0.28667736505757224,387126.44797268533,496,191
184.17505908128834,18,110.04552916716011,0.3987738694257634,4.8749631977219385,3.1871018992958646,4.331537318540946e-05,478,223
20.499986522169024,22,84.35919438003808,0.20408316109003918,9.224971073640372,2.2708052579866886,49.515192646090505,520,232
72.9085586450908,21,98.28113120996977,0.6949405359603008,2.0085275608171247,2.3810203430392916,105.09636068591409,511,202
41.094622737085565,23,98.58488591447396,0.153851586909625,6.8091100783303435,2.5414553036322687,28879315.02911348,487,210
176.31000180054178,23,116.7215968105107,0.11290241909995453,10.872895434305208,3.320913526880888,5623791.525294642,486,222
48.30790534792022,24,93.12921710126909,0.7987461489450184,6.036948927444487,1.1875879724336382,2633.7021414706965,518,202
8.917029868049326,22,86.2825560685311,0.5884490518902847,2.533554364143435,2.1292993204915263,267.50651680855213,515,201
104.35633562371419,25,99.39713971824342,0.23624101636046335,5.076525563318754,2.0927679231950056,229330746485.9257,499,196
107.44181364808105,18,61.692898972231546,0.10516776672382978,4.002193986445,1.875602806914437,832.1168473239413,502,193
140.38563887982784,19,89.09966926721509,0.06136443193916087,4.863097284190635,2.08100321169829,1536924.7813004258,493,228
106.88059401906689,19,77.91160753454503,0.00010926622234126827,13.284466480871913,1.7235100080769188,108603.84903928144,475,190
136.41196431613164,28,80.76030085418321,0.03429216486830213,1.6647102486808172,3.5408992518206337,1167039039354.2021,490,223
151.44992760719572,17,88.09269981693204,0.09397843856153672,8.172013204078576,1.4324616250299584,0.35649438459155597,528,185
197.38034384507114,25,108.7562760627357,0.00045938188799324363,2.9163716448335344,1.7674403505398943,54.47602301538025,497,184
15.01374092681402,25,114.70485339734611,0.047672508919221306,5.7143267284215575,2.140398737618949,7227.305600434862,495,201
118.38806822167358,25,98.38159660412352,0.5007630356217211,8.102029874891176,1.1850077598760065,12007659.841117987,505,218
55.90233538478719,18,143.3723901704568,0.585585547933504,3.3806373967518226,0.7307394019640739,23355248.729615554,500,198
30.76522614470599,21,55.09555015858153,0.11960633406499335,9.305535506251344,4.1595502831627975,6079.876400944274,499,199
12.650665493492209,28,117.90860782036832,0.04019927997217144,4.291725694491134,4.420054772280311,0.07245237412154408,480,230
62.26685657291612,24,58.672805063194396,0.014582264130081506,5.0555716049240775,0.9407190707098364,0.003644081130470459,473,189
43.71675918490671,17,94.72029402949667,0.4285127573990204,2.7562391878391113,2.581549545152994,1803806433.1614869,496,222
64.87347302020837,25,125.13448006107592,0.0009670947644833081,1.7482754391850774,0.4266517274017115,2854776256.1941156,515,237
217.09400087787313,27,76.97315657036634,0.35863142462780323,1.3063375966690505,1.9449153718109178,0.011221909554800359,495,209
58.45549260445756,21,79.66857174805179,0.0019079059692153654,3.725274007838891,1.3871904712043275,15487105.674033111,500,217
224.12635000555406,20,80.18360021124504,0.2127493959814068,1.1595860175024857,0.6877780272041815,186906683820784.1,509,201
19.9737848652003,19,98.98643554349668,0.2137373897528567,1.3336360114616084,0.8921599384544037,1.2081995102061116,493,200
82.20900955177335,28,104.82309351633891,0.26210959041096465,10.284290196871295,2.0857757284168823,2448882875.0413275,499,200
26.767602637805847,30,113.03387408010671,0.3880330025309497,4.772806335176211,1.7602143521138163,58775617.643103756,495,175
91.5429185741364,22,62.74480126436784,0.019151039486246392,6.147607898681064,5.719423820872235,998.6423883109098,503,183
3.1884495820507266,20,123.17952585812968,0.05212053034986639,7.606696481377331,1.60154393872403,21747429887167.848,503,216
39.780393226961955,22,133.4475324406645,0.00202374195752876,3.2634799477809695,1.2381406525313785,1908890378350.5122,483,212
197.9641950949652,19,103.95185111113454,0.5201470146540424,2.8174598855482076,2.8624291704056835,20763.470488485214,491,225
162.82806711276055,30,138.52487672520917,0.5449426176550307,4.421589812993356,0.9150708416336786,57628.975673197485,496,177
18.31981368767284,21,99.85554522025463,0.0064301274167942665,2.484513113312545,3.1422112152622472,14034.147143192666,523,203
205.40505197419634,23,92.1497852482292,0.2103438297931411,7.096921180074014,8.213952816979162,470179.78733946726,468,214
34.01795384908672,28,116.82722728817119,0.010265848026027551,3.5398824227654266,3.909373075040205,0.0034886681719044975,474,210
236.2377893311356,25,103.00212467481619,0.18852233670087098,5.310655426500566,3.1158377254641962,52.36163222182499,501,222
68.11987019199839,22,90.28583270284956,0.000386676739180223,7.717591810889753,1.4329834056597774,0.0012459514856674263,503,240
39.74544652456887,19,122.80401697713533,0.4495749097441957,0.737036892204551,1.7241691454466677,354.2723681928244,513,218
182.15153401470684,25,116.12873649012532,0.12044628640531417,4.266122777771166,2.3839201111346937,1201.6899934042258,496,225
172.61341437638927,29,118.95237870357371,0.021024465114732833,12.830083257562825,3.2387736516407757,77276694.62718196,536,225
171.63323793242202,20,137.7833634534725,0.46271655122755473,2.444483428770831,0.9085805238827915,2550705.9850808284,498,218
83.13096135586599,18,141.56381261893898,0.27460548851598304,8.110413393416893,0.30644163258288915,408801157.34003454,498,182
68.40674425632531,29,143.361115677132,0.07480395568491523,1.515217562093164,1.0063335013832384,27657.23479895375,513,204
121.41793300916197,23,100.64314471102658,0.2439574924725376,4.500925418990594,2.0831946014175453,28.533936934035577,521,204
87.74556831333885,21,112.47395084672317,0.7999657774394539,2.851370158773378,0.6704091822448061,1608.4609087557537,477,194
4.373744891938187,22,130.89797421062568,0.025879329934002136,4.257705773440098,6.640501440241296,3430533.6735041086,513,229
221.33488843206726,18,93.69596429486748,0.3599730907201629,3.2850404705114626,2.9481789140259393,315563.5275566464,504,201
265.2663997382245,27,141.83506175582212,0.5679442879138235,4.730611602528264,0.7431075112501827,2159.5940177960465,523,192
23.20880263203303,30,64.2221736230564,0.10894224874978575,4.028702265358426,3.112946463933723,8691492.459304553,506,223
277.8808827255686,24,112.8458363564418,0.08114434757502717,2.2544743509386413,3.4741524411768308,12068.896315892942,484,228
23.272376194546897,22,114.09845821395484,0.7290537241880674,5.887361388084155,2.9076969136478445,0.0174461376260087,512,222
57.779636063687114,21,104.92510423764473,0.32640547696149846,6.437518843609744,1.7874716798945431,182094.82452117433,515,204
7.550051919153704,18,124.95690027921087,0.09543364048251388,5.7465284629512015,4.393146676454868,14365165.20162628,507,219
18.234729237875417,17,107.1368326199679,0.27796806789991163,1.7833691533683718,7.075770214004979,38900.9557806351,494,217
4.299246297456028,24,131.18277178317234,0.10963215385393267,2.3385406485916467,0.7048499587095155,8594006882.893658,490,210
268.21861483681045,32,105.69456259062687,0.5881246103759642,2.9078820140341035,1.6207386858588528,1829241267.2271109,522,220
88.49099803256603,22,118.49476697192297,0.9394969348996113,2.4513927501759607,0.6912408239368969,89480128.53429243,509,219
17.52200242396043,19,108.54763924914798,0.36986169976245054,7.89617722365344,2.019608585343206,56485.342344393524,507,227
45.94028999411767,29,98.82489421714429,0.49063929636980497,1.6040509769594267,1.7729292190544552,0.03003046395108363,522,225
131.35921825812872,19,105.66641698203219,0.6485897595111327,3.5868672607206413,0.17583616547573633,614384042.4473891,495,227
55.91169960106666,27,95.54106301185806,0.05456524859200155,3.888741711788079,1.207873896829253,24.784235969834878,545,229
61.403790508626265,17,96.36868903366715,0.09957466997413712,5.460620069423811,0.19112586173078058,7173173.421311808,520,198
51.719624787265886,25,88.05553012604759,0.2640519364151664,10.574818732420741,1.5213333951308348,0.00935505829897067,479,222
182.22040440967396,19,109.30323691444336,0.43050135574770926,3.361764656825867,2.625014861561929,1086488465335.7189,499,225
76.81836974798755,26,104.7438370056039,0.5961918914211946,3.791249603575246,0.14956683245580898,53930789.26839532,497,231
439.3834289553294,25,131.05330997966564,0.2505288309570335,7.9074427432299,2.5869422119066527,3131213.8975502457,485,222
44.76863122601644,19,113.6894471009646,0.1686366343360091,4.4496955461334995,1.1004605016534397,204802743.2927833,517,207
28.143939172481392,22,81.38068253327445,0.30208355736311343,6.7529482547671895,4.057483587971234,2478919.707096042,500,228
64.8391337347744,25,107.09562537512709,0.010268955890056074,6.039487285818814,3.318487172255135,93.73707358366576,490,199
95.07924700059517,30,62.46548200934403,0.17745965441081482,2.8628322001182465,1.8664078540599702,3188924.6846974744,523,232
92.3556144307981,25,126.19880878682795,0.023487435648512377,1.5873890577285557,1.45006023916158,0.11087397221501531,482,234
89.42388730006455,24,100.93906764257085,0.0004977590877646526,5.1394815629542805,1.8739425197804098,0.00500189944499773,502,206
433.6111319285916,28,81.83312491599492,0.2698631644795627,5.033323710878168,0.9756698800677788,2.193684171012115e-06,529,193
134.66952290690207,35,55.69700278643471,0.008369015823027,6.045410042321497,1.054182821895714,11.53123555970446,463,216
44.2703124820218,23,113.35936375304053,0.00780230826124846,6.582181490377342,3.6660089257338924,123.94246479832559,513,221
319.8716001328377,34,82.01982622284575,0.43436009239478235,6.580665420467091,3.3432765386423777,2083.505948674737,501,196
81.35249575802374,21,101.64317583760048,0.7764906920048659,2.4692018803171902,6.938047529581524,336785.6117070296,494,198
174.99629017466282,22,80.42905400946435,0.5315415323062676,7.0189169992638965,1.6258602248540348,3386244988.5819755,505,243
37.53981059420071,29,92.04032647150123,0.13367308133630523,6.718143867849234,0.7568187786559141,0.30860796078319064,505,204
134.01066009501196,26,91.00744021734172,0.41861286949727927,2.873199507015975,0.8281842427701359,28516261.937552664,486,191
4.583982121498052,28,104.07848879747185,0.09173587816422783,6.799033354473995,6.037641094846771,2655856305.811913,515,230
177.53635650582967,27,108.59877485178846,0.02721689634761874,3.159338125443455,2.6764110891711352,1800907428.7321904,478,213
16.994054007577624,20,90.19436846691985,0.9517776959753127,2.697124206093438,1.9119959383931133,5185635518.789713,487,213
248.01852486879542,28,97.92410020104096,0.38371612904867514,3.850565784511375,0.06230834755427215,18720.14966042658,481,222
167.42574947746732,27,101.08523843308122,0.093243241956271,8.820438733431759,1.9402311481177597,77100011.89087042,499,214
41.18670010044012,30,106.63684025042119,0.5812238489007999,4.923354713504615,7.943634788230493,4024594639.7874,484,222
152.09093877683665,21,130.84245504545123,0.005607914702523439,0.4447597950085695,4.460145764774254,0.08512152797107236,528,185
81.34887768006462,26,122.37450819994216,0.12468253102155243,0.47137669624205913,1.7010208991293272,1080942.1892658034,490,233
20.045012747256532,28,103.05266643667669,0.16400109125384613,5.42075082759146,3.8107370516943124,71337696.69136167,495,201
77.05703337080513,17,90.17523610256806,0.04873715386895843,1.8221230019952408,1.8677880215971132,314844.7857693517,515,221
25.720658798248536,21,108.31397659561627,0.28553590332604056,6.195147872898691,0.7596600481234094,0.004007607596902306,497,218
141.72088839443134,19,117.86371553838299,0.044646163021202404,6.897811547947967,1.2707036590661966,642.5352431499265,478,227
14.830348272669086,17,71.81210232628007,0.05529915575550789,7.939846396753548,0.6358616955220107,165713824.2711488,510,216
295.381133506784,24,118.923230803404,0.710842363292937,4.31135304442885,2.162306291016443,7151230832.61972,490,229
37.93808200529722,34,73.48461029601037,0.6780179410957039,6.6142674833672315,0.1964200567819757,66.52959004107689,510,237
43.08402495040567,24,61.89913616636074,0.14919083156940324,5.378486255621111,1.6896039934914053,91090.078913706,472,227
205.4363040845301,17,97.06028050142659,0.14406298792412597,1.0325288986479346,2.8912820512672517,5.6662335644800415,506,224
130.08798212175657,25,101.17568150101394,0.02258539788916736,7.074380165636772,3.0187739412226504,0.010740304763318935,491,237
189.83725937653696,22,85.74541593020467,0.3654772705617072,4.602679866250312,2.729187173875058,0.08892512524436257,509,188
17.219495776355753,33,65.54699110485863,0.32899386482559656,5.692627742258234,1.0935333400461191,6284.196749059979,497,205
129.028163135609,17,99.43467553062551,0.1292881313930135,1.2965689740021544,1.422971721689436,14979118.643895809,483,199
93.08512239441475,23,97.07545887996099,0.3098925491006239,2.4037459906083978,3.529463286957546,10217.348257954727,500,256
155.6201937277913,24,96.44204857163926,0.04897749657256691,2.7125453996720035,2.852068509333851,2.4346110503883254,511,242
46.70580819957346,16,65.77449094280676,0.0018729479427684484,4.40549014731636,0.6437121282418886,2.8737480989334996,503,209
25.298454403628163,25,72.80997875337536,0.02977578542081377,8.299705675447152,4.6162140043292235,1683785663593.6814,476,237
8.336383226617528,26,122.54070710041813,0.21311107699700307,2.6252508759599618,1.9787577047790958,42844.01398988429,480,221
19.886999410936774,14,138.68795410491867,0.020330871746995785,4.735617193622641,1.555902076193492,1.954300745517612,493,177
95.69467635120768,22,108.22246892288169,0.40361641126431624,4.846322491874067,0.635337914392633,1114094383476136.2,495,224
102.5189059085849,27,98.62190001426805,0.0011477395248170842,6.478201049342666,3.0788671608067264,4.92636146755794e-05,508,224
166.06784731515071,30,78.98094434277724,0.5451508256499993,9.588771419050572,6.025224436877893,15035678757329.275,503,184
63.49086543294199,29,99.58810805024173,0.403761528410713,3.6492431951249302,1.130152045520575,1579631.1391436155,550,219
74.0001931072981,25,55.085598945308625,0.23104737736348507,0.11848763772499546,0.7385599702357097,7277984651.334018,485,194
164.55915959612332,24,114.78715884280868,0.8434205806313183,2.008717916363419,1.9996890504074343,5026856.937043461,485,231
103.27310720956906,35,113.00013863076626,0.3582502987972187,1.8349012242512763,3.0348293310659913,0.02497562494556095,491,207
134.20585949051355,22,85.2182527455407,1.644157854542376e-05,1.2682709720574459,0.8117124752952696,0.22322456830252285,514,195
94.56036687345049,25,61.44029814858702,0.2274552337284337,3.753154631568334,1.9248672657670383,3157051113516.1543,501,170
21.515331416159356,30,86.62165183606379,0.06186483041504063,6.8974153125071105,5.042566191737992,41407.99021387562,501,212
70.09231978253075,31,118.71230113358196,0.10194126506603031,5.32246173857751,3.2451605060599973,17734.738242869502,494,197
209.02915418996665,27,78.1471482508354,0.7378716228999089,2.089608707161734,2.411094123538872,34212.01131625941,497,210
151.94294685326605,18,108.44255631048904,0.11757041648954882,2.1644820926626736,2.8454115407972336,4164.897093937781,522,201
29.00532879541675,23,122.10769012066524,0.45248563011254467,3.835776593160591,2.259948719053631,193935.28068923828,512,220
187.34242032799213,31,113.4413747626474,0.1474545622793264,8.112893714688541,1.911287208993178,409990.5158894701,494,177
50.98300558605564,19,116.23867813883756,0.05956180627088589,2.8270181907789915,0.5673211187845006,25275300622.46766,499,209
182.72050872339835,21,96.87790841902726,0.22846507651006617,4.930086753098155,2.8137784259452214,1367664587121.7954,489,197
132.1812469350093,25,108.59021518748587,0.0006397356327479637,3.8403652484576725,1.8669612067836339,3103.7144319930553,484,209
1.9342977260216814,25,72.27122466799159,0.23456474909001668,4.668948708244046,0.5211122685424084,0.06414858342445023,494,209
143.3568504301508,21,120.24232989127223,0.018539962742253484,5.231792401848733,1.8302166440473087,70.84714992474723,473,220
202.90885180314575,24,129.73523301952542,0.5784584359290544,1.7589522778383109,4.40391549217661,3.7737142608743883,490,209
146.05613066158367,22,88.00073956384112,1.3779262240313552e-05,7.631872412695837,3.5197280058395197,3990.8463698020237,478,224
203.38523600996484,31,74.81595111654414,0.4589714155675987,2.533427611669578,1.7812096997812388,0.004321996556640529,491,236
2.980688127156033,29,129.74295896556737,0.4415706791016081,4.889444627992523,5.644445898175463,414031407.65839106,494,210
57.355018542475555,21,105.6553246065244,0.1397410157676465,6.074750181583869,1.6418608780568866,1.2778093562778188,514,207
29.219834426459045,21,117.14494829235686,0.45287628493370746,2.2812079998399826,4.222591093007136,157930.75847046103,456,201
126.94348223505148,29,77.84509936743031,0.7559129173051667,7.155122520486041,1.7465978249186302,9854533.231846426,471,206
33.74199643257055,32,132.7665124525525,0.19879424059087883,1.8244647772468359,3.405462284515599,8632577408.973791,511,230
72.55092398266126,21,115.96944122495421,0.2762983324559838,7.683367188560829,1.9239144407739306,1.999840202035479,514,196
4.925206321972821,23,110.16829542704961,0.04053939386916896,4.97396691555699,2.923846338903454,56262312516.32435,502,217
82.20348338174233,27,119.15317508354269,0.8245055673568861,10.164022626566648,1.6199455426343239,15365.95150396407,496,224
400.8601279516567,23,91.791474711478,0.7809863436241677,9.152574847705505,1.1141687486746148,0.0003099187084260455,502,217
214.4498748648798,23,152.86175538933003,0.20237690425840762,1.3670239223753065,0.3858236409115693,2361692796.600346,479,225
44.819017251775115,26,104.65090837242113,0.30787661611846007,3.710043392168297,2.250218995257015,6.821846811375804,487,203
179.1574248539032,27,102.81988968161343,0.3788204330935035,12.528330523343854,1.0266771097390635,783811962.8405017,496,206
16.428530100558955,21,111.00903382654201,0.7740385274476316,2.4894349535651026,1.3542674961129806,3602.8472658152036,488,201
1.9288629558030488,27,122.67764900005464,0.7248455676583081,2.0104193785642375,3.2966609426094764,147.18554338181346,481,212
70.25642276167994,20,94.37735033257589,0.4096084039270752,5.332824266942985,1.1901851862437998,0.7345459574399759,516,240
117.9270758563586,26,125.27428282454676,0.05185338406323968,8.630104948971383,0.9853642625824853,84094.9983749749,496,197
61.11659145258529,30,106.52468043148656,0.770177822905361,6.9150518201067,3.8182190716483375,392.04432641480014,512,210
262.33235303322135,21,94.64344707146361,0.5117452397394884,8.46897148691443,4.287155193653181,72924591753.6575,497,200
112.7324720247832,17,110.6794913534293,0.4400851264253582,6.279191497881136,1.4041501957341516,1135.5271376951753,498,240
98.51463367408154,27,82.7565110312024,0.04279403993544702,3.123362672739065,1.0259098752114355,0.00013955520171382433,472,216
310.9821955711775,25,77.74359985756621,0.010470636154691147,9.477181239535476,1.3400037537583447,105.32200221216497,527,224
17.360327864764756,27,86.86698269452967,0.1098460600206304,4.4753353492729895,0.5338764964298626,94755623.08276743,513,228
169.1800454872768,26,106.35999070781479,0.33964927312971077,7.963352002756557,0.998992758052106,103059.94076112259,507,207
34.593456871092634,26,79.14397087412661,0.04147453052853775,1.9410034791764066,3.6173652589130962,1461931537.5299299,501,207
4.0814140013737505,20,100.4130608412789,0.11267182962330118,2.1701726320469503,2.3433111321690268,2815.4213080740833,502,213
18.227517542205295,15,78.97711107085908,0.028248226975859714,2.7860088229636104,0.8180899990726301,0.006693506775559928,505,224
37.655086835536295,25,102.97786351610766,0.0015634232407650112,3.4822785004451466,2.179856878590702,4322.284141299654,499,205
111.08468260190605,23,141.5032827860578,0.0030195913930047493,1.534037298162085,4.6735953262476295,11010.89333468681,502,224
185.5689512276988,26,83.94266188642035,0.0980864259828481,5.879733097670788,1.1864756728680201,177399.12653403668,518,227
189.89821760232996,25,130.22855339705595,0.4731900175715349,5.172782221015333,8.761382381688708,27062.07097640795,505,168
165.60819340793932,23,101.23453800143504,0.46027484769108357,6.973046108720587,1.7004281107263175,6584682.734042483,512,235
65.6579872466332,26,114.80879918308139,0.05028298936932927,6.945518609672979,0.8689256186155246,13622402.02865119,487,220
42.16267506151241,21,74.66809250737937,0.18948743971591675,7.078903505261594,0.5064940454347595,81810.57963371322,502,219
185.1642894162276,25,142.34606001226092,0.025760742816245553,2.290486356429024,1.0977425687380202,3496.649059156517,499,222
7.587179182887225,23,122.79912282273942,0.23526902074144257,5.597085437349734,1.6147580309695009,13971.932578970118,497,211
25.77184974178509,33,95.16300456120904,0.3553022201441907,3.038464194826303,3.403008970258796,31220.04681564582,503,226
141.50464414973754,30,106.7149566831096,0.9043379492256394,4.478893694439864,2.944288405049793,162435988.1071163,510,214
57.05825377281653,18,127.3939973345793,0.17203373915540468,12.314943724654173,2.2953349086252004,1390140.786495575,519,212
105.5656882180512,26,117.37961741226121,0.6222950160065758,3.470004561392911,6.463892880151542,2713495.1601757626,509,231
80.04046510768686,22,90.34031055163607,0.4510712129642128,3.43191296452063,2.5481183362275504,11912.102230066068,532,212
204.32486282640065,20,91.31946003325638,0.669303339744598,3.616969182146718,0.2815656620009649,1.6766597016481664,505,231
34.54624206592295,24,77.87081786318865,0.11669843705588488,3.9047443669318658,2.0994193812839366,265027.41717504204,497,211
220.44234194334788,12,87.51641457795083,0.0026218246431720803,0.7623373075828594,1.954763242462552,347229429.7144831,522,182
24.386068393819112,24,106.61976500069042,0.8056254021162524,2.70086851905102,0.38196524499301726,751361466.9940805,458,213
31.849504765144815,26,99.77955622599976,0.0473626951712328,7.07969148211058,1.7397841939158465,1284498.3451104807,487,212
106.76326414325905,22,78.90356542837768,0.5655965962566513,3.3222117717525275,2.8990125472070454,43.90432182181437,496,205
81.68137385024168,32,101.40641706583584,0.5534753521339926,3.6884647009135225,1.154858505360954,16784559.860378537,500,210
64.5848963212011,22,93.18991548893914,0.12003690230725,4.754922813315525,4.142289807582599,37191163.777751185,477,187
326.69477331734555,30,84.67481743378445,0.08115405578956943,3.2578982257896847,1.3928664766281111,711486.3980898551,519,198
17.563543164358467,22,77.74232673603201,0.00893374983618544,3.775980036277339,2.2627395068524865,1.1420257571904913,529,191
112.7349047921551,30,56.499459525635835,0.1318769614152245,2.1144114150617224,1.0732557948777761,0.005936414858171866,513,236
239.602444966408,20,87.94672086887192,0.26143142569473965,12.546609421170075,2.491289634059672,23490462.090173885,530,199
11.53768532364519,19,77.58508487012847,0.1871564053745172,2.036542255999547,0.7353282442889616,4794.197806055006,480,200
21.19800688914988,27,87.75739822743344,0.008009634874576602,6.96235703884511,1.5017425150833303,1.1702034876748635,493,225
1.6144572763376708,29,111.13867077233715,0.18317105150363083,3.211773281853437,3.569269227923005,31398083144.323555,485,182
93.5681230502453,33,95.98096004524068,0.004849500267093988,4.472842034913468,8.093049869979037,259956.9099313107,531,235
122.29589210144371,34,70.0562820544648,0.020837885856337234,0.835623170371524,0.6823032422081263,1429099.2382479615,491,222
14.824062437358219,31,112.73286621853676,0.2783028069426144,5.027503927040092,0.3413803676132201,279394898.65944505,507,218
35.11565801570831,35,129.5025537313252,0.20111432190565395,2.1847876239864323,1.91645614058478,7.898335312040088,488,221
45.7889999640226,20,103.89935426856233,0.5465382366491846,1.2506072173891447,1.0629757312354096,312193.2474835082,489,210
75.1134638922713,28,143.6851254460595,0.0018564702875514545,4.348152937415574,1.8802642834962289,0.03153350279327722,525,206
296.74410324245736,33,78.57118091995528,0.01443742861558621,7.2708260798199955,1.059663168104936,0.1600971371813896,529,216
57.38970892441104,19,147.61593937001362,0.10314870237008449,3.6574832826761523,1.0418386089916487,7483535.684383254,507,222
35.62888656631013,25,89.91233919803456,0.001039618299865122,2.0569240891374942,2.346021240562507,0.006932981589237367,520,205
78.29933017183227,24,85.94489082785894,0.018454161810867245,2.441380875313395,1.1492679728814688,5.582412818946961,504,226
103.15346619272587,28,85.71571649130954,0.039979263570187884,9.136412232372413,4.655563706976022,50.32659948313768,479,210
19.742197422940887,31,103.70759536319555,0.16659964907143582,6.71614785085618,1.2392521513822472,0.22533442835530204,486,232
11.715145511248307,20,101.57138951304367,0.42304600627952577,3.332990013797353,3.7256042548058796,337.3194409271581,489,171
24.327711702312133,22,93.22893006354818,0.24524575827251413,3.8017662531144825,1.3755106851982613,6188683.650868698,509,199
73.1322026852984,21,84.26121680206634,0.0011817992916906567,12.5623569749495,0.8253127644323337,7.788032030329222e-06,501,223
53.74588710287803,25,94.8253536007478,0.17157307445443867,3.761876372104748,0.8859488799843892,140064801.18208608,463,185
32.83821060787502,29,97.44405680073795,0.07298820739953606,5.747885266419206,1.3259955443074087,0.1091848720705099,519,202
52.283910968246495,23,91.4420481459877,0.02994085251929483,7.575197386032573,1.0729850370870921,42.208517116933756,492,210
33.31564832121765,22,92.46684377611817,0.4829752184188385,13.344646127060036,0.3388000387072611,3932771.109282937,492,224
47.791631762843245,31,92.9098372215487,0.6203885760692234,4.92277328815737,1.2623912990338488,597.7359426009174,512,213
16.981290031771923,27,126.49134125711619,0.12051767008368217,2.882449234393926,0.37000073313007703,9.452512115705566,494,204
56.38923432310216,27,108.91586513457433,0.3584794489466797,6.3180725938938425,1.3299553459367428,25.521076907274658,493,227
51.84165587189925,25,95.7287373546049,0.01859366063906668,5.507880253296919,3.8860263472005383,318.8049916624499,488,196
26.259682788333443,24,101.45978906797373,0.017970716796358283,10.38441896248588,3.1471508561065815,2.9220907253361115,519,261
221.5402041476457,20,42.526959570462814,0.0027633240890927342,6.89223124361525,1.4694284982725878,646478.9089470234,507,234
43.57948214526388,28,104.22637040184857,0.014376252441238604,4.258545263889688,1.7612365207616596,499678.75712668226,500,227
31.11077805001088,13,119.66739849566937,0.08391247651506357,2.613469199641117,1.4435539986886559,11941.061926090899,487,224
3.037166444189298,22,105.04322906012797,0.07732118664120603,7.778073765081628,0.7175304413627432,160568.4354216672,535,222
49.78372968754972,25,143.2067370034782,0.03547141388712908,8.613988947770414,1.59682706657709,2.5444094852396875,512,215
68.55673374526432,20,88.20402111730365,0.08428727659521858,6.7004646351056,4.369047933796483,19279099233042.3,522,212
72.42289234097132,30,90.17015897039838,0.22189858505977225,8.527737945752989,1.2741971443194757,42430556.04086686,506,199
33.06146435234733,28,68.70544983060347,0.001422408553458526,0.6542872545924581,0.48658438907241947,8918.77340287659,507,210
149.88694322493004,24,103.86230011855997,0.6986098706462547,10.87665851103847,1.8154875881168553,108.08488332992287,496,219
1.635208055827007,20,145.54334398219362,0.07203837596273427,4.485696607186884,0.45787316275728845,327.2098795125123,519,208
49.69592675889044,23,62.820231593103784,0.005122459586827029,3.965094062360057,0.6648051885647716,1218241.5690246131,486,206
154.4845253333124,22,117.20518499635166,0.23434240552002858,2.638743304754519,3.4087748444151678,7.397421425017031,502,233
78.25220314615645,20,80.08522282235342,0.11702300564610768,8.054989932306892,2.1342301332974714,0.00817138908252575,545,196
373.0639123337482,24,79.49849585137261,0.03157940487278,4.901013372383228,2.122335845143577,169168.03370522268,482,209
40.09482210219414,32,98.58781757501018,0.7049018042247488,1.8329978385664796,4.366086747807537,47.04312423195177,505,223
38.69449894972901,22,102.82940630020136,0.014920917949458422,2.121131860550867,1.1000078508273035,25704.82231957255,490,240
28.82691056810564,26,80.06715835012814,0.07778110907074987,1.8431899816304513,0.9896987614089436,0.11527575538682969,487,232
73.29264048947084,16,110.15439955591081,0.06513229108582647,2.486702499933599,3.5765799885765848,0.6037156874184842,515,202
52.52311528032247,20,105.15585255927486,0.248149585636744,17.00652886829165,0.5255284960338295,1819344490.481908,499,219
29.060104071483572,24,118.47944479893435,0.015864557719017555,7.33648918348341,0.7728461356815189,2.7172626901022583,513,207
448.05044265537026,17,106.28918292720462,0.01118247756267482,14.28245141578088,0.4966315985279063,4.349101964639794,499,205
0.9288548744627187,27,95.36046453023107,0.7783085034330485,3.340845832619116,3.736064694050209,43.32070538493941,481,225
66.04098020932611,28,105.5175453470795,0.35657275987132275,6.522310996509064,0.8171922807908698,0.6521051518801164,476,218
151.26487364746382,31,48.77804949124978,0.023648612809780416,8.584761010079234,3.0650367185698077,185235709.0316647,497,231
119.41077609491842,18,112.03746717196474,0.4228171610434514,1.2726413999139745,3.9848033617985,4015.3350082079287,508,245
0.23848726171379386,20,103.36906253090748,0.6661638102915166,1.6954769274140316,1.311073492862248,7.467939983852639e-08,493,191
26.707946394080796,25,128.00016191145144,0.0885692889206404,9.692183387618936,1.0726817256790075,350.3736271791429,511,232
52.94171078838799,21,79.92721363060056,0.1333773090012971,3.6990389859806303,3.8822233141252522,68918.7689338306,503,191
123.5659935157862,28,93.18897042375585,0.03661114268664989,4.466995876360941,2.1207901357184924,0.8016452058557061,489,206
87.71588284191725,20,117.94259148216918,0.3291729387196956,2.945315332630954,5.349808048549551,34551.97416535411,505,223
179.8155211295244,22,87.12345278792213,0.09511960149232282,4.114242536310216,1.0892599524469486,772976800.0847762,502,215
21.062505151424162,27,129.6360377370192,0.003229496739942048,10.2179140553701,0.9878107091242321,203094060.6646023,525,214
82.887403754147,25,100.34099776726617,0.42091909632991664,3.5165363457138152,0.3636320586561934,4647017502.06135,488,226
175.68366990525283,18,128.0388933488435,0.0050488399041647486,3.7679839923664855,2.2056343983018385,5458968.754336352,497,232
98.47779788249387,26,62.04080581032194,0.9163235825979854,7.495672233732023,1.799823151167063,0.02082244165041571,536,198
59.31977965321921,30,49.49578137494378,0.44671680366409183,2.6258101428347143,0.9834194173526682,0.5165119595429573,512,220
76.57391399304394,21,92.17084603545439,0.3684731775566447,1.2506614198554307,1.344193328859941,27.603428190684028,521,199
12.269305213827755,29,83.0027747139442,0.020048646210634027,3.2205172035064202,1.8740515265059432,66127.47208289341,501,227
112.63118477752687,27,105.6482149989296,0.06730714776556196,4.481747671580703,1.403324953356338,1421052.8079595456,502,215
47.52029513314092,25,135.60831693992765,0.006667252635154062,9.187750471579132,2.7197065519168975,213866.07496452666,517,228
187.72262309629767,20,106.35327614684059,0.02114304808083988,4.509255529650218,3.3218668718004447,2.5635431388732783,504,217
11.530165906226518,29,49.47769631425349,0.8554968212871986,3.730798549578546,0.5017353582810767,665048227.039142,505,240
66.76425419540402,22,125.05859314557668,0.41068877977949036,0.4582486043050032,2.9950795511459756,501.4053770325049,500,234
238.29049198524098,19,97.54225588857487,0.0014455835073085561,4.290729198243122,1.3792319801526882,20.59995521189865,508,200
20.158278232310423,22,107.06093493337059,0.12527428673262386,5.5665299786003,3.9793533610034637,2187067924.908225,492,208
161.18370504451246,21,104.0695600555513,0.034511571538514765,2.6330335979056505,1.1057611861906629,14780.218590121502,516,240
270.2461410515793,16,89.65600936413543,0.008862912333456418,5.892724528966685,0.6525844870473531,7439863490434.313,508,187
25.45100229526036,28,78.18541098971691,0.8330648859222166,0.9580435937100099,1.6890558809445788,0.08030627414758781,506,205
25.302005795573645,28,76.37984039056721,0.018785008338326598,4.00468257051898,1.976592665488377,1.1982490775141974,463,202
21.050473723098616,28,60.04532785888554,0.2359353744164684,8.270261557768336,0.8735685873243256,0.018216180137576202,512,234
60.03712899735499,22,116.3531481952156,0.0001970409262159875,0.704271742312638,3.399420416947686,103000.83126973879,481,213
44.72139759425862,26,92.4045062526837,0.6205685813846779,2.369894689808852,0.632387645818662,65514615.5629727,484,227
333.8749569272607,18,121.86569613736064,0.3275424261979655,2.8188941835292347,2.05784247393389,107757892473.222,504,225
288.42282925491946,21,105.04355779612852,0.19950879504447702,6.584811164153626,2.1848916985287987,222531843099.2349,519,215
26.168596199786563,17,108.24832585398848,0.42967816700134837,9.07791934836663,3.6551221594723327,18.142739753789872,501,198
4.8447189563454724,27,60.40090276565305,0.5066763357011072,6.019974000407166,2.655274035510601,0.0012146252525599823,489,179
251.37290854288867,19,92.47018300042701,0.043473834111552104,1.516558533043169,0.935590382936507,952.6254472553985,507,199
56.888088057435326,26,142.33654477960164,0.5981193461616741,3.4122919578100848,1.7081284854852656,14019.045857917292,490,197
96.55351113595522,37,78.83701917045123,0.31300007053944406,6.703639104745773,1.8086851575794998,40.58727344817982,527,262
55.75995835427261,29,64.24481503802909,0.0737706444031293,10.007171647256335,1.8991625634759373,4139563636.6264777,514,188
40.382995614680034,31,57.45501285374755,0.0942412841700579,4.84281405812779,1.3201947394762723,8.487594056182594,503,229
4.408784721930361,22,92.96907853785618,0.7796452034399987,6.15915954649623,3.23186843069719,6022.335092665039,523,215
36.50035135673318,28,65.70913640132292,0.3569291768738766,5.412396838615527,1.0232056562097334,2.27106874087112,492,216
51.091234649665076,24,96.66436878857361,0.04197736576107654,1.0424924199804608,0.18056003564860792,1271885331.810992,504,230
138.62955393449246,24,125.65548539119693,0.04335591374116013,1.3156807444129337,1.6531281079173197,18440.415393645577,473,182
31.211414977003027,27,85.06083232339856,0.488623676871018,11.941346078315446,0.7435413004171968,1.5747551704706382,485,212
49.706908621678075,26,100.56820633613833,0.36744275371769314,1.7656572282382563,1.7077261677171915,22442.664819914477,501,237
48.51150570143082,25,113.61992613624007,0.45264197601344563,6.247214136306421,1.157520523677855,1434.872751053213,498,213
74.96185671399962,18,80.65945939911335,0.14587701610794634,8.507842961111102,2.4340505262056817,0.00011436467025859832,502,219
62.689615528007,27,117.33691608515136,0.029728417468779345,1.9930554758897123,4.495158877024692,0.00023769963492414043,504,196
134.05858533120318,30,109.23953204808313,0.28609399054176876,2.1630219690267745,0.45407713636057445,71710664.6212959,506,221
151.22954157200996,23,56.69402627532692,0.04886044613290641,5.1430115009285915,3.5717730835811974,47.31669547024636,499,203
42.758031369941264,25,81.70259469018711,0.16688921905897905,4.292180515789098,1.5659737751320988,114984706085.55673,474,199
55.29158401633746,23,112.14494837172766,0.23715180856673765,5.131105105500105,2.648622044680068,0.012398889020713635,503,238
154.597587852806,21,105.64988126238006,0.9050232542597718,1.7727795079899373,2.1113582976231005,121850.04026200982,497,195
20.528679880727474,22,101.94380505793796,0.6068274379714776,0.9719626107080611,4.478073531375387,19.839151453101184,482,189
93.07812655710804,26,63.417866135992625,0.4458266561744399,4.580424698698319,2.0727335733781116,2381001200761621.0,482,204
342.316872632816,31,119.10171434261056,0.2168942131961484,4.033661126676909,1.618585668768237,138027.24582878436,513,227
25.11928711031463,26,113.59250032820285,0.005031745681716207,6.83342896937114,1.2093248121144693,11724608.728951348,493,230
143.52051305189778,26,68.88343140583008,0.23443039714836914,4.803783117890423,5.084810050232805,13339254508.498322,469,213
19.904552926594196,24,123.42220299998337,0.6060314146269864,8.696263689034014,2.4179038880667596,1407.8648154526948,515,202
43.22207207998148,22,66.96345276053856,0.040029427918658,1.6284156834065031,1.555962375460001,7943881.847204418,495,225
31.241751255383992,20,103.2243290523983,0.13433239466721872,2.123749339605841,1.7451571436259403,0.02275367054546071,498,229
36.9624622628812,31,83.97114632114243,0.0056925894514884305,3.1953469832491472,0.21772478783307825,0.01000650154924583,487,206
4.502201087361831,19,70.44320019755901,0.5547517618558344,3.638831425467095,1.5862647737921634,6550.61837335519,503,197
2.6933094818193513,29,115.42911057926875,1.5783800871186254e-05,1.7851661392513682,2.178221453317896,29.210287470135572,483,198
9.222140976623653,28,90.5231425953409,0.0012743934103095756,8.72565021963341,2.5563546402050554,5303.989117842052,523,208
53.10393300877514,22,101.10068175062285,0.5230064608532623,4.3374356062229955,4.239779560484081,24.876297239080277,510,193
141.99712963707796,19,94.58552624979328,0.001217713106889521,6.124342786135301,1.0504876958493148,8.959031929647616e+18,507,208
182.4041150871174,28,121.17933191982708,0.2458029444252068,1.995562046058154,4.288613777969583,0.10843940994454626,506,208
234.40305509611488,30,84.36219543294206,0.6507918716284719,2.0477186113628996,6.310127399030587,361932775.97830534,477,230
183.2155509876315,25,110.64917203692548,0.22469965989319698,1.924723949058468,6.120262479582804,19.68100773672577,527,185
566.3331875481583,21,61.332237864685844,0.30329664931913475,2.5926976337173073,0.2161335945069387,318536.59861332393,512,267
79.9316080317588,28,110.66430865099511,0.0013903018560356651,17.887335179116835,0.12311057485583184,342948464.4521397,473,197
37.56045336964141,28,104.11479234131404,0.5617767033902051,3.304737215587081,1.0571665350310804,2926.435160170478,510,216
139.4233882080076,19,98.85767133242413,0.49717371227961005,5.338704747425783,2.147625962416573,746.3551489466074,489,234
69.98367754752229,22,64.32506758934862,0.4499284493147273,3.1886715948365127,1.0743763643740272,3.355052381966232,518,217
170.76773513490068,23,70.6749438288855,0.03124412804082642,4.238179093169153,3.593471872706194,47.26941854014632,490,244
124.08784118751397,23,87.65697939477289,0.004646566002031258,3.2144533328097564,2.6746365664543506,0.566259178957759,470,164
44.02901644194477,21,84.52209427012428,0.5032262687844979,0.9748551648854674,4.929959094891741,28006.797789743025,486,190
105.78999786517645,27,138.22651339469508,0.4311480983320668,3.9471913600052138,2.6050151164580493,14.575884458123003,506,231
101.48737827283627,31,139.84006757259348,0.8255947173876549,4.276465007513852,3.9944216404609945,23123.524847997673,491,230
13.566506881322734,27,88.50251238124552,0.5499070731168366,1.1911914337886003,1.2558814185167775,4486341744.535992,498,215
11.770543299731354,25,98.25349760525914,0.03640818869653518,5.584321130378292,0.3686526514154164,129338094.56820768,526,222
12.239097829487479,25,139.89208317563237,0.04115482421169625,1.596655190173089,2.610414626096519,15915178131185.107,486,204
143.72996030850703,19,92.75898743700459,0.7897642877290078,7.141914023781813,2.3829772463086445,16962.850046814023,501,234
28.42164731309748,16,106.29628520746634,0.18885004857255835,9.538241548122508,0.9921176599243575,0.2226682782242726,511,230
343.0628222873574,28,91.99530571442347,0.3424475815099916,4.557892720430927,0.07356208745681588,3462.775736346607,494,214
274.73891648490223,32,110.12262647482137,0.6907577743357087,0.9260561765277333,2.0416628447544576,1248920.7967575318,520,202
69.81525189550014,29,113.11164435987318,0.1297835043867123,9.597873203761392,5.120775557365349,94059.94711925455,536,196
130.74948482330876,23,105.549372781784,0.07705411188527227,4.564867545192908,2.8206634252441027,0.001618698771339767,509,196
22.322283727817222,30,121.13103061205061,0.5668723902213564,4.954615955011034,1.8987666611067449,18232.686772244484,512,228
42.57406804594932,21,115.45809957622991,0.7314141653400849,14.270250985765921,4.722097981647486,52.36912921691668,523,225
41.637596780051005,23,125.55851768513035,0.287919696979093,2.0098653439439937,1.1888515353698847,4046838.472587063,495,210
263.62090009265285,21,82.17451521857848,0.8809975777409753,6.186969647482186,1.602551818024164,3467037.410464545,492,218
38.06741701393986,29,95.26709366844852,0.03626110139686559,4.530107122623847,4.527497530298188,73543055572.4315,518,205
18.59896558204717,17,85.38721165297044,0.6308293013412967,6.853849012816162,0.6251966169994472,1665009140419.3442,475,197
105.76635905321612,25,41.78944338812072,0.3991695190659089,1.3500205816351125,0.5536508993115307,14288439786.72704,506,227
91.06149245420235,28,109.53300961810123,0.06712637452816239,3.5426449168873875,1.8108786359352773,5613216911.387577,492,200
35.78380481366696,25,119.85962232348255,0.5165747106687505,3.701430593118941,3.2536132928339407,77509.7234247088,465,212
63.07203745007482,34,64.56033527070551,0.6003892210956518,5.803240277348179,2.0045180114636993,677.8491557770895,506,211
170.74106773606616,24,120.06593141408608,0.35165474983956535,3.743206249024038,1.6169393315442229,9.852851322766467,502,190
171.95898516358753,25,111.16859804534901,0.664434076879466,2.302751385513133,2.512440190463629,35771456.413923256,513,211
57.984421116188756,22,106.57703485531295,0.1434117616902355,0.6036438019307294,3.455561959596339,12365.203569872652,535,235
186.43174739120852,17,97.05725592814252,0.5504903136587627,1.278727079302436,0.9955313151867416,1250690.2302424847,481,224
89.93458728722557,24,93.63481073951674,0.3259569706432173,3.9948974781970152,0.9007798369298514,153125991.13693264,488,239
45.14593408702939,33,102.4849865802508,0.8741898166499703,6.45636092425659,1.4979007754806393,86.6140870329487,506,199
349.2653615562891,18,126.77546904063294,0.0007902902807666562,4.97050523923912,2.417860160706416,1646882.8949462015,499,228
95.01938363202841,28,91.61584072127577,0.6278137354332999,3.4241476034989833,1.659640432853967,5.15636475449812,496,233
179.3999707558906,23,81.92455839229005,0.34013429760727576,9.618511595345153,3.5199626594959676,38056974331380.93,491,199
68.50022751043208,21,114.50717404732148,0.4290507112330271,4.8802267844840665,3.2738341558788173,0.00027886925339458895,499,247
90.27080972270973,26,128.01427915344246,8.568345731334425e-07,4.557813748100149,1.5383977936123847,0.013838075550641359,490,203
35.642328493887405,20,131.14607502447487,0.00257665723861678,9.49568895757898,1.665943993451369,625631982.0494292,504,216
23.19499247144439,20,77.03215663689463,0.2272235273011684,1.1656771024821566,0.9667027123221827,17373.168421513536,501,204
1.8113158534242588,25,109.57163717989887,0.011065155098847777,2.817998203775538,4.496976357324759,3.114498728716181,481,201
200.7555024209231,21,99.75002662069292,0.35581261995885444,6.295438526250953,3.622407830076399,11.131793189363187,461,220
34.93000889917102,22,111.66770342157051,0.558298330839892,1.2944831291441266,0.5101077482812728,323105638445397.7,517,218
40.6885038409556,20,98.37935240682832,0.07923101112083385,1.3623999129012911,3.409894974998775,6992.5714173810065,525,226
2.8808442893937625,26,120.83671808961618,0.20898194745242643,1.5119333651333493,1.6730327692423785,2.1313268532836913,524,196
18.318059166243987,31,111.83788825881122,0.005932524625805917,0.5972204227714428,1.1832364816430263,24348482887.157486,484,216
23.44501783367267,23,97.80482325411097,0.4690581388266611,5.162029815521832,3.0785096768963296,0.01686828024939514,492,208
17.1599112958189,19,109.20384195736771,0.16779908742642524,1.7233335345195753,2.400686113172303,61489909361.28104,493,246
106.90709291085953,36,74.82565948746833,0.14887983234717792,5.95905764241895,0.6802065387803511,553169.6851729272,479,214
198.08665401690354,24,128.64543675438057,0.12950865097354483,1.4337705644819043,5.640598892269225,695544.624136398,504,176
3.4686092777598514,17,96.33293417229534,0.0993674626914441,1.6637971959374818,2.8660617287251284,6125.351709488518,512,190
4.680545733028472,23,125.92112515149086,0.02285978710196163,4.446887994498028,2.0930952315891256,54.240813305758735,517,256
164.46828638436952,16,98.08544771020696,0.22012240264096078,7.5145882163902025,3.491289381969612,457225.01034168416,498,193
4.057026565076031,30,112.68732216353328,0.05742425810405008,10.24144857579102,1.9267755679673237,6801757211.106405,531,218
18.22727820741188,22,113.37117910757715,0.6557332565158598,6.577838602472585,2.6884698925291888,0.08994069637995418,485,209
101.99148231944241,28,92.60077885147159,0.0022948122150843876,3.802402361234949,2.273412565791208,5227.207871565428,516,230
47.56639909654395,20,147.34264932235578,0.3878835538270112,5.516060581816352,4.244567165345477,71723.07058184773,485,204
188.33092684775278,24,97.15682889854733,0.7198970046805017,3.800522716609099,3.3105008854302973,43073.60057098106,494,203
111.42451552214784,30,65.69150290937755,0.06524840324350498,14.092093452031072,3.728718563967317,1114.3199671933223,473,229
432.8248268095231,29,84.23849725442841,0.001149182388635594,5.193091664668529,1.4805937789866792,13399655573.512697,493,209
76.87690886214324,19,104.22807273452052,7.500744727402607e-05,5.189053479352314,2.706748881002678,49909806947.31074,508,239
24.2371671938008,19,111.14760406866615,0.10061228472773306,10.012986992138469,0.4094447409246707,836.7032551640381,504,214
111.2662338440217,25,90.49718757510166,0.1582347518739486,5.9852918924496965,2.5292428935215434,0.0019798924279965965,488,214
208.82050590116822,21,62.75560946616204,0.6032972592322168,1.552464618677069,0.16592682537439307,152380.64643101886,501,220
113.73701518105415,27,92.22330494018676,0.07407371697207013,2.241710371991261,1.4116523554926539,12.437757365369931,486,234
37.89259271671517,17,69.2383340229658,0.1394413574285055,4.763554793400392,1.6122400958482233,0.3716356531853227,476,211
21.23165300024231,31,90.88934430073141,0.0895320901626402,2.837350715694038,0.8879406499687167,261.5992892641168,504,234
36.9606438973994,27,109.43382279145683,0.7338847962896893,2.602715003784528,2.189035025139305,5855199764301126.0,501,214
257.0856681070725,22,109.70083064161162,0.19093815332986286,5.163809649998228,3.5755508341211746,17056082563.972036,512,214
169.92965122016747,29,96.96756327376991,0.09987635588598057,4.854196734292708,3.4256283566893564,0.0004481026416553255,521,207
32.029872860926865,25,97.79679729337757,0.002914939237690421,1.9247389349975335,0.9300953290610396,521964.0856533813,503,228
104.26222725062671,24,72.45463434376298,0.12112161328450306,2.6126261403915967,2.485489147556047,3.4496592412461,506,199
111.39941228997397,16,93.5280642065924,0.11799066971700399,10.44327658282418,2.1401402705280597,107053.4552519055,471,203
96.7841113426822,37,111.92767001463095,0.18096855666769013,1.774137470812756,1.1813585440815273,774794369.664006,463,247
26.65019262922413,29,118.9426557692911,0.07034022864216989,2.3533793719316765,2.6897742420990784,121475.43083707488,525,207
90.32049321491392,19,106.04575153665513,0.06153983605607286,2.9508259375213686,2.5673263896131044,129.86097762628697,487,245
183.0329838880894,25,115.00148928464755,0.5627560155479047,5.736530922518847,0.6151135289102485,1184770.1746918873,488,220
282.3914157483252,22,79.47231664155063,0.01629740918887666,6.531027360356195,1.6317449593693598,14290930.322992822,500,201
21.669190647084424,23,116.32294377036729,0.6576921327859394,1.7050264071403607,11.513527827615466,118.61636730206857,522,200
104.7242664674673,25,68.97969225244834,0.5555808166670599,2.5232426911719834,1.0704568412855306,1648265.992099272,479,210
47.843021923176835,28,105.65947889273092,0.2931957407920607,5.988967448400338,0.41607092726175904,889.8382478994425,492,210
961.7014295617852,22,86.45219903933747,0.22486916593054482,2.1954097037612565,2.0979809982995974,25703755.0295802,531,223
294.99351832568476,21,143.07459045173198,0.04223112413586296,6.150289603069527,3.0927475236189057,1585.9538306504762,494,204
36.526695754529264,22,136.3645272374962,0.013751081687589688,2.8458382170505816,1.1904031704365943,167761257.6497828,506,236
49.23578627302292,22,92.76325729940523,0.619452289028878,6.3579858304962675,2.663484167775249,469.7488647521815,490,186
117.85461343287402,30,123.61817863720313,0.007424636523332082,2.7467701329463625,1.4257320785302285,15206.610181913487,524,229
64.15487636945113,32,120.66781687077123,0.09781676159228757,5.772607248337158,2.3967066486556683,688198194.382806,518,213
18.4333438371935,28,114.29491940364386,0.1608562003915326,5.699233268848534,4.329020363205738,28712960831.84644,514,224
51.09036248837747,16,105.14194207782813,0.4944488885472314,4.904550773093697,1.9480613173423509,176.55158440616734,499,200
46.08591503831352,21,123.6350828307112,0.3804373690322843,7.804077066222804,0.21487196572135256,0.00027026072530173635,510,206
276.35276325073175,32,117.778868978761,0.1741033721228285,3.7399240368391427,0.09694885827277261,48.32888096409076,483,204
0.0004148929767315552,24,109.6351050023923,0.007983729778645648,5.543190349270961,1.4913724177400907,146350.57395879022,508,244
113.92700005729321,21,129.11424048418698,0.5924573680327917,3.5942021349808972,2.261102295189935,2841240922375.399,513,227
17.689820286629313,21,93.22624502491671,0.058982495063986146,3.3516797571933927,2.6827337339591177,3.16204665406882,461,227
14.476894802671382,34,157.1447718522182,0.17954424672931896,1.7768790841333058,1.4554532820124044,1661.1270054859528,506,221
28.04306796616426,27,100.7803435360876,0.10234432811383287,4.248818993538173,2.183145025426289,7.363039368246623,515,183
110.40173094304477,29,84.43956929958595,0.134788449933542,6.952368792741439,0.4916868138005441,22.04565240154467,514,210
170.31072099113587,22,91.01484461236274,0.3617351196520675,3.0973233164483243,1.0393392463804172,1720.485564144029,500,215
138.8375330579068,25,77.93523468644335,0.08264676100718148,4.914848684209691,1.0825665753495215,968060.7927029069,488,189
100.89510182863204,27,118.3597790914009,0.33447018842481085,5.593456446786361,1.5201655732003525,0.0002285501794094601,512,211
449.74208858057995,26,57.23498445058616,0.013234413537859318,1.8419607728490819,0.5882513148301255,8488.12823326783,472,222
148.71374710577908,28,130.83353165568465,0.8233434796313096,2.7931916604356903,1.2260299020715246,4.6549230722699,508,257
22.581195552627005,39,86.6640105591384,0.36593987622299445,3.9045094091537935,1.397558697915217,5083011011.8169155,505,222
68.02782697807609,26,108.87812508485199,0.00024345347321043053,9.317284865223431,2.294275873764016,34900440393620.617,479,229
32.66117954142601,23,57.63318897407509,0.0974013320721712,5.964468625230449,3.1976750894324697,5.483390543817608,530,204
70.57594573856241,23,85.97149223333967,0.2313170434644619,1.7864163881696822,3.8838828235366494,3969649706.2730794,513,232
24.725806710823363,19,105.15988078452702,0.00570345122422068,6.0769155755464865,2.4202181906507017,172096.02967922375,519,194
291.59945181939054,24,99.05659704916562,0.08270513453627715,1.5785881727316144,0.9373869956633463,0.2832050316605377,517,207
45.188118507162265,25,107.57921119587927,0.3486698391863876,7.56548134783611,0.5666622808643587,0.002443172813229899,490,206
141.88808649564066,17,58.52046007298222,0.039340451166662786,2.6039273616102405,1.213626228054369,3333178.7372318422,514,212
24.638296200129343,20,132.71947575014647,0.04129204540087677,4.048149318642569,2.47594080345246,435.23504457949286,504,205
110.4558380361113,25,96.39326494868686,0.026839840651925934,8.585947389413898,1.3700453642323849,5.02514880931489,502,210
79.03673388584731,20,89.50475687348637,0.006023569183007923,3.8238818022367194,2.0025607982792146,27246091345.331314,474,218
75.86907094409806,20,96.52152394820263,0.7561212785713666,7.178247049965376,5.846015510708225,1883.7714457756463,479,215
2.230699686798603,19,82.27031157238736,0.021723596705515137,0.3680563746578081,0.4778369813161566,4982.064335418398,504,244
35.211477362644246,19,107.06437726620196,0.005589681120354223,6.51698693389545,2.3221605103242275,728587.7372347568,521,201
286.73825506762,19,146.34044852279501,0.4326121383858552,17.67330390098275,0.9936549074540234,230044002.1584696,522,207
61.79587408357453,29,94.07917509939695,0.3613955791793246,8.189104651270899,2.026612115555372,2128130.3575416696,481,202
13.09292163151914,25,113.53915757704033,0.12557447654003245,5.168645542534918,1.0471009782555682,77.90010105747075,487,196
77.32018015472285,25,116.1857301661171,0.040186767910296364,5.062225272053656,1.3627002534975758,0.0015547810405025834,481,226
151.3355276318359,18,109.78523369014981,0.1988247604212588,5.551979154237394,2.750495983920969,632.7058839476151,501,199
147.00370273939822,22,99.65121904479585,0.4365973890026684,6.941643136570534,4.039248740166168,6.498153108350967e-05,515,197
140.15458590790257,21,107.16992459376739,0.13837236040744663,10.051636061337529,5.815648316564665,1143339.297904864,505,186
31.33145093073111,23,128.70535506630608,0.260102877711532,4.62952843082326,1.2509852191428208,45.077138659409826,509,233
0.1969815046021927,21,78.5825743495935,0.14469641430372596,3.1261217588568813,1.0054434367206115,9856478.455783306,501,197
51.674315838966464,23,76.24410414092975,9.614812768930321e-05,1.1080392993698367,3.525556902907051,91.44262522959384,487,224
156.88474377868823,22,132.79319327237585,0.18091141370553904,0.6711453626647507,3.0557039849871854,352764622.9773785,513,204
28.036443900467585,18,77.85811390689504,0.1175110655144486,4.716125538505232,0.33305273571394606,69217933.17673692,506,224
319.5255731961616,22,92.27006548118328,0.4102994128428554,10.341781503451099,0.32763122129044775,44.170887273071116,511,220
149.83890059082864,17,117.32503422452058,0.11686532344606133,5.305404930090789,1.4529869715751051,1.87474820387443,503,243
700.6705310107644,24,94.59140039672936,0.00035417053158830664,1.0270515602499775,1.9215934177033531,1157.4085977686761,502,220
245.2799948961849,22,101.96913957236818,0.5032144345937553,9.577488667816862,2.830340851361341,0.024167347364059677,497,212
42.72106783127848,25,127.16444763842236,0.022473899236784372,2.634033948981263,2.925134264844847,33343.825446362775,513,222
153.03488361087008,24,115.26848428496605,0.4851740192393575,0.7197832802794805,1.6951874354048302,2103452.8706524954,466,217
31.869672699664015,24,113.963031406759,0.25462401208879476,3.9891200096478223,1.8258555584289826,598621.2442449626,503,210
123.27027169994784,24,69.33502337565369,0.0003992852995011894,2.9792764056807393,2.987690480543891,95330.89636574293,523,236
16.633445578595314,23,46.990396660639476,2.7431944834220318e-05,6.975119268771488,0.9766681349535905,27578918037852.766,480,226
25.758961373718126,17,109.28897318933929,0.8634209218355612,5.9343898763022755,0.13222444484948329,1.7856911936100894,520,218
150.52834117585755,30,97.47686365373787,0.006012854508133107,2.993171649635693,1.4726184023572308,282.6507518681394,490,217
38.88528141426125,29,111.26177170387356,0.7526345004088459,3.764960675795189,0.3472410388353334,5205681.016583363,489,226
28.911861264806493,22,119.96836468290203,0.0097833982582693,9.558817484839537,2.9589919339466477,1033.8943620769558,511,194
229.8147237964604,24,126.05817922120626,0.33066173411707295,6.501295070911225,1.1081975460053264,1368726152.3117669,499,203
105.57140489174013,20,112.29163577130265,0.3938833912950555,3.368619196819372,3.1281849859480144,136598.56161686988,496,181
111.41238095867165,26,108.1598132334313,0.0024750203697531245,3.6470670403485523,0.6270431720858314,37938.11701560359,499,187
117.32443939219017,21,94.79294573799321,0.8161068023199726,3.6639981179155146,1.1358007756299713,1563121221512.1138,534,221
22.824406995407788,23,94.1792065412964,0.3256775756673165,7.308250120477896,3.554470335460187,14514184900.909107,475,215
46.26006066391313,26,61.74910756569168,0.051591252032512865,9.763857126702476,1.0267535292243875,0.19897862158975452,523,235
6.817251687569565,28,76.03845257516662,0.34560828455560155,4.616232792149777,1.9773813051664166,3749783.4236059287,501,231
134.53665011928882,27,99.14278925716455,0.5406623031381416,3.3583184069757315,0.766887846280272,970.2764860948762,502,218
46.109033653758566,24,121.58774572209713,0.008727949513067351,2.08501139171555,2.7528567162862556,899965.3396427932,516,180
85.82471735847498,35,109.76099969216227,0.04981586280469571,5.862604352337742,1.042611198820069,0.0001656868691919437,498,207
414.1721442354961,21,85.82339210784775,0.004234867120597005,6.0241910371736145,0.5213055027840917,233336.27722680068,497,203
84.89577770601187,22,119.1144093636134,0.4862424975696084,5.353852737164891,3.235202632218079,3400971.819712531,492,223
26.88197383454869,21,80.32210373366394,0.43550425506948215,2.6655107153243307,0.29110514734554505,1417.0014582731956,511,182
576.8504916347364,21,118.88948033252598,0.003471733323030201,2.866303563827957,0.5229331000316635,971909440.6345962,508,224
32.5845953029685,23,69.23877441447397,0.1689250910970903,6.690883106654326,1.7779094419566486,0.0020386598354180285,504,197
237.21434278424178,20,94.89575217570551,0.0030026318365742413,9.42806030730592,2.9006897658557698,17.653638303320175,524,217
11.986076140839009,31,101.0968489608432,0.5492400826214422,3.028530185852795,4.47166711144983,560240713057.4482,501,211
4.208782458629052,21,90.94030624009947,0.013329780931215143,3.533906144906733,0.8006876683055185,0.09864324911905634,507,212
25.801471354129625,23,112.24946554473738,0.4991681332248755,12.010155598169401,2.2947605310596293,195284.53526342617,513,195
21.755673551411217,17,79.55906030197593,0.05036323239847725,12.266897504076324,2.1327167490779066,383907.79057946353,503,197
146.8353199858289,20,82.50486349148993,0.09341521539349062,1.5212027345020613,0.3395880141258403,57499.376404269795,516,212
61.2233858548217,35,90.19136745638049,0.22094420665063116,4.52018242671206,0.37868376496517425,8111.189959293469,493,219
218.75515992351117,28,105.86784000458347,0.040139025501133,1.5981273438157135,0.5771426768269936,11070314317.828222,459,218
305.7505399252081,31,71.74983190139149,1.556087325307203e-06,1.1527475028029972,0.22120729769387995,767.8316790723205,517,235
177.07146233615504,24,110.57008128519061,0.51635515023842,6.539764860554375,0.5140758822179017,4771.026560662274,493,215
30.23355560962165,24,111.13610518815513,0.013351018849520585,5.570912038427324,2.4401351665238393,24446318.05464582,504,208
48.45074097031713,25,117.74306692479864,0.699518626944902,3.1114710297922117,2.9224895603605274,61511223.92838945,482,247
82.04150231403399,25,95.95819644097817,0.10303238482114288,4.191334955870598,1.6931393915669783,30738617417.906994,525,184
284.03823339087364,22,119.83413030896233,3.162347067343001e-05,4.368255249643515,0.61514003927276,81.41423020967171,492,220
130.99426558253512,26,102.2003315490525,0.06998850002401262,1.9726172705867384,2.983546222183021,0.002769701262990538,516,209
39.58806692837877,28,104.90866942051849,0.007536761588982934,4.939238049837769,0.7608316423237881,103411365632778.72,489,197
30.117362937853027,25,111.55557128173123,0.10025864160310707,4.516864536160347,2.9747757880511805,2.0278303797382344,516,224
7.658770918363889,17,108.23611568828929,0.06847420663370073,4.600107604032055,0.9974041925015853,0.6497526321492421,516,199
140.4186462305693,27,68.95024552105312,0.0005462316330103139,4.068812782785246,1.1620450818523629,1451.6744123319086,480,210
11.435272398223477,22,83.10035554230399,0.06002878883448077,4.443924997214287,0.3573174830995827,1890425036.2815392,481,194
112.64497551220067,13,84.45561897669104,0.11435071988743013,2.732859865713604,1.1902213017660757,79.94228999065065,489,217
337.2465250369518,15,127.37421233098911,0.03707556704551927,10.121766114892432,1.7241143354901745,2405641781.176882,483,229
129.27279257890797,28,108.6172667289172,0.007695750460852674,5.878079137390473,2.0271704173617984,0.019218915866643982,527,276
97.46187156024459,32,85.32313499295388,0.008835425065263356,4.62309313429901,2.595228078136324,77142617.45304377,492,212
26.584479387770333,25,79.09885651903869,0.0926118370948277,7.919703162078255,0.804832056266036,205376094807.8091,506,255
31.61308935862882,18,113.39548336877985,0.14688289098402177,9.376696480718158,3.7752648201931924,87.94784097688272,492,223
282.0595076624691,24,93.5219308252475,0.13071806418186377,2.089927322328542,0.26184803936151546,9900468.172831438,515,219
75.86017413569131,26,64.9283272164183,0.04794901638372721,10.828077276647793,1.0526041721870592,156.50126627935697,530,235
2.4468852028690153,19,113.60878687330688,0.014778340901380548,5.143620789866456,0.5295044139409807,0.5157367818223512,499,164
7.68633118155768,27,107.3543245118218,0.3831329719660199,5.586134257361502,0.6457948655780764,324816530.1523574,515,243
87.94539121004664,17,119.97418439516285,0.6106291100466132,10.017363256779063,4.432616920039191,3100.4325501979265,470,185
12.832313008637183,24,117.29724137018384,0.3941473443708843,9.723268879776017,1.7617154312391103,4524532.195455275,478,201
59.73054087826851,17,102.2786493911922,0.05661738140669846,4.95903500069647,1.4832196906013702,505.39394218527747,483,223
61.09487057606514,32,122.60445445233057,0.2774097283239072,1.6763215712374435,2.2555175925170476,129.75739780904254,499,202
61.985461686805834,29,113.69033412974215,0.01747322180396559,4.694838104142415,2.138857892371793,344237.5592132219,501,247
322.3772424494185,19,121.88358673647613,0.6613015653174402,3.922868505176189,2.2592321523602688,182258.30263052552,466,239
24.90623509630065,25,74.89726729995522,0.47522761272780445,0.5995850156861372,2.2526961693678733,30080.356082914714,504,207
27.355650824598303,23,84.54396753568282,0.12145171432789957,8.564113364540235,1.5727604200003267,891.9829633248125,507,210
378.68850696704646,19,78.70136977245973,0.2801420758139407,1.129321660419321,2.604388648677487,2761.7281005363684,488,211
39.28391711796216,18,126.1937792721979,0.001066323639827486,0.9629192487859317,1.4719010382550872,1.4096168156794808,506,199
333.8848233778423,22,56.28520187536316,0.13565927092592545,1.6193587657536637,0.6539972264285308,0.07793009352809155,528,172
171.461182913314,23,99.38763685677245,0.23619173824201684,13.501669997719715,1.605365531037412,6917.43821722495,494,209
96.84164460929033,28,105.10747804905309,0.018218205834051388,3.1094060001817243,3.8147626171218616,48402.59080186418,498,222
21.805022755940165,28,106.76367089094853,0.010248748901842446,5.10911057221409,1.8749414645643192,2.3233073798054344,502,228
30.77237616365047,31,134.1609854337265,0.25950303316382406,3.3689150365724085,0.5061907386424533,1072544917968.0245,483,233
85.38208371176769,25,68.32673784581047,0.6046500057970542,6.2786908187358454,1.189644082788714,333986161.39108604,474,204
103.98961938948086,16,83.94677864005129,0.059241523479225074,2.301476308530974,0.9362234681450714,0.0295740665651361,501,201
63.03726958423195,28,83.11097315830679,0.3735758500827441,2.4173978917044954,1.5793926885607288,9.126211960000628e-07,513,206
94.94996269705634,26,72.17614579632131,0.04177513805641525,7.421738726924278,3.827240907659396,44.819779560968485,492,221
7.575826655416925,22,109.80930838580488,0.010420402811621042,7.312067654444562,3.2917246125767163,13389.309045591335,510,253
111.68756370096953,31,100.61299081667337,0.061309348113167184,4.6313513006577525,2.410167947900535,3322.760170414726,499,218
334.8525604878235,21,149.12080139571145,0.8622595552219379,6.564932673266792,4.233799886462631,144.94687489197017,521,233
304.86097694182575,27,110.32498250336832,0.5151557775643893,7.373024607065389,1.7193904656390373,555119454.8628602,517,227
48.62440521506288,23,91.8018394557786,0.002247601345302965,4.389578391470145,3.0342685521599018,16.260337523379093,449,212
26.45657299040755,24,135.14472912235414,0.006904732079959234,2.484290715556843,1.5449281179415755,9917121.608860154,461,222
25.17308482128493,24,166.6383151092237,0.4438647759258069,4.202918590115529,0.9881550476405506,24431.045201815683,480,247
22.02159130798172,20,99.24035595249346,0.24068052344909244,6.661980175733577,0.578562059076635,4839544.125481841,504,204
4.863509301487525,27,125.65687074921158,0.3184092571518947,1.9336724913066647,1.623812191453257,107633.5190307482,504,195
46.510126861867604,21,140.60165307976138,0.06084363404842423,4.046666301018566,1.2951512343253087,644818238.6839547,504,228
196.17876353790155,27,77.12517414351169,0.06869460784497172,2.250724195930127,2.1260455188952982,132179094.59317192,517,230
153.66565952550792,24,106.29933123490196,0.1115944272829728,6.321891897350924,4.29204090198559,1.4075455100673397e-07,509,221
198.32827674120082,35,116.87633549858892,0.08637120614507626,3.143694503761273,1.5784945997925857,3.4236254400139855e-06,509,243
3.525028614352127,25,115.73597407310213,0.4885010507345883,3.186049681788661,1.169406347994276,167068504174.682,499,221
4.902916558562617,28,84.07260959585565,0.0006232168178614926,6.723908202423463,2.628370772415806,12116852.747554028,504,217
127.65510589735037,25,71.58394115483091,0.2896021779035638,3.191098263020132,2.2733935665015945,501536.09223506326,502,228
201.83446222109183,28,124.36567469078145,0.16413697114972084,2.1976020779699685,2.994438529367217,803943041.3536175,503,221
65.63696332036999,26,113.21794712204373,0.021823887641449102,7.8851173033832245,2.305449557495633,1876898.2009401638,508,245
314.1212827710925,23,75.61425123217185,0.1680197775754497,6.243950910464727,0.2097803162211066,3.3431334942546274,528,199
34.57647771337496,25,114.79395621482331,0.1044191095023814,4.205216953558599,1.1884112621482101,0.9957208253433112,522,206
92.1768618606078,26,113.6690980485296,0.2992121234605849,9.97750307253095,4.163278588787292,19136.664836460215,513,196
361.9757717307625,22,83.15531778908544,0.19512154822939234,5.155960635501379,2.2522038957567223,3.3219929218028175,512,215
1.1593025368830294,20,115.89690832404415,0.2700192829304571,3.0253116450457433,1.5900450688885228,7814.993968077348,508,214
33.50991850137747,22,98.02714384561911,0.10404573870802376,0.6936396855142489,3.0402973035656484,1535376.101891013,492,215
31.89811418357077,20,97.31142640121848,0.5029408746966536,1.8011786088440047,1.672583515453017,1314938.0773745533,485,213
0.2587284682100988,20,136.82624199793025,0.2379622541542052,10.651366607464347,3.104371824512677,154400863.0673884,503,225
34.66974739630974,19,133.00297516868102,0.18049521147648198,5.05682443603185,1.3181548836738486,7229.949623775289,517,212
14.401787331680627,33,87.9330155503043,0.5439497080621436,1.9454342444659443,1.4493588654966256,2001857300.7398214,513,244
88.04854002934123,22,85.74732658797026,0.4198557415881054,4.9571466884684785,3.5118934777177855,48204927.380334966,509,214
619.4675204070812,23,91.88274990245307,0.001380234157037036,5.031575375177752,2.436818176758718,80266.37525403209,503,217
109.148623996005,25,93.36396035290471,0.5569326369422748,1.2425603889835548,2.6949581415348036,22955230940.890022,485,218
131.2860298508166,18,93.97104816599517,0.4706764109484236,2.797761055114445,1.1764115115992637,6.872019135133304e-06,495,207
433.4811492114147,15,92.2574876793886,0.024591038131019084,4.282959951074179,2.8588260258985296,0.026198783335325933,509,228
19.025604898599283,30,111.91639253031563,0.289398432945749,0.759390434268218,2.230829365432823,0.001855476435517073,522,192
50.4712999161158,23,86.12109926991113,0.01141291078748563,4.772821354387225,0.7779374275340584,13700.925752678953,520,195
29.863236923533165,18,73.66332151223556,0.023223679644854358,10.354858032423651,3.913672970906021,4938404827.6260395,501,189
137.4938857140055,16,99.10087342669115,0.028217024859611483,1.4663745299669646,0.7406214806722848,1073743039.3201602,480,221
6.3882797067060775,25,96.45832470258661,0.00797877618646326,1.7025229494110325,3.6427500760599294,0.15036411175586653,488,221
21.59934409883436,23,100.35723362190038,0.07551930466072772,5.120603908358953,1.6040028226979823,16387.417070281816,511,214
94.50447171151481,19,75.81654895135584,0.2740961686454179,1.790827920693443,2.355259815698982,0.002248714472590929,469,195
41.413914474819194,24,122.26091007083457,0.08107930990530131,2.122088618979991,2.4484799332700575,15.132546424975343,512,210
297.12999641430685,22,112.703935061386,0.00737576683959738,10.855493281824694,0.19456151879949915,0.459606126481329,496,212
233.8545755541043,27,69.75980981993762,0.6908796108810821,10.45598791466867,2.563118964329854,7643377338913.506,527,193
262.5198207006564,31,85.53748047571423,0.10932950066626114,6.950132151549854,1.3033405497609718,1588.5988584513934,499,205
368.7344500365712,25,102.37857519170917,0.27414355851159206,2.2669875692023544,1.6596261236712724,63517.79972272587,516,228
111.00801363919581,20,109.18921977140684,0.00021947993821766292,8.207217223973561,1.0461277250249266,3388395.432174319,512,228
306.4318839790162,19,128.54156326457596,0.052763652920691385,5.578778889088228,1.0583474582571277,1029072.6739773777,497,223
46.91096785803203,25,91.30465801404581,0.010990046236387748,3.4187346621937897,1.013428877690949,0.0005656687292784567,501,187
68.63447038926368,28,101.13799916462192,0.4776282470835979,5.561900062669695,1.4487594878498358,10727606.077856816,477,195
7.555083209284071,26,105.61989973875853,0.004540320189889127,3.0801224964798872,0.8445218313593077,252703.22471097522,511,188
104.76056819438222,20,108.30636802661391,0.4044387410380158,13.655785380613969,2.107807305568692,94.24510819476913,528,192
29.048542704896967,28,84.47357573135963,0.0201594135839876,9.360995684621845,5.9617161244856085,1.0259323864642689,481,216
35.196520024596275,27,121.37286455859498,0.0002131505247058372,3.4634380959586553,0.9061656320096703,1.5318317010394688e+16,503,222
147.97448412140025,21,112.72804459786771,0.14247966018647146,4.943939088720745,2.4735500597112816,4465.451197098328,520,242
16.56353823931282,26,101.9170039970377,0.14754446339882066,5.734258083780021,5.003293817535844,0.19000309014815447,509,212
125.96490604929025,31,137.02666649944638,0.658695678104756,3.784508515239571,1.3127967474739721,2.271653714863576e-08,507,244
52.79035001573899,17,98.2411444273261,0.0011395012443447248,7.455416493833784,0.5736814757767018,120501029.06515762,506,193
40.63689759086723,26,98.91626729744652,0.008691602567307747,3.4869542541451155,0.8439918117709494,2138333.3953945977,491,227
141.46062108822633,20,125.95866937634558,0.8831945716192211,3.8607168494286226,0.5056388913745934,2369478.7958172993,479,206
80.22223329309523,24,116.22766888616356,0.16688165525677195,2.039542384698664,4.331536987095592,53979559.47042975,513,225
154.57670991790334,28,115.42547544518452,0.14391859536236176,9.843153003872452,3.19636458931384,24001215.05517022,484,198
5.5449260452090705,22,102.50546871844854,0.06243068841265106,2.5750066174375577,2.1007558954885748,222928.38987646243,511,228
84.5582121557945,28,94.64108433129985,0.15901320886421372,8.704369400310313,1.5697990833913886,214114469.48283818,500,238
12.944752349498668,27,104.52388751690278,0.05137381622603637,2.8535246658482287,0.5566360803129891,79.53471954851553,507,224
244.36243953348517,30,101.38212308933745,0.24676682000898648,1.893079342731971,6.275026849364685,647437389.3582213,494,204
209.9046188732285,23,111.02970138821995,0.47731140989910065,2.8562008508242034,0.7331210963086108,10765.074177776887,508,218
106.21434695566845,22,118.3738406507316,0.3669893117040336,6.659401269859608,0.4188515275106681,2224116.824626943,501,224
62.12221169277636,21,102.53088934467037,0.45765612935057526,3.2986844858427387,4.190677049867999,0.004170158928945025,520,217
23.593866375818422,26,105.63501602846725,0.069329203728049,0.7927747386659719,2.6255316173144045,443415424.32955366,492,217
90.63286247075688,26,94.8991913482764,0.08313243059432578,0.09286758792210797,2.6384074840675136,176090348793.27383,487,213
72.67944195503343,15,84.37643266986771,0.5873566275228046,5.425216156867872,1.5944148880495945,16521.288312170742,481,212
28.66724009887822,23,92.46921014479962,0.12576883124770427,13.890256334122652,1.4811321310006615,9.733703244748813,498,245
108.58421081293861,25,92.85756721293608,0.4305726569560774,6.1554286875728925,2.754911852831248,159889760.07880315,498,194
433.9277735448623,18,112.25945871343781,0.15768415669571662,10.187634814826541,2.410594571022747,15662914.031963516,480,201
66.9229750679805,32,143.37689073781524,0.21128657277794616,12.984943023561325,1.36500799558287,6.372299418279145,480,224
18.26982488416002,29,130.0997205742419,0.029873903002019787,7.252590165447181,4.981825156933074,189390942182.77393,500,208
109.94832992101504,22,98.47875411529317,0.5877971023039865,5.944878146267158,1.6675435212721268,1267090672.5172174,517,218
25.471451654467124,24,122.46098775968235,0.16991227562272027,5.818382568601785,3.99200201278986,11.634129370657227,500,227
29.351938322788325,22,111.97597061324042,0.0229046716559267,2.7563092779077714,4.676199780626649,27371.520936848465,519,200
29.74088600516895,20,130.18428080767805,0.7694484214616316,5.641908891761132,1.2180026694828305,14352422.814351842,520,246
152.38351475088555,22,83.50114791492342,0.49757877111210386,7.395911158719688,1.4605300063808766,2893909448.001397,499,203
54.767542855544434,27,79.3601460613884,0.009890598316273062,14.30486259356738,1.1745752403032417,905621.8553167023,483,206
44.100772725023056,22,109.34569375409222,0.4039388875074324,6.074295653964565,0.7353704638354213,992930.871704463,505,209
65.43782131642408,27,88.03964455996717,4.861066282977715e-06,3.555062154611968,3.5330833836799047,16511411.560899198,504,236
8.52410903427522,37,77.429325410025,0.0016035818792407282,4.372605672999913,0.6676203197941907,11774.78934314905,539,255
107.19642448321763,25,81.3480054797158,0.3949964283639162,5.556617362257562,4.117924901699001,27.82453064120852,496,227
67.43543012838046,24,83.85345640521967,0.3382931551453577,9.443317574413372,1.7691280283867805,154235.66853794726,471,209
26.177437549995208,17,131.6549528045367,0.04349591471587043,4.037152873112087,2.5565187491523678,1.5307853383117872e-05,498,211
517.2450280252184,28,101.64503100353983,0.01298950030768931,1.5930184214707064,1.5132076047739125,0.28432365732164655,483,246
4.145945603354585,37,81.05591624617435,0.0008322510105862579,3.4227374457365904,3.0850866864394217,0.23436635579563453,486,202
68.57196935001714,20,128.36254093261164,0.0824263864901699,8.186734239961519,0.5605261699818446,38734.3036108735,489,215
107.15327830652119,11,121.51416247528879,0.031371267318391384,4.143046221626108,1.549735837875593,2.275984918807312e+16,494,228
44.583656769338795,22,140.83432306832964,0.6223525950737374,7.87007279906344,1.5164119763810786,256610320532.32562,513,232
29.67056720418163,17,102.3834358353473,0.00037200315709595764,4.222497293177053,1.3018895172489495,10639.538401725977,528,198
58.87681643338656,27,109.5415000741495,0.014025154759490153,5.253544150080097,0.07444734743272242,12445478.76516523,502,246
410.81451600401,35,90.270896082019,0.36480594822498374,10.739974123382641,0.4045328780815678,8.235627762340457e-06,495,198
3.817794714085813,22,103.87655676538839,0.6814574246926357,4.8674176104305955,4.798911128122283,1.3645316677646519e-05,506,221
73.79998453497151,13,122.0978341131711,0.02094071963956813,1.419662611503118,2.009859176635778,52.24320859000788,496,204
177.50732354028835,22,148.27333712820626,0.021024591883463253,1.8229032001476926,1.113521602423184,25698718844.744324,502,225
7.185989303085962,26,113.17868797081505,0.08275360764302164,1.7303380500283114,2.231855237255113,0.03970470172638459,482,232
94.43532285225787,21,75.35007610145524,0.3414656409658783,2.017261612692501,4.694198447952098,17675698.223413337,517,214
113.75248118634698,24,129.4220137327177,0.28754878737492073,2.6881101111038403,1.6591371740574963,1251.584768729089,509,198
38.29238778276133,21,112.14181461019736,0.4910051483209498,3.065152215397124,3.3620088963521884,73742377.19151486,506,197
2.723313307853711,28,109.08120485418021,0.39219956250844423,9.602814857816648,2.2605110719255137,63661819752.63495,481,184
45.72636498378576,29,113.1928358756357,0.11470654378909005,8.92159104084264,0.39215751635821355,120328.07731212222,468,213
16.55737531406181,29,93.99587263983524,0.2848895380162481,10.431665479730611,2.6769594487000363,1.0168631667643337,490,168
380.97062200800985,27,127.68451342567847,0.3217659647593779,4.182273872165343,3.7065389579970485,88.96868209453218,510,229
40.171696859162005,28,93.48619136736747,0.2602146784569284,3.584697054370153,0.25528882704257533,5028.282259497595,486,198
101.17427554765295,21,108.23180201360489,0.03451754706016614,2.6648152077271274,0.9550319273488833,3552172270619876.0,488,207
387.25603075237973,18,145.6762484026109,0.0076139040426859905,1.457122149058647,2.2128364757078884,414.9785323603757,506,225
21.342150882118258,28,101.36920811856976,0.32830668624225406,5.315504024297512,4.130354944582012,423.5301120156736,486,208
32.13409229036003,17,140.85580532841843,0.0296095931483935,5.244832444783786,0.3025475972742138,0.03394509221819843,511,232
3.1200891099155648,19,75.08722614101583,0.3652588774676731,3.6319445868808233,3.7354303325503353,362.48440329246495,500,217
20.60685404742435,19,94.32497478046628,0.06963965899832189,8.452639421639816,4.9806537119889605,2037.3697327395153,509,189
73.33155176548942,19,83.36666129554462,0.24456579892756336,1.3753035510743836,0.35370094754210324,36861554.81920332,515,200
156.94129065778614,25,115.24977705414352,0.6055700287467712,4.051445273473153,2.607609680300369,3887398.8422789257,500,232
19.723302600403926,26,93.5345035869221,0.5546660025477158,4.726969342099129,0.7481214933277507,142015.29502805378,471,211
107.90095334475815,31,90.91643613982608,0.8015657704485905,5.063907685336713,1.3392532511956987,44298.24962164906,529,199
469.3886550694471,34,98.90791146657426,0.08111644142553119,1.9832287536828306,1.9794931727950549,20011.51460094205,493,198
33.45866772583743,19,71.98652871931321,0.255191721380244,3.0947496554919502,8.610629065550604,85844270221.94125,511,186
90.66714091041523,31,117.25973670189859,0.09059178780121907,1.6785990788738683,0.48489172101026834,2204.9733622275794,516,189
95.1438912056768,19,103.18481303113948,0.5939758012368459,8.808811400091026,0.9493568725873008,90436549665.54747,517,230
69.01161964584219,21,73.77453480697207,0.029733734124826695,5.627568732100748,3.773619180587413,132.50066339039478,512,244
207.87324892086366,22,122.98471092087141,0.00057889550841789,3.283190901191128,1.564582085093646,94.08859337976719,490,213
6.9307281084467185,26,63.10813567609078,0.013549158365833494,10.408867314756092,1.754257040911201,6442.179167337834,479,234
22.008293804541943,25,106.03010136271901,0.10612772628619296,2.900700568023071,1.6706108620216809,6773.330095310708,517,199
73.17577319174681,30,80.76917504227157,0.46888628104122726,9.395699972576784,1.6794733769481474,20231477.58464757,515,196
110.43032698516693,23,95.172575956663,0.4906127303834035,4.458738623558303,2.430567720460358,1.6778385069901987e-07,488,215
23.60164224712783,29,75.89433505334395,0.49949950210766114,2.3773614549087716,1.231049124744524,0.131525417849353,491,236
12.545165542997324,31,117.4332364535348,0.04055411335543403,2.193631626983008,2.2193595698741944,2.7995576111027742e-06,510,227
154.51481446430228,20,104.90301931162037,0.4995714562593013,8.275027227020507,0.47328388431921464,3472.3299403661667,508,209
129.81840114924537,23,73.47659575558106,0.0018102733422638516,5.279831916294311,4.904103073736465,1.6726600624777115,501,218
12.959781446537827,25,93.71276486251548,0.6354980429153928,8.028793381449297,6.390646223107587,1608.958651057163,515,229
29.503462383381045,25,108.76476412272581,0.41936569952381003,12.856953773612803,2.3214137899461846,289313183587.22345,495,209
295.4413297782801,28,112.47803638474565,0.5640109952785484,4.120207067219693,3.3185276965367745,194969190.93410316,510,241
269.30127063327,28,119.62253712134276,0.3123761462446877,4.8465938001622195,2.2734911156062245,7855481358.137437,468,197
190.4648101043609,22,92.77344282469043,0.0885312432012773,2.7030499407661845,0.8991063597136281,2575404.138760157,486,248
98.1527707869044,24,118.34699367864445,0.8676481476587997,6.510377474897884,1.122759988243126,8852352661.555916,500,224
75.84272165042302,21,109.41135496166545,0.14439327702857224,5.337549823430145,0.2563292772728752,759.0710442650249,498,205
100.42719388002803,20,70.76805356319869,0.1972060284751355,0.7765114657495469,0.4179762173369916,615688.7557890734,484,205
204.55261539420397,24,91.83108244546656,0.9459305925232351,8.197956108909707,4.723868919919595,1047962342921.8152,502,196
262.95273966506915,19,126.88099319504637,0.3600799263982787,7.2886452439457585,3.8264315721164874,247.33927942794423,502,213
0.7548244318390003,15,132.39435948730696,0.25092286120657353,4.942627164631613,1.6039235948432502,343.9945894093195,498,206
74.03896298764914,22,80.26349452859772,0.534143402789196,0.16465605076666873,2.0305540381156675,2259187388889.6816,522,219
4.701783391137812,22,63.33955464949899,0.16228193487923945,1.946776550434027,2.4567597209692997,8.743046481234403e-05,493,231
142.19171990946558,31,92.62857469893666,0.6490273600749088,2.847379680856388,0.616624177445073,95245.60861863097,513,213
7.872791694212325,30,116.46400374221354,0.0038877101070520204,0.844822715882453,3.519791191984047,7.763346376617301,504,226
188.60825221587805,23,78.44279465582092,0.0825828039542116,2.4047060120352133,1.4555707420158375,27002049225.720055,457,256
78.34980933086955,18,117.12267396590315,0.4586645252424659,3.523970175751207,0.610116760149312,12696238.904092347,494,201
80.45872737942983,20,94.2200524627196,0.28661414429955795,6.350542193856455,0.3344260816611047,76887.30138770246,514,262
139.19745251977923,19,109.59231020734649,0.10794389630613296,7.546982183606323,5.218710971612183,15012315555.491297,512,204
119.74028179700042,21,70.91047546004243,0.02992946503625672,4.583612899866157,3.6020199718100594,195.23288747463693,511,215
18.17446343509954,22,97.03087287333167,0.28849425111718274,3.2992062347082616,2.8421236038413245,2.0924323081333935,505,212
39.65738758343188,25,100.95756284176167,0.28912940137318555,7.3892646219774365,2.2937641984686103,13006182947.90911,503,206
49.424418517364444,19,114.60690204637154,0.21607132214839894,10.628178247732912,0.6772504112355621,2992909.6293425797,488,199
4.493279152344295,19,82.90245206970542,0.02194351595307481,8.97114321847885,1.7961060167352605,0.0048972122214657795,499,258
11.421017842754516,25,99.93447421047976,0.051788007923608353,6.682292304467822,4.551861782978778,7325610403.583718,506,195
46.235879300511954,20,125.75859772908095,0.40042279487410437,1.1483399112455255,3.1808063138590947,100832.7432684366,505,214
16.66397817177138,29,55.567413079348604,0.03618163072603989,1.276361630239354,2.1861408073139783,46653.7915297567,498,215
99.51696387893914,28,98.96064734854912,0.1870892111766753,7.6397540394715024,1.5604628986378017,36014652.349938326,507,225
109.94907671802147,17,117.59276245072259,0.24400205609392167,4.078441097696005,3.0401575681947595,28473.51224469656,487,254
108.72570377965562,27,99.11292422809947,0.7302495855271315,6.140362926414229,1.2462529906314428,560820940.1166073,485,231
3.1099377825495376,21,99.28122525233779,0.004252370326458143,5.215436456174602,2.3035558182788543,0.2694213540788253,527,196
299.72814686201804,22,98.03146092767268,4.6172601040974205e-07,3.5829414651862144,3.1475358878295814,907563033424.9802,460,200
105.36698763468806,25,72.21065574533063,0.010171604886788449,2.2752910057891502,3.1329689736335706,14323061.595691185,509,202
12.910481684361875,25,104.94859671648811,0.5289863465912303,3.2036955870335246,4.926371933381209,2191300.4745206935,503,187
51.8762249130571,24,67.03323349881921,0.3560480328357339,1.060588978509015,2.3238703664046527,26.68040974186732,503,199
100.82607792211553,24,118.78651397369455,0.4109199694202193,4.191419135109593,0.9232471116524504,134.042673192657,506,223
108.47445528716455,20,97.24704287194855,0.060270841048219455,4.661027745503457,1.6308170202012378,252698.29209884958,510,224
135.58786265886982,26,94.82073460854215,0.27734915370943103,8.018803069851634,0.8588535408732906,1900.1814539982347,499,209
141.51354445702765,19,69.57068421313105,0.4264552455878928,6.399542159183624,1.952631469462101,8247.91738126629,484,191
736.0279862201584,32,135.39516102075294,0.06930230889021076,7.930002128756525,2.5067616729010647,40349860.34577119,518,216
40.51214471153172,27,148.34765363844664,0.6175642831565602,4.402909273483818,1.1882175286823766,120.95921947252552,488,238
106.06540017935761,24,65.05252834300305,0.03106376575734272,5.582333882452825,2.045695616161841,4011.4893239470794,510,228
32.68836639010442,18,128.24135977391254,0.19657337791683652,4.503223310877289,1.9301825297976203,22838.76619576276,520,220
74.81835967015414,21,121.16115878109287,9.714752855117654e-05,4.116483388752306,0.5189091720147107,862770489.127107,513,229
51.435149263513324,22,95.07760168312177,0.1497978224613109,3.854818818169329,4.132602695254545,24846.707568427926,483,207
103.02938427917181,36,97.92053938001942,0.5944129965324675,6.712710625862757,0.4527638592020855,0.21482524720432486,504,221
103.4796922265117,12,119.9326015563437,0.0944943116749438,5.80830173594727,0.7704848716272239,17186992955405.107,516,236
93.05467775282698,18,96.70252911789159,0.5473406906139127,4.878045404872492,2.0715377009842477,249149162.87509435,502,211
47.73982568887465,19,119.31799456831432,0.0020805227458760276,7.891875047044343,0.7015360829869429,0.09409296613085981,503,185
114.55876092289468,29,115.76868225261343,0.0006591169891260744,2.4314203531028995,0.6912975876116986,2305047350371.292,513,201
120.23291312768126,24,110.10990973050089,0.0100827762563327,8.688278255182341,2.484073237289759,22.041279794305545,459,231
39.099267401408525,20,112.23249446099419,0.07837447618758164,9.732695506123683,3.3958546429637035,105104.20086018612,501,244
83.09915108684125,30,67.26812321089739,0.05956343180018657,2.703287010749373,2.1938498998659224,110.70584654170082,511,215
466.5723740416032,17,112.32622097829653,0.12410334643151956,2.4050699554649597,0.5303002352846998,1641841787.965825,511,181
31.3270542570594,25,73.46216692226922,0.00012870771252197183,8.587252468813066,1.26790639917157,30.69750154543656,454,227
12.912307798827532,18,84.19582193446678,0.22668436269391762,5.749341212959629,2.4319368955887213,8.671164288231559,503,221
100.93526667820758,24,73.9223498136866,0.016782284622853427,11.886698656432717,2.1871282373558887,248060231.23126936,515,211
122.46153592035766,28,82.26077210805286,0.04874265307005169,2.902821372078133,1.452530329953896,26287.96035084422,495,217
0.8534002966024236,18,74.07419769742893,0.0007987352235890638,1.8265599995458446,2.735214770353975,758.0593008191322,487,205
47.80766134398524,17,92.2690413139859,0.25598405068724195,4.837938206075609,1.0554678355722646,1819214.9318315499,501,219
92.39170419468749,19,83.06813968389761,0.33082631433003645,3.670753643838263,2.427908019384464,191563915382.11377,491,247
42.72238695501113,27,107.91666384987434,0.7250822206484224,3.144748370173882,0.9474243165912535,2.9323601707119162,480,192
377.0947088131467,26,140.48549061943748,0.8306985634070562,7.623670507035331,0.32050263722290523,24821.14510565087,510,189
21.541267982662074,22,81.62876591636385,0.00038379508421998074,1.5739858844163357,1.1547129158738527,71.1067731231967,479,272
40.28067160308608,29,77.81017631485078,0.8901673386223115,4.816491279570509,6.032018242195998,566.295595694285,495,232
68.62140861051095,24,71.12766090431984,0.19822284779032878,1.981884266509547,0.5393165047507872,402.58159058038984,490,199
1.4013399042122938,28,91.79421947350968,0.00041751925956776614,5.995695698988373,2.3977619367672967,52270170235.58939,529,193
423.1587395928779,26,76.35089573005949,0.026938758818005344,5.330564455627693,0.9382421165381222,2798854842.292147,492,188
5.964805473483038,18,67.10537464657475,0.6769715804692555,10.43501291164556,0.7960320630293509,163227284548.87592,509,215
78.1205660301231,26,95.43734987049369,0.3102964860676498,4.6419479965575405,0.9659227750106932,102.28789567353921,524,219
49.66255359975623,24,96.46023169635879,0.3093264888952753,6.162896388277654,2.136188408276724,18256025181.875095,512,212
68.44408119391613,25,72.08942724027366,0.17977956627216626,2.080494069841654,1.5031316039156777,0.0004153829253561636,509,237
156.5729542936702,34,112.36012519588677,0.0975672387260947,5.3537948744982575,2.291846546459361,1783321.817230356,491,239
199.76129263644495,19,100.34832809216697,0.830145999473207,1.8474903825801032,0.4943606195277464,466207.61330802855,499,209
181.61849466973868,24,112.00623531862215,0.01880132284901684,3.249627200844563,1.444827930930991,75895.41778049181,468,204
69.01527574755202,29,97.80916718324765,0.06318219585282067,6.317960020645332,1.4545707466308329,1170897.555462402,514,218
144.40539922671596,24,97.73047174024242,0.17886117563065432,4.7124603622174215,0.6370587584787496,747994672.0705217,497,223
36.75059716867001,21,139.24035122012327,0.15520350093113297,12.037101025821983,0.5203168628996195,12309.042533381516,491,211
97.64427253525483,27,105.21862955779076,0.06553520932543673,1.6225749818474164,3.29799470214731,398.45262267314945,527,227
153.73613400213196,17,91.14615438950383,0.005236377968517426,1.7585341860710368,2.394855669294726,113449.9242489904,509,257
10.190033540922323,26,107.94364962643927,0.7683433069635944,3.577581659525549,1.4603343768770236,1130.3426896699764,491,220
93.94194564241197,17,135.6797561283492,0.4324803223787438,6.1799839119300115,1.7137857816408795,18289519952.747932,476,215
29.925418971709373,15,123.66459090523367,0.10741309717138449,6.770348212831444,0.9433225023464408,1491.1954828182152,521,209
66.76099338449102,28,91.66469682958882,0.26326881702854643,9.907097053909789,0.691247382675843,433773831557.4048,502,244
175.8502307094746,27,116.17194132920835,0.03482609249257373,9.63766548538616,0.8683240105013895,4058950.5984189985,497,223
22.237090668934385,26,112.80388186480978,0.010351408601293216,10.051322508168145,2.045747495943667,16323762063.959938,510,207
244.65988486599758,22,108.44108472266929,0.8117952966975837,6.047244939685861,5.165465000177684,136792325310917.83,493,203
129.029553424142,32,66.91884050785325,0.5734125794977135,11.299442352813509,0.8843171014638607,30584974.277508687,495,207
49.357746526410175,24,113.48788677905371,0.00047351310647282335,2.31300534962981,1.4613373809766426,75066002.65445842,495,210
105.33716956626242,15,72.18176102692952,0.038957972436086744,7.530136678149869,1.576755654135059,0.001273682329922501,500,235
9.109648381424924,26,108.11083675222595,0.07137220666323954,7.1607831452743,5.484623008862098,75561197.43044744,507,235
22.90553426748805,22,82.25949820810393,1.682525600037319e-08,4.8737723182818975,1.6220405421178514,0.1948700479403862,496,204
368.67943703961555,20,123.44668290931202,0.04478552606886038,6.083220921845491,2.0712936665819384,2996362019461.368,492,207
114.86981613195242,19,104.86898521908932,0.002841629369498517,6.149168349827693,0.8681967411609103,1653833649.3566718,492,235
368.55541651855145,29,124.83972351838295,0.07807230266270418,2.5557364934568203,1.0430894598681248,3.0741807066414807e-05,469,197
34.017315520526,17,116.8716104854271,0.6296803312663852,2.860120983125965,1.9811675843289898,18055667.868000768,514,210
91.70131638782338,24,97.95291946925953,0.19182786770936655,10.82275370119644,1.6258673641799213,2492.787203637627,477,211
33.73526598584406,20,130.6808665068306,0.44323235304949277,4.0456169575064616,2.233177752319039,344.683683223843,476,219
15.819303185175935,14,71.06119234373166,0.01008546129404263,6.787652751933993,1.1387799729791894,2.3487591637969576,511,195
6.072816346471642,16,138.34131364665987,0.6287295270601682,9.01685954267713,3.014050342638101,1402746.716854395,508,219
93.43513032001208,25,98.1208621480042,0.00418301035952058,4.32541373006709,3.0650369479432666,11452384.175768254,505,242
46.94135943712921,25,113.33807121112619,0.6309424328447241,7.312015907322925,2.1111681997105287,36813.15902231,545,212
81.16384963676025,20,103.13356592282716,0.1569675466966378,1.1519852925335272,0.8059732153620548,0.021046086353415296,493,212
196.61933322266245,23,90.46109605072336,0.5173585680701923,5.154793860783063,2.2281799318959856,7.3681875295515675e-06,474,207
128.0435657415191,32,121.68555521875402,0.8191004263680939,4.968009026154411,1.9198392679171077,0.20794125843852884,500,219
44.743523527104,36,94.00955625626386,0.10151821370704926,2.980000270071615,2.4078875297573803,453013.0247567885,500,228
178.3153676672842,26,62.07152238952876,0.16421914610135618,5.655561329700887,1.6463057311025113,901.9158669788637,497,232
79.34092426055291,21,77.52142316482146,0.8503116026556273,1.9042181946908452,1.324348732464111,6491.017683284415,515,202
75.85344078352246,32,117.28945982597862,0.035929121254834745,7.62351790114015,0.8394072590397528,1.810349943382319e-06,514,207
196.03769205576918,19,107.66289145014423,0.3194380563374873,0.8209328184304262,0.15927148513535275,3846131.286066725,515,210
241.40907658633597,29,128.77111816397397,0.35738306587539237,3.4189936439751527,2.523821136964657,153.01592700210733,473,183
146.5527737711792,14,86.11508070100827,0.2616742197850996,3.0856794586782934,1.3305268468281304,115433.66201064165,509,217
59.5533485103543,26,144.9273342482689,0.278462232927096,4.086722681733832,0.6100609322700689,2754677.4156146664,534,185
217.06256842747786,23,65.97659697513731,0.01506169910305491,3.1272846046553657,0.3271752101383616,2310105427452411.5,517,202
128.10125592355283,22,89.90034690872429,0.087559585327418,10.239946897444186,2.8273796280375403,987351.2797271879,477,213
108.23318310812739,18,123.77763054937829,0.22446351742905138,2.2158322214551633,0.5616310815593101,0.24183124884056337,490,233
35.77695910732295,29,132.4837651347234,0.6813526706545671,1.9548496893321587,1.1349139830369432,3693.425326805136,494,235
21.163108306234406,19,81.5722781094648,0.2559239306643617,7.274336287037865,3.6043187861425126,209.48847895129495,489,229
38.87987115106621,23,145.12161600468315,0.021340500200056525,1.66987268674915,1.0682178283734682,7.742722769816832e-06,494,217
35.47899717051202,23,114.761832841128,0.6230151450593713,6.04170273460505,4.3112359517329075,11736059.94765726,517,210
198.15807495635954,32,85.36572879871976,0.010059015759611448,12.597200377872595,1.8445749901179276,277212.971633623,515,218
135.13626522530598,24,103.65623932005872,0.14521493611957137,1.3127844798255053,3.8728144244989537,592.5838684684242,489,190
208.49791192535716,29,135.7524592883941,0.019471919450010686,3.240186483810126,1.054818307409343,40041984.39548495,505,191
183.39708075420455,31,108.4918534134148,0.6337279201967391,5.4774210385823805,1.2810784370229633,38.36660758311301,522,219
192.03484627739903,17,116.41720453565536,0.6969242179261029,1.9403483381374949,0.9864418949352698,2.7969834253737496,486,182
36.82774203994808,20,105.56546866101674,0.007241497365422365,5.033257067131767,1.623262467308888,0.026232132122301074,479,215
134.2127148486785,23,88.29752853488597,0.2165556255024231,8.14080952007141,2.9560530429661,18673632714.6609,515,215
5.856001431699882,27,97.52251560152291,0.039158452757119995,1.4850603932473074,0.5638239958938522,0.283396006042196,474,200
16.97927938141196,24,100.86048870788426,0.09125983688439634,2.0139585072045447,0.7618809111560858,0.33441580721042974,506,204
194.77550121176378,26,101.51643937688198,0.06109225986541704,4.519740425784985,3.8734759011539843,1413.297781679471,510,221
13.757015536824518,25,92.56794351245868,0.2531903464003048,4.7567118653436715,2.882282575210918,0.39724848005615626,460,239
26.126833699177666,21,93.8348335250254,0.15618493393360192,5.607623974071253,4.965387835885106,11088.049216547965,512,237
10.836960013883761,29,93.5465132958467,0.009603173747939684,10.104957908222744,1.6317853977844519,0.0002417133897105039,512,230
77.18618873193009,15,123.37176933074126,0.970391836159558,3.064189339534624,7.489228801666331,156.53414395311697,501,204
46.13630749040016,20,97.62879328075616,0.008000672260083636,4.740789916379531,1.1277910774194708,1.9357899326067918,516,230
167.71841556420088,27,120.62585798441233,0.005874609837353834,9.21011202068867,3.2594898974730806,299288.1260364032,532,201
150.04436055712546,24,148.12575410251577,0.00412959866149785,6.151765117232879,1.043430482058519,1895397.315090912,516,179
411.57346315055497,21,125.33746616129977,0.0024734192528482173,2.330696614570548,0.35194819742071937,1280773552832.5432,505,201
145.28899183352866,33,112.52473502711653,0.10027978948031582,4.38430435213556,2.2319473091052773,2576.7629949498814,506,201
292.74637673920034,24,115.14636862179117,0.36804099118781763,4.575192786444617,5.330853129942872,955.3287165138175,528,202
140.8656100095182,24,117.10443253461617,0.42197106505145887,4.006403122806998,1.0363402874912115,13501.906452170757,514,187
39.57087716034343,25,74.99780700984319,0.0033370956935200105,10.733694408838138,1.3670567059484375,49.009416297832125,470,220
34.238896664668076,29,102.99476414231104,0.05285464917246187,5.398254257359119,2.702500961260837,1.728926272919952,506,243
21.646755697748308,26,83.13080526255754,0.026927489600395864,8.356068689398416,2.338701819065323,672.6181794966454,505,234
177.6974435625798,23,101.7073770132161,0.7046924756638812,5.264407238252516,0.4613920824183332,90.87033680358398,502,215
125.45276083524521,27,96.65015990476911,0.010325437468286233,7.345982545628662,3.757477001063647,525.8848934091563,497,200
107.31896076870457,22,93.88799974410715,0.00867328849699645,2.0249697842442185,0.9563234513647136,12.55758055508602,506,213
0.7895531279483263,20,84.03838325757607,0.21009095077565054,6.961378432587977,1.9003526012909977,23592865112955.14,502,240
58.09678519003636,18,98.9425058367869,0.0727146714179751,5.061497050110448,1.1997311180515968,16247000429.834923,522,187
23.07261868748238,20,120.64482713793781,0.6638117911616428,1.4803046930968178,3.6882070294783915,75702298315.80705,498,243
41.768174393628705,22,61.63412143157149,0.004339450398091612,0.7861679848106842,1.082951584818808,137083.89706314678,498,212
56.90240416014537,19,112.6449088598232,0.013848714937687443,5.23691674455464,0.2802616247350731,456109403536.8267,518,222
221.53925037701862,22,88.59421086624859,0.06313955571346803,6.809985500743533,3.3115581056088046,240921.5985523787,501,247
153.50275726078652,22,117.89015997248998,0.07032778070332855,7.205237229474893,4.133463258839842,2845.2403837218867,514,169
61.6259763718699,19,115.29645074622304,0.1904974444784652,9.356564940556092,0.4482298878977506,9.52325599681469e+16,504,186
103.43752852099186,30,95.11754133480873,0.1484914162608617,3.0765121728502582,2.3909469382242925,0.00745083186656464,514,204
46.285271651259244,15,106.29404910552627,0.1598347227522334,8.60443632561402,1.0709886249586935,28371.316767348675,486,217
24.66265008294057,22,93.34364215462001,0.24361187722493252,3.6876523105546766,1.8648714283040502,0.26316042116841487,520,262
77.68089492877724,23,100.33172528095389,0.2274206716986084,4.9070865995322235,3.726737282511729,13.811778241651691,529,245
5.644937251710424,20,76.41789742162142,0.04430440648107455,2.4736477762875646,0.1096152341206645,6439.944829726725,520,234
140.62022077831736,26,56.30432123183976,0.006613581438880409,8.150367975163455,1.2585866123980083,290.5704374091152,493,230
435.57173099685355,40,96.77749121894873,0.02230590777247721,1.853678705771181,2.068444514026215,771486.2223700801,503,233
85.40859872731144,26,88.3926631570784,0.29399650568883823,2.920968333193541,5.9715485581669965,123366.45096707954,501,196
74.17718420209826,14,122.27458085271232,0.10612293990832822,5.381881863121133,0.4782883138126287,2.677217868771202,497,184
119.42306402346227,29,94.58665432632057,0.16389310492285342,4.865655987532106,0.6618416686654474,109552656.04281244,503,237
22.09063111322752,23,131.13451691066183,0.017190654145886212,3.833905422774494,1.4729845043767231,8045044.470925962,507,242
46.73934703300603,25,61.68940181911542,0.3330801920883264,7.166156346002695,5.121803402318305,4422473.010015993,472,229
121.95714632541836,20,112.67231864544199,0.0038592438511386,5.880824284908781,1.754763067783923,0.00010442561089268257,521,216
106.45647121688442,34,84.94023600448115,0.022696883109825223,1.1695828861813269,3.7611194372522094,0.1408528854058268,505,227
69.34219242625008,21,109.86762536778278,0.689420175152795,8.874773238054175,0.6501941372588764,1924.3313710111895,484,190
354.8179142577237,21,80.47741126536944,0.15086585182208476,2.716246561953963,0.6869561293544709,3736.085022323592,495,221
43.91726175252511,28,62.10882436127367,0.6174696013684554,9.49490862509859,1.3643594150081242,6115.57835468704,522,196
318.73149804418154,19,123.27517600920774,0.7348136984002805,1.7214511389075795,1.0658148092691704,100.98953772327859,517,227
22.999269809857427,19,88.77344694764022,0.014673135607173638,2.117517232024301,2.360236257031972,711338974.3057663,466,207
7.8181903246347915,13,104.6190129660819,0.20156141925426696,12.836756745219311,1.2317197329019312,168806.00937676677,517,180
80.93797220399878,37,102.99465931884846,0.03900987873573056,10.558805849281955,1.0575413331803702,797.2769387143663,463,221
66.31468200095027,26,62.89136699418972,0.39764391287622397,2.817298465602609,1.3206292553771866,41178.16053680915,520,210
2.516835656461554,33,104.6713518192771,0.0848502490683908,8.139737969513465,1.8548561768595515,11575902.572412666,528,222
34.1428214661641,33,103.25008650923562,0.05050165349327599,1.4565840073137897,2.5004664077826586,586338.4661937255,482,187
17.245192896735524,31,111.20733151900745,0.09090792217469924,3.743325659473594,0.823617142850683,589.9660181083666,507,195
36.26733160182707,19,108.0010820797606,0.03415462306822601,2.849129614449682,3.6755429620373135,44.484284528137515,509,216
37.595385595651756,30,105.55080744734778,0.22540230613442494,3.9158812461830688,2.9823323824411383,7.018297552836394e-06,483,204
126.68760025301238,18,100.02264453791128,0.40110234268042283,5.579222388307542,1.1040361954129423,343774.8582058405,513,233
12.008256022591993,25,110.79441993574572,0.46339879498298037,4.190301659112455,0.9789379122055102,12012157.829482488,476,218
363.8499668936274,22,67.6808873163117,0.05112760713746336,2.8559374208865784,1.9778454257525822,1.98290286557533,501,198
69.20822672534675,27,92.88499538153656,0.9589898117022752,7.269808842136737,0.8794589887887061,818808.7433123552,509,217
376.8199757429589,21,103.9238550417079,0.15469038202887866,9.187670368572592,3.5760259947758697,175212826629.62674,509,222
112.82099994630896,29,74.19621142941023,0.11982925786243906,5.677869033512316,1.720134501725,0.006054336489484864,531,208
484.0655661793721,19,131.80127609778873,0.003529732066433965,5.312345741495476,0.9387093980754491,25.31409769817425,483,181
106.3003367102908,21,75.44085097841703,0.12309000694215255,5.2607735260311195,1.4541214809333753,68520.66677230301,523,207
15.058206161604259,23,86.92734685394842,0.015091757214781747,6.148497379059812,1.1109116920848103,1.134731816741718,490,221
7.649630652670241,24,114.17293009264385,0.08906729835700636,6.5595402105699785,4.891844523111439,0.005526008750645977,494,197
122.27318759507261,18,107.29341221333264,0.03952969067745408,8.675098103905464,0.8251070949489479,4195.63471471134,524,215
10.87979564148754,22,87.32538226454199,0.1845764041739196,5.699967598498183,3.2331447664144246,7.037306856021447,511,197
72.4363436626572,28,110.58379313708505,0.5820642230675628,5.132627340484449,0.5480214629053105,12240.093314422713,476,248
49.33656340381155,36,113.95972152770068,0.5879896084208995,1.8487348992519206,0.8842241984485377,3181940.420073444,526,250
30.941809619493476,23,118.41104053840387,0.03487542619880475,0.8258321079974387,1.0502801213127737,1048746.779577282,480,236
14.425503434559344,32,124.25870625394528,0.3729566968162335,12.604707500443899,1.825013467237023,0.04064333613319681,496,245
432.81923505851967,16,103.70390653719457,0.05250823886185985,3.35348503111522,1.1995736506548405,2128.9312609655585,510,201
18.83037121096361,30,95.09756474067527,0.029335469535977945,4.745556509695571,0.38075391888868176,2.5894251140422653,505,235
245.44876395938542,24,78.31389092599991,0.050015352455441954,6.66644509644772,2.0060410115136924,271278.7090689962,516,195
16.38323499689894,16,108.64009883852177,0.28695258529595086,1.5656003567360495,4.092469275561799,1.1297157234068185e-05,496,199
64.25908312569007,16,118.91699740378213,0.3669767086632859,2.081695891297473,0.42221356804543886,1268983.9001359208,519,202
87.1676445610091,20,115.60565998893506,0.4628270957805237,10.204972971324684,0.32420747452363463,374.0786503657232,503,237
272.09003499375837,26,91.83947982480402,0.06851865091334008,7.531288468570632,5.191156630917734,6625.829374068271,511,191
28.353721744641042,31,75.56259721859627,0.000358541629417585,4.405382035761627,2.9481114300396514,59561835.57797431,480,231
37.93471927941855,22,137.02629000922485,0.09691322867771407,5.647392013239237,0.1904285760464722,1456.310350348211,486,215
96.79388043773454,24,84.25681080092914,0.10290807443446867,2.8093899994126126,0.27491639326320605,1517.4584993374126,500,230
160.92897628891717,26,94.36315815879816,0.00028037771169147084,5.013367646442859,4.809968301699381,258464103.4393767,488,241
213.2181268274964,16,84.16975479056624,0.16777370232852504,4.430442537001843,5.5800411169623025,0.01791732128844908,499,186
287.9006348170714,31,106.70246142338084,0.24425758894859237,7.811853386129539,2.225380447616964,34201.66238654724,494,226
165.58207630198743,15,77.12456713181527,0.08170249068113147,7.610534403966835,2.660338388823309,7380388150.830238,468,223
42.42282242078358,28,89.08974768863277,0.54124333310417,9.990376139891962,1.8335779363160336,2142481.0146671385,495,215
58.383152840541605,20,81.62400140882805,0.012843180285032209,0.75662083143964,1.2441061137454221,512274928.8073526,523,221
42.40718607615291,30,85.54246323762716,0.34981081183342344,3.725404096382735,2.0040179878080635,8887027.090980025,509,209
217.99821120556456,30,116.93435183187067,0.34029361446728085,6.702851421852105,2.8557582953616385,512.9707595513044,503,212
30.424826343336385,27,73.80816144637623,0.00234989452612737,3.339508716179157,2.024412347752717,2.9648327701245516,494,229
82.78520732054108,27,86.30492175309915,0.012570041679900867,4.941889458562231,0.2533336890553023,172.17475364069068,508,220
18.629385838897477,22,101.27180968673653,0.033248429751956014,2.4736449828399527,1.2660601002743055,4133954.286211143,508,236
125.41174592126958,25,82.19471766600235,0.2512918496424305,7.713003179469346,0.4118071787852342,152502.83606135857,488,209
335.45127529107685,24,101.16766834475649,0.4179551505625531,3.720949864371151,1.544204109038407,1657.8252675128404,506,213
143.37495884188013,21,86.94864596357267,0.6178020529208749,5.535071445811423,0.3746902084578314,85746.46895808658,495,218
79.93913263976839,26,99.04632209659316,0.18777835960617437,4.755710398673445,5.1641357146267755,1.6743536368602576e-06,479,230
329.6483357823455,24,96.27922113108531,0.23581650397773848,6.681924611486609,0.8311200978158519,17673.60632022483,492,185
26.924096429160677,29,106.95739640681266,0.03481488676298968,3.4506489956726125,4.090972376266056,49521.122928345794,497,221
223.9366195543782,21,90.43656255794076,0.10748678208945926,7.647046984969999,0.1168433500486514,1100230.9414015054,501,242
167.53067585076153,17,106.86744366593824,0.5986549490992435,6.585775027260371,1.05102625307267,3.7444114723998324e-06,476,202
59.905595838280455,22,90.4263486107288,0.02009907161040293,4.1227555747174085,2.6599082820791815,307205.9488668159,486,216
12.40391296349435,25,91.09624654863849,0.2435123138924614,3.026830972227983,0.7956760972492297,1263263.9497804237,510,220
1.7864128730003985,20,89.17017771905174,0.12432447480847697,8.992362501798857,0.4664370196423648,33.298211100175976,522,202
57.34012742963282,32,100.9345725379827,0.3888274087440817,12.998409851508429,1.5325705448818798,7430051.153390341,488,202
4.3863004290135095,30,99.70348616151645,0.6519644834451235,2.8792758629293047,2.011171206327536,2355125.925890794,475,215
55.16418201938572,32,123.27615521425633,0.11219913986993625,5.539964339598442,2.842556263421437,1516366.4399181665,503,183
47.899041240088295,22,134.55149750077544,0.00022862442731318527,7.3904611239216305,1.5278627761051764,5523758029.4902525,500,205
9.20203024923079,26,125.85401292350033,0.22099228082421588,5.604617202946659,1.8731165956681277,1.996389344797386,499,234
16.1383031858451,26,99.21562129305556,0.3731841240535196,5.03239804632534,1.73597102876767,362537.87830260943,502,214
305.1675239509985,31,96.31533157926806,0.05955757987507997,8.430356759654147,3.9871956671301256,2010773.351667211,502,209
109.59706921556061,23,117.57337179945463,0.023021138015420342,5.490275215488901,2.085742585002747,2734524635815.583,485,209
2.759395339397478,23,104.69398461013596,0.005319279658717466,3.672975668545678,2.723609162570136,22631.027335579834,479,226
418.87600586235567,17,95.02598715562995,0.05305041739349493,5.98096192717502,1.3134919029041006,0.0821454069736963,510,217
80.41115311556177,16,92.10641330892398,0.09453742805583464,1.282716039682521,2.1983109939033025,115416.69654270253,475,202
16.692789851784234,15,89.91224897087717,0.002123384194438855,4.637676623752288,1.1732172168499133,315206647135.57416,497,208
54.01201425165665,22,108.15223446305629,0.6544640251233997,1.430503590290502,2.9487195937646478,611.8434070421022,478,221
47.437155492542345,25,92.62752114108086,0.0009368513776886602,2.6774379881289896,4.396892069958744,1.1103769439315514e+16,492,215
76.09359312020084,16,131.67462187554395,0.05508384411667872,5.246632951112733,3.4183346207434218,1.7552052334718267,509,187
3.6079072248454533,28,111.99274999113693,0.024373350300571087,5.672370928577771,0.15459372032350535,4940.869617941261,506,222
177.35014070777322,18,118.39458550625365,0.060640665766622484,7.884701274545677,1.026074700928923,0.001035627967424097,497,189
106.0313746159655,27,70.93301814959368,0.07405641445907636,2.4560803922783245,1.2727840392462395,2162.11781642746,471,258
44.64334723567847,24,46.79517814968881,0.24521474034181837,2.504928538266927,0.40153231476591467,27953055.80965575,506,200
108.75198984831098,26,105.15907921146743,0.13014559252906718,2.607868551412112,2.7543869494374413,3278513686690.8506,489,223
198.5501493334727,30,105.45103258535659,0.956393225424666,3.533668682103966,0.34416640276277743,123.95884216349434,494,212
248.1154605053056,30,96.48020111793778,0.9356981460018159,4.708693288696638,1.0199058307398758,365034.32250043325,496,223
79.70649071410972,25,111.65480646710856,0.2945877930838573,4.099091037680047,4.581688298950203,1769.308219117142,501,207
160.0925261276721,22,102.37916681116582,0.1476253784815654,5.333062463501394,1.3882026526063798,3055950.617193356,493,231
98.56897767853836,27,110.18808125770926,0.05874454410766505,5.362712489534493,1.0501597418155282,15098607408751.012,486,213
2.9630360178348134,23,118.4439976603922,0.7216523258420159,3.3021206805850114,0.8906853245019823,4129185992.892917,502,207
271.13279880944384,17,118.7134343304283,0.049348562271258604,4.236517974971843,0.4246967215263007,0.0010971945372713196,492,199
18.213265643701114,28,111.4557666351908,0.30601100156879174,5.2741907995577035,0.8101690192931215,473.7735428522357,507,228
12.629596040794217,26,134.39648534872865,0.05506542217739291,4.805128630391372,1.0063255248205607,141810.62553949576,497,247
74.13286182651545,26,90.72267918927724,0.20493656356214598,1.403451744824991,2.385585303051231,277051882504300.72,465,215
179.8226473581317,22,123.58463821898837,0.04534530619133974,3.4123777683636773,3.397287173306006,328662672.21527267,515,226
93.11856255656768,24,78.12981951493263,0.5026936775076474,4.2097117370709265,1.1209416192299866,310.6310250586238,475,223
56.21033659911936,32,123.08303594203923,0.578884434886916,4.3166141518858625,3.7292973682330532,1262.3564929789954,512,194
9.5284758630318,21,82.01661668948248,0.17053181974954118,12.178290151092652,1.8092898563136206,4487.593263085928,481,195
62.67608453604877,19,76.95756024319701,0.3815055094499788,4.232678288107609,1.8518512969293233,0.04140799535637276,480,245
209.22919168763565,37,86.94415634643074,0.0013734103774354816,6.98145537138135,2.4085102998181136,0.15286213411587443,513,203
18.977107540945866,20,87.01786781743093,0.0761201708125501,6.311197922196734,3.969760866024852,35.230205221531826,503,206
297.0592899338236,18,88.23756191832314,0.004392399053332875,1.2534512492962862,2.281937881198654,0.013146838970893141,498,216
255.87163561065069,29,108.63675246462908,0.4240781631376996,5.795296468946642,0.4777984746568694,2758.866240730859,477,213
23.492826086510448,24,108.6645794504625,0.6193469938806327,3.6048726385221954,3.5857551613648315,2804498542.0146465,490,200
110.80982552704481,21,88.56162744358203,0.8120650978722114,1.5183880646782344,1.496400443454091,114541.19930799624,490,194
138.79667928073533,23,116.68854354252427,0.01976247912733708,4.918653023209315,4.266763802084745,0.060715010822655194,514,204
157.01996599290163,23,77.23206060129559,0.4105473073069522,11.607134599194854,1.5908315720944168,940741957.2428174,508,195
25.85665582081034,27,112.198685020652,0.6487741577111105,3.3055604803865086,2.9299844833469435,13.921276210422963,510,209
64.03349567799773,30,133.82662739904657,0.21494434654720226,2.707324553805982,1.9052826477028426,613712098.623673,453,217
84.94919504329876,19,110.07652501799326,0.01157923659901178,3.594991879442974,2.608071251296445,1307342.9970360417,506,205
192.7014476274162,22,64.57663929509398,0.009135573971271273,3.690832757765744,3.8826522811328723,0.565513637147769,489,176
1.7001006706266877,19,82.54160558874199,0.3451565921526384,3.351722114908446,1.4325663700763605,963440741.6022183,536,177
197.25380075253574,29,103.42276111619424,0.0001886852590201117,13.85530859180397,1.8691440460902653,966389601.8597666,505,236
83.13338942421166,22,91.85856620234301,0.2608778102228365,5.6795353707995275,1.6799035957831625,90418065.77413596,493,204
95.07916582860194,21,64.18700564805556,0.27948662654264467,2.864089984398634,0.3729615032112852,5705217.813463111,483,205
145.86898241667515,27,82.94967085621707,0.010969621755118371,1.0292734359996214,4.316066758289452,937830526866.7262,498,219
25.802944154218622,21,73.86277759019035,0.007523995077822674,7.294426396583916,3.639102635728931,69972264.88258798,492,199
189.56744802511187,22,92.18646137729104,0.36381557906546674,4.309605206538874,0.5072115487167832,688383715939.5831,482,222
34.19972148678731,25,96.79572928513313,0.15269231895561977,2.2706056032258997,1.3908042594692005,73208.19087663748,506,195
9.149033342927453,26,101.24081120604933,0.20229491415443432,1.4237769420930404,3.03202608488458,533.5172894744953,503,213
80.091337818775,30,55.844494561271134,0.007562153529536065,4.722308255737727,3.5906922894707956,63212559814640.53,519,246
14.583596161525897,19,102.77639209238487,0.7391003855563326,1.4705681901510066,1.7366363803077178,0.0006250768218749896,480,194
41.51277050967303,29,99.75361224834572,0.0953980459292283,2.1930351227038734,2.491659750234604,29576.881906505907,513,200
107.86812143225701,26,104.43106959862801,0.45952623057773334,5.902448279126067,3.3440983676448166,46.77183031003073,488,205
22.16954504761464,24,109.40590678133458,0.33666479914343195,0.8184382812565388,3.124875200770058,1740.5479874159316,490,255
54.927880229940115,25,83.51111495040928,0.0018992502435302896,4.81844476397172,2.6536662323506306,72988667.4851019,511,201
288.41989650305675,17,71.77134675457978,0.05734641662860287,2.9472015657251323,0.6044647447432252,10421.707639328759,475,241
44.849016851309294,19,83.46056805689638,0.21183601297597093,2.6285583625001694,5.140029169171599,47.5885973426782,510,230
82.68819130640793,23,80.08678315847698,0.2701160488430775,10.110239017538827,2.712910243294662,720421882.7565264,500,216
24.215622996817647,29,88.87616864540355,0.6520716652609304,3.5196115436837125,0.6893823624783714,5.465153545688802,502,228
28.06131357785791,20,99.39446156399015,0.5057790162075748,3.7674531861745617,0.08618178099569246,977.3549767653333,515,224
74.28345410089607,20,96.1035292475895,0.01403779782516742,4.342299967871911,6.341286060529817,9330475.478464933,493,210
38.912178151759456,29,112.13079191246537,0.5603549395040732,4.6536885409592355,3.6876720465393986,5326365019.195886,517,260
45.89657376054609,25,86.81287920379523,0.8972270267348277,3.1088006444144405,1.1580538302249426,15.926557794737871,461,220
403.3500713590371,28,106.94510318960684,0.010885219371105637,1.7844370625567119,1.1058494460685402,0.0013200064345214098,474,238
104.49379510673333,13,90.4581420964606,0.049978207079798866,2.5024871964915003,2.3450480980935424,1203151.6137309081,506,228
57.1460287295337,22,114.36464245225086,0.08035071033664697,6.387929870264164,0.5138234280068986,7588.963050426274,501,227
40.88662023124529,24,102.44685997321035,0.3887208002215938,7.413348056670697,4.884902326625032,305.94908855782313,503,204
50.34457902110957,29,88.61731131578681,0.6016305117773978,6.7567913197340905,1.3517251394157996,0.031233259145944423,510,201
78.35527567356128,14,86.60508410584116,0.3722292509936015,7.090588807331153,0.5809002376889271,12.582281053089512,490,201
59.538363594308386,20,74.34245149959568,0.7904945660439481,1.8935480346195608,3.3066958866180167,27737652.64011245,495,229
65.671911807129,26,99.40454687468204,0.1594490380067481,4.490546884589727,3.423696160190931,39635.76570426652,501,201
2.872900911710595,25,92.91038586634572,0.0507931360727395,3.228812444631922,1.9505962338678422,2837918.988798647,486,211
128.0715920195229,28,115.42762666368431,0.6562576103499075,2.3627289351795184,0.9404617873689735,82.71074880245943,491,219
1.2390236871064433,27,69.44916246765531,0.17842391120871928,2.890309771323805,0.43913632833575017,49566.843927939284,519,203
6.446551645916348,36,87.49346627135233,0.00307765709641541,0.7724039757501485,2.272262120796363,0.019919927560807044,515,223
42.50261167839932,31,112.75909676737552,0.0012173673350955323,3.7963308663131454,3.0854329805364817,27.440466874022995,487,229
123.46900558944789,21,120.49573123931258,0.20618560720151233,7.182342305587299,1.8582933212842212,9389.155871646632,479,220
165.16903343349853,31,109.23220122960191,0.35277458881307133,4.789875499281083,7.131715504412097,1785.940659018711,514,207
292.7153636075214,24,99.7714288465821,0.8182131627998983,6.858428636505411,2.5701554888806424,6521815.963463629,504,203
134.10101842720272,30,81.76080870234989,0.5712468346730374,14.582152562085463,1.721883804851989,7.958598999407418e-07,500,214
44.74212820730542,20,58.05511615503889,0.28687167623209486,2.1896871502825674,2.986820936337494,2421574.726537469,469,205
139.21865140532884,26,94.39983230014626,0.7370211304932461,2.801836194621619,0.8581021206466803,7400.904002110117,504,224
46.15100200615332,27,130.92898616500034,0.6929703174919721,7.039710571768947,2.747360640654094,655.7820213673851,450,208
16.034503906465375,26,102.76669552950793,0.042496205514452524,7.608311059547873,1.0832399014336307,1.8664685154308607,489,209
146.97975661189875,30,128.1836671756214,0.007345367527832209,5.391675646897529,0.3225145097892165,675.5662757418227,462,218
10.389652623791443,25,72.69380610324382,0.4955160992238753,1.6939641838512929,1.4544183713163517,11.571047868655038,509,209
30.531082511245312,26,101.26687336335588,0.3516136893336733,4.412379394225367,0.7092831656558245,36309.23497686649,485,207
195.95952694951274,24,117.97559146007204,0.0063532347652121126,3.4665405953741533,0.5861106200034011,0.6624291390621011,495,227
71.00798405960947,30,79.58647188898794,0.09896626303635819,6.9660314334139315,2.379008973653405,15542461.959718524,495,203
43.61400028763521,23,51.68604058088072,0.09372028237122355,5.817942521720565,2.6786026835888146,2.172181226676496,505,229
167.59405445656063,25,71.20714737330117,0.0012976559840075159,2.365096902562746,2.6816573655800795,600143.5079019907,479,206
161.2120645225835,25,92.15393716817286,0.6716326391165468,2.46192587700707,1.166124737071544,53021803.91762316,491,209
12.647146278181864,29,87.48088993627411,0.94537382810449,1.8280132992011764,0.8936216180606238,19155.452826004162,495,188
21.226179416718793,27,108.66751750321507,0.06959676270662514,3.8716190615482335,0.8862394967191228,1599.0113883891302,486,175
86.25319379551209,27,95.84314258800886,0.05225158188186245,5.20254010447773,2.9741169507585634,492190.8717083298,502,203
114.32495201352873,23,101.13482676577999,0.20483462395904495,2.414073126050646,1.2018149896805417,9730272260774.273,507,240
178.47322814155226,42,141.79032799643386,0.441853072562172,3.323289107671566,1.1998213418371426,32370397.683115143,506,229
32.14290900087345,15,99.1085550036365,0.04899442744083153,8.780056304033616,3.6573481404512918,12.689696448217987,497,188
9.119133302917982,22,82.1596084835621,0.004907601499567842,1.1482055225470487,2.039057998147511,28544.69097514906,492,206
49.78689378054572,28,112.07441618173692,0.353252555547079,0.4816149536669375,3.9332598130678718,48.03701870904299,508,226
168.97947914989743,31,102.54671919852298,0.25818787638030266,7.336307807493369,1.2902905233513482,19370514.772699874,524,205
439.0219760013352,25,86.93798940934812,0.04368554982658039,4.575819404904972,1.1564313619883724,1105.2851437746974,514,215
266.05452982773704,27,82.83115709596849,0.01520795769267493,2.7817401829249078,0.5095156144174211,2.6623878297064106e-07,500,204
63.535704078815115,31,77.44129416183543,0.20961300219201054,2.8019780282772,3.132350549582988,17929.035956178548,485,200
30.628709443951625,23,90.77157899660293,0.1312402318875861,3.472898274921335,0.3109155443584892,128625127.2495161,504,186
117.58561254332139,29,86.07123431835,0.3943038249899676,5.07942686659921,0.8506997403336979,48.48004736453841,506,213
26.67939461607512,18,94.56700487639269,0.16114075215725662,0.6844093893104058,0.4870785917345049,244593367.38708803,520,232
14.89653779067051,23,98.25484616606917,0.08955023222955183,3.9777699047955504,1.560644263164226,26.40170400723139,531,209
14.762701201798414,23,104.62404923448008,0.001106388674974732,3.180144557853617,2.6750623179382442,9.759371090418023,511,214
61.01591302028007,22,107.96716494152683,0.15893654734277615,2.577893625612553,0.7191378480273329,74232579034.4042,490,259
110.6197303123688,20,107.98806263389027,0.13730959521791924,2.690843426825797,1.9022488472979853,1573.8441221067324,494,219
89.07468281796889,28,103.40430184496876,0.10300925013128645,5.276033973956721,1.501769474761791,62.49686880949045,507,233
18.273589463255686,22,63.19634466352167,0.3136371432495381,2.5669687621649135,2.978009434616742,422255.13400885114,488,193
8.085646790845914,28,112.07607787851717,0.07798296917712146,10.149575222668084,0.6953578186038758,34972492.06056956,492,185
43.43540446097379,27,77.24467515153744,0.6213246885678007,2.326130359139831,2.726479344754193,58698.67091628239,474,258
65.60001765071323,23,101.9341144217004,0.010474636002077627,1.604408929107027,0.553932211168124,109.83367177693016,496,243
69.64863051304138,31,90.55179766594217,0.37583387665044343,6.313194499317299,1.960071076976064,44427.12291289691,513,211
119.1824605351093,32,108.5729106689862,0.06686263163568423,9.912362763417498,0.5551998262639685,0.15044729026600462,511,221
34.2724040835187,25,100.9420182633883,0.013854070006823274,10.48572435713556,0.8816652471365581,123753539.26113456,498,230
37.24993673341076,24,117.92379070530798,0.5992620545090622,5.523464594764634,4.629454709826846,500041727695.2928,496,241
78.45737081987103,24,95.32700548263328,0.0008263612456453748,4.163001301316366,1.5107267240874687,10.38119574418654,478,220
195.2507320144736,28,138.89261366278583,0.02331540045930806,3.8968706955258416,0.8134871174955807,36.957075817751175,500,223
23.18646780864629,26,97.58797164422052,0.7792060514357427,4.593664262188446,1.3535053013666318,251681.1118370643,515,215
206.53557334691763,23,69.48771765099741,0.09249584824309819,7.768050932955054,3.758156860832564,1.0389543933440422,501,184
65.00472710835957,23,103.33323134052074,0.015596941145861024,5.58328160128031,1.2598861864214645,17363387.510748327,505,187
3.5125601698209463,31,93.48225747711989,0.5912938375247402,4.166910409167669,1.3969115699887564,118.36860344603276,509,226
525.206127092413,14,105.57295702663674,0.41672297603089503,5.806883280967991,0.7812780398310392,14.32414587448583,497,227
282.76469657130485,15,85.35001027526981,0.5411502569158247,1.7129487944715018,3.2225308068960876,132272000492165.1,479,246
8.455189626095425,20,133.41921791778304,0.07310506582076572,1.7262187717459994,3.8764775507249345,7033.680536370247,493,212
5.121990244520371,18,112.58443315307929,0.17353339595677866,5.585096540192697,0.7156775714209163,4547699506.099655,482,216
206.55884116378354,20,104.28497058683311,0.8234125625811654,4.877449792448265,2.357181076874501,33152.14774092632,511,236
237.77900006823592,22,85.51547267596399,0.10593065353521196,7.574419944905261,5.812847218909168,0.0009190111721365027,525,215
5.257275593900151,29,136.86056879266928,0.13911873721238213,3.275287822229426,0.3062791801263407,5.695009251333904,502,195
95.7231176982591,25,104.16046367918433,0.11660732846198653,9.011477837158223,5.036477836765369,150006824102.55426,510,209
9.151029184450495,24,85.26194424820474,0.46080197793703676,1.0916640865678116,0.7767169512626292,217.8576062428995,533,229
26.934091192668113,23,91.6854354672603,0.1294813783287063,6.327977090754525,1.5552785302051753,10.228307148583639,510,240
102.47240453209506,29,101.74927410642174,0.3692222522103776,5.516794788517475,2.2132584393788086,453.80356807503466,498,213
125.77896547841966,24,77.15937034926823,0.5865458746616061,6.829109341272407,1.0536369744056802,506876.80330537684,503,192
179.6653611211215,26,80.27759647346795,0.7971906735069479,4.246829113346543,1.1975476417527076,0.0052681921943969244,485,213
140.64160064221755,27,120.83540728480001,0.03903549371397079,2.217084561511745,0.5139772609832575,1384382.257126663,522,225
287.98595879062185,27,119.07186335645525,0.0012117594967059303,4.455692523707477,3.2055557170763436,395306305520911.8,505,192
59.782756932851356,22,105.52447399965337,0.8325682971501326,8.095430482662561,0.2749491139976363,8874174.044286378,485,186
446.950628036874,21,84.07298053700241,0.13168186698923462,2.1872751789512264,2.8393481985059017,3421864.9226728217,514,213
25.691109044547982,11,88.78267998506874,0.17593405344439061,9.001107264129466,0.7565875704715966,1737.788234467897,491,219
42.94649457942265,19,106.35957483208104,0.07276354244453831,5.4231009963818835,0.8336498659793916,11105889.203313654,487,212
215.49894800731306,23,97.70924392075992,0.6504430635780644,3.3321116289145407,4.390526707180545,1051.3496064934575,501,221
163.70948128873613,22,95.69563005359542,0.45042598657247523,6.099659359280123,2.3192781888360754,174795161.66599828,523,211
299.8627166291008,26,71.80135907447811,0.6229057058454102,3.4709173200995775,6.73695835646799,17603.214535327043,499,215
93.48899739818339,20,129.04050318476436,0.8604727001974585,5.489439740111036,0.9426871481667336,2943.022992317917,489,195
24.092974156785527,25,135.4108399327193,0.9357487808119198,2.1541434859011876,1.2474028683844487,187397.1061398419,466,188
180.87977505723808,19,79.8214535393852,0.48434603248069297,4.2471140202883015,0.39157772112880823,235114596.5681382,496,196
394.12614698525476,14,92.09284231371656,0.12288267092572126,2.169012750106391,0.9303479595284408,39242.94413440592,498,216
167.55035791039518,34,105.14000658861919,0.3348712272469315,16.381573683723108,2.739068730278389,1.6890501809962818e-09,507,205
25.573544227829032,24,130.44796689813927,0.32776960775788616,9.34953295231749,2.7782847574383607,990729.000698687,507,197
49.930989117866815,35,97.48287492900457,0.36608570012745856,6.224622447210459,2.9066132157032603,20600.05609315707,508,207
37.56543214232032,19,103.71304133920546,0.3457697656619901,7.668190424481984,0.9617849669611173,10231.275143369226,494,192
97.19112217442742,21,107.36524134181005,0.03480307868811815,3.142305948814069,2.339826830157787,223552226.808048,511,205
1.6334577445402905,13,82.60040425291074,0.45557131722614613,3.1528619129926243,2.9549694885014235,1.4736075410217375,533,217
59.25642226451849,25,107.16210579893264,0.4275971479347853,6.446971689072442,1.4644955016196568,0.028769008632634336,502,196
169.49626603532147,25,82.18189593040636,0.002015267594411542,5.319552831758042,2.0131081495325907,8.085523624715455,468,201
9.097866635941806,28,108.21459066682586,0.030518920975710368,1.8755587626342507,0.7087578990584911,28358.801730595464,482,234
2.1298020527282455,22,92.88281319651651,0.45785790998986564,2.096253730721369,0.9122365321001404,11015.267295694986,516,186
14.534612384394894,25,81.71169959206146,0.07329062372737687,12.88547334002912,0.33736658612274034,0.003071530581914287,506,208
94.68198365473461,21,89.79937506822293,0.6251020598533977,12.640643514949497,1.1161583284778491,604216.5287376664,482,223
164.74531815579087,24,51.99545722920496,0.5344893474323993,3.196308854452901,2.4622758099432134,8370.27307665724,449,207
7.188602664053308,26,116.3942456801696,0.8453941183855119,4.176168096537507,2.412814731239165,129751691404.7044,485,212
151.20953296145095,22,122.54781084004551,0.09367264493981144,6.804173757553305,2.8532232955582932,346824.5911551543,507,229
16.00764697827631,25,138.72550626172995,0.25747750599868696,3.1418631382045046,6.073557911694277,244278.97320192226,500,203
16.06307110193904,28,86.59327156192548,0.49460030867326393,5.766835967870311,0.10825317635528262,1928045.5840684047,501,224
385.16322239883334,21,105.81002404566792,0.004722546074123614,2.8476316814422367,3.9314288913795736,1018995.0856997658,513,196
25.238795834744533,17,117.92315157527682,0.45147166475636097,1.7814421025823197,1.358708771741016,133515.79197928825,516,217
22.744822328958048,30,113.24886572345393,0.11225972451660204,11.95216436350687,0.4591539561612022,689578.1733151614,517,160
233.70095432882252,23,109.14889344331414,0.4760986265896821,2.3973819456579175,1.299902965907034,4859899.331725657,488,244
9.044067502989614,24,67.02807082916158,0.17000400584811426,7.017359931798532,0.32409572838785666,20522.569986858944,516,236
171.50214572083917,23,70.43946597076553,0.06847580328097935,7.0887074106897865,3.0983706090757726,13343.59888530323,497,209
142.49082664975901,22,84.04798284356428,0.7932693644609904,3.5944042701617827,2.613460315948015,22.58613044150817,495,208
40.48265899466077,28,133.41818881052953,0.20575505178071204,4.753965101632,2.277268182845507,0.0017670043571443826,485,218
250.53009394268236,20,123.60636001232831,0.31498145025637453,5.110158773165837,1.5976931810893522,61869.715610652354,483,212
104.86672409022604,30,42.635857008434066,0.026929400051273547,1.1103324988949095,1.4192075092211096,210924.05044606092,494,226
16.072787787542033,21,111.22082108560423,0.7061461513016604,9.229703919761981,3.6793693703719694,9587509.092037426,481,224
145.21870843789844,29,126.24104221857279,0.004238484362184443,4.526977640841312,2.8877507837870793,40551699656.87554,488,234
11.201138835954486,25,149.48502804338406,0.011057287709870236,2.6223515779149142,2.36585013428748,456327138.3891528,496,204
31.77443828277639,27,98.83670484937218,0.37655479051065,6.327159729687442,3.379488196063457,1376196626.6782568,504,197
297.81866551981324,25,67.24762256583338,0.30902026958345286,7.879897735168747,0.7766539454264362,2.982549038583222e+16,511,179
61.95518076023628,28,98.32608343393738,0.5916947491888289,8.570161963521388,0.5262124876898848,20.340605849893493,528,204
126.58064555760195,27,93.65877123516537,0.023058983156596935,4.415493833253814,2.3194105078444758,0.002445831753677849,492,202
135.37870800366255,30,112.78799384483577,0.08531709480024331,1.1018332140929692,2.0190580916528647,2365527.447387685,492,204
4.280010934464927,19,108.51872335102004,0.15881174255671499,6.229552161474004,1.692159480903178,3223958779.8419185,481,210
268.77826910391025,27,105.57939336559076,0.7597814212575983,7.481548663479446,0.49400407389067696,1095846111.3737295,497,217
5.675346178384412,28,113.36652814549092,0.00019756737851401278,2.3539919958549653,1.3799474923141606,989400.3099591295,503,216
215.80406463755884,22,119.42993478788152,0.8665208656793422,1.874946978305245,0.9495908092588736,1507.9970882575312,489,231
80.92423975557516,16,83.50980252639117,0.13547782797635544,9.36290242746033,1.3736304615248978,71.55653650194303,489,224
18.34627944266875,31,106.46921689647459,0.2149020653889852,3.191560630315625,4.041162591599527,1494.1295733297811,506,239
28.011777953686657,17,119.63050169145532,0.46805652766154365,7.512107608004143,3.177467124581235,500565862.5100598,503,215
75.94968705770553,23,79.480054865532,0.003670137657198164,10.44952017788464,1.7197745981409907,1690.537651206079,511,191
92.34963803866071,28,90.01716670888405,0.2300788512490571,1.558276709352387,1.4137532514873308,0.01231056660793683,533,195
98.41189625568269,25,100.96891945798937,0.3472008655659585,2.410644755909831,2.438092143190497,746.0008543076688,487,227
85.66219533827707,29,112.56811896874288,0.23060945676264574,5.847553267929943,2.2469874542593096,7205.262873853566,514,198
155.24073298558235,23,90.01210027343537,0.06148865326388399,7.774909818955799,0.13083438936510286,90927417.15980896,502,209
14.600528607649776,22,87.88140619622382,0.33278662727140224,8.342810182434526,1.0467958479691373,20.23819422123425,485,213
191.64133500965352,26,80.39063314877662,0.5439350988077303,2.118852505134497,2.8424448464621013,1433151.2275732693,485,219
228.414247392773,24,151.09877058917658,0.09671875687790919,6.016533330225532,1.8242328324089885,0.12523993331206223,487,211
33.76928421212387,21,118.62356334767424,0.012737113370860335,4.593820736066316,0.6606132719627131,6101066930.688713,484,211
142.670891985184,26,95.98968459259005,0.016674587564753235,2.5585992444951198,0.20193581109851808,16.938266464540202,494,188
99.66272516495029,28,80.30398221228667,0.28846199975624137,5.588345174911333,1.4624924787662528,746524.9920208156,506,172
62.32252779926962,22,126.92889801263462,0.03233821391303198,5.117095916265689,2.0914585301286883,2.9280042425046983e-05,514,191
95.21741248101293,21,89.63739517697896,0.1576609467187148,6.751628393437303,0.9807664843327613,61935510923.908485,474,240
14.095741973978893,20,59.20647887418299,0.15294978328931,1.2634736901771404,0.9223006595535226,239.30987553120767,506,232
32.28825143123825,24,101.13675629198534,0.11468057977996818,6.893673391309983,4.4614666596060655,276.9015953856657,518,203
23.818166120551446,29,48.64501909009506,0.513088427509487,2.1398559124507583,0.4682721875389992,82037414.77551119,504,229
168.2450447616461,29,123.70399026316147,0.863541028072092,2.677289531652715,3.566428916016377,117436872860.3059,509,193
107.1915538563746,21,117.07041367768096,0.13069031858568292,8.161257679312241,2.42748589129093,12365374070.815735,512,228
9.704741319816247,29,107.87176411465344,0.5589045303402147,5.971146143403997,3.3564246565437794,5.287466255560699e-07,536,280
14.799437225457057,17,123.52078396267339,0.11518544291868923,2.311631252927995,1.3087488742961846,925.1643399887013,505,201
109.68452619768227,16,139.1094623133004,0.7777457294339822,5.0948685660674995,1.8919669214897061,42.562971508542,492,229
31.117773539813253,20,66.96880490696785,0.8722385097044284,11.607723341760732,2.8346276698459443,62.519097004900104,531,233
66.04103429532896,28,83.00009134501826,0.0018960888481601749,12.069761896163321,7.7896965642256655,8838.682463737752,516,213
69.76136155236428,19,70.9214305880922,0.25107900294786323,1.5868658705109924,0.30224978408580955,3409827.835152145,495,221
5.369014714662726,19,128.15594581244912,0.022208240772696328,5.780581727904058,0.5854700970866323,2.5273580636570196,501,239
20.52823583962609,21,103.10479995711387,0.029886487448102773,7.87069538074616,0.6807685106499529,5.074819145687788,504,206
41.85882287105046,17,111.30479844272863,0.4395037395022858,2.4529428972120035,2.4505449578841265,45827259821.15157,475,235
26.311055355249763,23,106.01639650962107,0.07055258232828031,5.210987609988069,1.7295976481395279,0.0023621002741066903,470,228
167.57502277554443,23,121.12748328851247,0.21664880345000923,6.173460599110071,2.1609207222770714,97236.05716241668,474,209
51.261174178653434,19,92.17482203501157,0.397704634617509,8.999500173252875,2.1694743748911405,0.0012829032584059793,516,245
36.888429266953295,23,82.71200453646505,0.31455293156741165,2.0646569340072336,1.660115587875626,549.6663788564103,509,253
25.27535608284869,29,81.94352522294582,0.550560574846416,9.802581295503735,1.1984071126318636,6133.838246806386,485,194
72.54082784653414,21,140.28900977552922,0.37500691641359674,5.401656672241044,0.472753582567624,1.1594889770759789,527,221
13.959626609045017,18,81.13721396189985,0.4329751978290619,3.5098078683436573,0.21225077447575733,4231.493141223813,498,220
6.915121574245307,24,109.80562853459912,0.03263650992933531,9.208751106674601,1.15646130908455,17.057077624329235,513,220
30.011350023703955,28,114.45858923759616,0.04025772379858167,6.671703546219894,0.3335072285744343,273204884473.69592,513,218
47.09014704578278,22,75.54745095834174,0.24325935980359126,4.01983568274379,0.17330270965323122,244035.56310215982,487,225
88.7707322328232,19,74.82804433276647,0.05454313178119405,7.603842741133701,2.5080808430104633,4944346.988549404,503,209
9.951044268930028,30,85.55935714270925,0.11160215433556037,3.3037845197936333,1.4683044708005168,3221870565.283139,476,175
87.06705170915416,17,111.74174165797129,0.014431496387576721,3.875454377576965,0.1725863242122184,6890493209.672294,525,225
21.05722880517731,19,70.90223857256123,0.03639813601803836,9.375269138926651,1.8519065795089984,70291897628.32018,503,207
8.517893242684245,24,93.39521629552502,0.9301916931657864,6.997902754522518,2.5949361196585095,0.0015935481754949215,488,208
5.088485727945604,28,85.89068327568891,0.25627686338356265,1.934143671429398,0.6099240603066879,0.0012564859134042822,495,190
15.348048811619638,18,81.48266022098912,0.010393168137009514,1.3698678995180658,1.0011820158918738,3282.8705035038524,502,210
22.789855350186187,19,78.02102841068596,0.06327249350536991,3.429421363089435,1.356147238068171,107574832780.41614,476,218
49.115966881721214,30,86.38527420917333,0.0979945280613721,4.796516849239092,5.280004968269346,0.00013236868762292288,470,208
233.4731246646227,25,127.47545874454661,0.6000396695447402,1.5464360724712778,1.4126961610807653,1556959885.6061208,455,177
102.19359199900086,28,83.98756811604657,0.25672679272402954,2.6361595815415946,2.3797759136418537,21157.94696632912,480,217
77.012008863235,21,111.90054252017227,0.30839542993287816,0.47296326740993794,1.6818071069585214,2.190169137240782e-07,528,211
24.04863962517698,27,84.05239371334974,0.7032169265789011,1.1529311583183897,1.3530830582952098,10500209.103194598,477,211
24.115507469427282,23,130.03759609456964,0.002856339447263456,1.9010527046389223,3.1995546980751755,10173.949195525147,478,242
15.442037760199801,27,102.45480169428677,0.024262129152815344,5.908948335267216,1.5717531942522855,1.1987070370556447,490,198
412.7775774408957,31,76.73087098188432,0.20915600842003107,1.4223019373321943,3.7616788228392823,94745.02865546281,501,223
47.59196150873214,19,108.60655155662421,0.001745522628734378,12.670064331204696,0.41299335474433263,13.639066542843668,514,202
20.864555418730795,26,71.57647590835545,0.10389797856025976,2.1863025848588555,0.9139032271782032,3.044847374826936e-06,498,250
53.783093905841596,12,77.28677338800492,0.13355766020845705,7.817559588824255,0.1973828619774347,43279.46143568716,484,219
54.07965765393574,24,112.68509354729508,0.05048621999757024,4.420591669019385,0.8649886901797665,1169.602135275795,517,233
122.53747847572225,27,106.84169718760224,0.14270851975227344,1.9309594072011345,1.1773731396213636,119020.04128783674,488,233
137.51425446493434,23,84.941597366078,0.28355408014392147,3.4341931323229717,1.2689862365201072,652.3239218386667,492,198
12.007077204840003,28,75.7767133662664,0.003118355207330215,5.192885995644417,0.14962664124264763,2326368.5528364275,448,248
26.460691722548695,18,117.81369762139596,0.0012132223098538471,0.8601483401736519,0.9755275409337765,7.27449611339339e-05,508,228
384.58451206353897,18,85.97306663784772,0.559107335393849,3.915756528387104,2.025580778700076,61997581.515636936,496,204
54.74960535182469,26,79.68222728027939,0.27947170296948204,4.003469153208901,3.3338634859750735,0.11987482514488065,494,241
118.40537940315512,25,97.4753959701921,0.6250860517271337,5.436157913772752,2.672910367216775,0.005590385207768458,500,232
133.04522076325992,26,108.48694693515499,0.09287357583287116,3.800802672993727,1.1865297651865478,3109841095.1656003,534,194
148.9151518448225,23,84.79334813362368,0.05929176958316752,1.1946472224910147,1.4473228134633036,6383850.042121769,527,192
187.54315119056741,20,114.44065192575303,0.7988793161891724,1.614615382397763,1.2628995732109536,0.09263591046267801,482,223
164.23172520798286,21,115.4877626607147,0.02907468065027856,6.198940066454064,2.865442514617896,48021637.05301782,509,225
19.75348015418432,29,125.27433070403058,0.33642824594406784,6.64515886823372,2.111583353507378,0.007724626486951188,511,220
18.199065985214276,25,106.51206667105573,0.2823520752563893,1.7245550741488362,4.974656645917024,7442016507.466981,489,207
33.7928210470213,16,119.97267955067338,0.3013242457733518,17.573471995046575,0.6467550795101441,47898.586064588526,508,181
61.27874699784163,27,127.82140670363823,0.19867224484263976,6.902390217716307,4.903809986510789,4.856654356964555,493,208
28.90157175333173,20,112.47380195916976,0.09396871852849334,5.236453161733506,0.7154708126157592,7.9886181199981285,484,206
57.453599233554584,30,103.81182331359626,0.0053657746489430315,3.4684638006453765,5.903112519024149,0.19987481473028135,508,198
19.28142073049322,16,86.483466058594,0.14698480924872614,3.9151435095158105,2.805278933339246,2120.030497088378,495,186
11.939561670822242,20,89.95201453962486,0.36208241729509605,4.923144901838941,2.13275939349679,11007.00270945947,496,212
28.560031604869668,23,125.07195031670925,0.9600023179576433,4.81657268034146,0.5389791292357551,1.0971868739603686e+16,501,201
58.44616620811248,21,72.71833177071171,0.05464712864309541,2.9935646614009253,1.967758647833315,187821.18591003775,513,210
84.12393974795873,24,102.75161447219438,0.002195126346012377,5.406206970690835,0.5038478890945535,68870379.92010026,502,222
157.54614417059904,25,70.97436056527958,0.23458411460891818,6.671134549045915,1.8200108428514514,487.76108874647883,518,205
151.7399095695813,31,94.92971762389188,0.38807595178407966,2.576822623054017,2.962669172954482,0.00019644666921596416,472,205
181.86080186745752,24,107.30858708851797,0.030990061979384288,4.322587890932481,0.5074753660552723,4.878822716441856,476,218
71.59968300032416,16,94.7433615233344,0.3883205199955268,8.396336586592547,0.7074445053882409,4096.023100545932,489,231
49.92856340129625,22,87.772626404325,0.043427498609473966,4.163838334497594,1.7142410606185365,300338.09825439967,489,213
51.86047978921987,20,93.93243748834895,0.6790311160786676,1.8952814157573925,3.3977240850012276,13.029700223642891,506,246
237.18760720898194,27,132.94705235383407,0.0696107356568491,3.115513289821248,0.9031959189167279,1860113654869.2678,517,223
452.5435770621548,30,104.14419948012213,0.20990598767606303,3.139932923592581,2.1079632883067965,2168.8639378422727,509,197
43.630057724050026,25,80.78122955887287,0.20092464845787641,3.779351543896076,0.9747540821438555,0.0015005646541778616,494,235
12.268338720468268,26,142.96464822204072,0.005746785614623029,1.0588115133070384,5.306308723186731,1011.0139253174498,479,233
179.06667455648778,27,89.63677539010516,0.039298920339449525,5.419315098977676,1.7433697352381827,3.820967859614832e+16,501,198
97.49205917939085,29,128.27549034613065,0.47245027874505846,3.6147327345974056,0.594308950194111,1157.680953930779,513,241
32.80457696726773,15,99.3299611300927,0.6721134503253818,7.71222632995725,0.9958790169997994,194365775.82215708,494,219
14.706510178873167,20,98.0789094640493,0.07039583385084675,0.5093532557291747,0.4272781835574662,3346.497254951009,492,188
276.98671171235395,30,112.73533099313877,0.5506062528577824,4.56987216765599,0.34956354236570414,2730154.8829881307,485,209
34.88832602808215,25,110.13706445766334,0.06706623514802937,8.125626817693302,2.0276516381334693,104628.32799304079,511,177
297.4033653067685,28,89.88142177839028,0.3950083795319645,5.038677397664644,0.15218784610298558,160626132044.14084,492,251
84.10588197731738,25,88.81852706908961,0.7967379055333128,8.35046436549568,1.8531908264527879,0.02094097486290304,479,217
14.30589914651871,22,123.0647377459581,0.24458079592418416,4.166706580517535,2.7818975081096324,11.840637500748588,504,213
45.900941766961196,23,80.96594607906553,0.0001495995039431545,1.9472870992990348,0.6515991942003196,0.01011145511474896,515,203
100.89489756851238,20,106.53022895707353,0.4672886648893089,5.407494589549138,2.928197119213803,4819405.492151618,522,213
38.42776596568193,23,70.71127817898281,0.061365690051036294,5.9441720344032705,2.136584059182801,42399557234.18867,497,223
112.65560547309761,30,144.4775132541398,0.3885507821021052,6.417114467658533,0.15196606596623444,0.14445714468598156,504,200
267.37514134187757,21,101.94173191240158,0.2589384374956282,3.6019865547491356,2.0756257248873555,85498.36522974928,491,199
130.5050714803304,30,123.94526772982468,0.588263597690237,1.8571114168915708,2.312379884679773,5707441.953577401,494,212
411.35833092140166,25,82.28550339238285,0.05190736910780994,3.702534940970971,1.0015704178696996,3370429356817947.5,489,220
58.64747735490329,27,129.7857575110881,0.01761364528137763,4.212700743839862,0.6908618892925819,4.564469512732034e-06,512,194
31.66609511825805,16,119.45853243563491,0.489756679497203,1.289077551558017,2.8984452881073115,1791113.9388610774,525,234
131.26996169293906,22,100.42398760124068,0.780196469998884,3.2528141040634386,1.117989213821221,120621.85489048036,517,219
194.9723951782924,28,120.11660549471176,0.08889734331429588,13.139005112762874,0.4025255042501537,0.0002467808204934438,500,212
25.097388665686797,18,100.44036532729918,0.09802535384126344,4.7027953213535545,0.843693284020796,941057.4018997137,501,243
31.770713742310576,21,42.90111834373868,0.008026063072620888,1.439025608622661,2.05186824074591,173112.73951799804,511,185
4.082078808881901,18,125.98055585930457,0.2995886571100966,0.779054991328856,6.088812729727495,1260520229.7427547,473,193
58.28421276687074,20,92.77536064017023,0.1125789828878787,1.9587373571719362,0.9128978107686407,11840377.574365754,488,220
329.54602154292417,25,85.81500458502966,0.002297383660494494,1.7872808883080156,1.9796391990875966,3085108203.2669444,499,202
15.834405474440826,27,120.16907823131665,0.030595696196019147,4.538816076773502,1.1644531796439301,1.8026687600464226,486,199
14.552497819810178,18,98.83830627584317,0.06867333063606676,6.038085555799312,1.1793828699975288,1428.2219910053575,478,196
11.43453304652432,24,109.8800921546156,0.4616914462581724,9.269843132879963,4.141680097914374,18119.880535192126,508,195
205.08324218034772,25,105.86203525376347,0.019480296230074943,5.183613490099206,1.5258716820986014,1.9551525631210695e-09,489,217
11.309660006980272,22,114.89685260975419,0.07270738450523212,5.2931182951124995,3.2540507350741152,1933.1019763374031,503,207
32.12836834434093,20,82.94665622590611,0.10684068828977744,4.3612403990162205,1.231357767603694,0.0026162480946642745,530,190
125.98520163295545,31,125.73667235887153,0.44857333742906486,6.727235159790315,3.568814812150946,8600353742.983562,500,182
205.8415695423729,25,100.09078725872591,0.6619016820911139,9.95634948806536,4.483283873826618,0.6768575807585626,467,186
121.51624429918151,17,106.343821248053,0.8161988590857172,4.762047462496186,2.363903106972227,554496.3296568738,478,224
54.150427163363545,24,98.62609068899386,0.01981070896398208,2.930757869950663,0.4379479213941817,442.12751320206655,476,202
9.7566397283626,36,107.62073865419079,0.6487471470121856,11.578878457059492,1.524222031652319,527552.2780994419,496,224
239.80432378445684,22,107.56059661704023,0.7091600637531013,10.567642820011935,3.8179442358014604,66.50556846528936,489,223
39.26263211748838,32,76.6279140665973,0.0008892893263871539,5.290680472124091,1.3386444103345911,280276.3460687444,489,225
112.00433972137374,31,80.19411431279048,0.7284740313005618,5.959076672230065,2.0417565672585414,275399519.1570983,476,225
139.267400881097,23,93.88484414718091,0.011070391204603583,6.119748897586539,1.6703399397668843,1387318.2385869347,504,221
77.01492325744972,26,121.26478670106968,0.010796138560105237,3.3734753908507735,2.5857182467623603,338171.4237934788,502,215
124.93348614798259,20,81.90160332260339,0.1756424844120853,4.936609011888482,2.2690290540545006,0.27541197580419846,477,217
56.527560375059295,29,84.5090328473818,0.027650020444436183,3.1158568848320973,3.4850510943363244,293529.4332232735,529,226
13.453857760104373,26,95.79084983698075,0.03682023286651884,4.213931982077462,2.973843628808343,16.61978710268422,486,216
2.166294478655598,25,96.83344097745196,2.1752038226677384e-07,5.732721925716494,4.785853306078735,15145061.81123128,514,212
57.77170430630305,28,94.24695992011227,0.07379870641980718,2.770992436091192,4.79986578721181,4442.692012794218,502,177
69.16211247928501,17,118.9061052083149,0.012954588036856429,6.577874728631255,2.0080358602710175,22971535028.850002,479,199
44.11800998627285,24,79.90255381358327,0.8454688740159075,4.253250517211758,1.3077160205795348,0.747933236965204,531,231
166.95386547530765,23,117.61710094523391,0.0031220328277538133,1.5532240822364685,1.2358480692003901,93.62016710788481,484,209
10.433681237625745,33,81.64978732280784,0.20094768108297933,3.4977047165395097,2.0190844084951696,272.2149834980315,476,203
138.54865998145397,23,113.51161515198493,1.685003461124323e-06,1.8932831928633187,4.3202211699913065,29.182650820135745,502,231
14.550636546752571,30,37.75869756589894,0.8230042279794446,2.718817557629195,3.175925582626059,179.11422509575644,501,225
68.75382712730429,24,134.14649652623058,0.050809919642975085,1.0486606403404617,0.42643355519092635,2442.3968104780442,500,221
31.474762764894383,25,145.6567415731364,0.05137485674340654,2.7030972623254255,0.9140577295995739,44852701906.330025,502,232
176.671700143373,19,67.44553739117438,0.06052781305549479,3.293143757908182,1.6588664465296474,951.7360630612145,500,183
112.93875766350538,32,104.0737801596904,0.0036814662718236053,7.275709166540561,2.5518537279181244,5.112074595270011,491,215
185.46671337828963,20,67.76086477900445,0.26352865305607465,6.4590852707218644,2.2779968412396348,9363795381.86823,506,218
31.395330953297147,23,115.16297806218921,0.04791480778617441,5.694082658211799,1.7260530303430308,78130978.78412412,495,212
262.3657982356811,29,81.65649657667785,0.44761415572852464,5.954332989660995,0.9459909318802122,461686.13546921004,495,231
59.06492017151439,22,98.75120709038036,0.036370662875635784,5.928996703670703,0.6958127314455502,493.1326015560695,501,210
77.3295239944653,20,116.27457863079096,0.3689365524708185,0.22196198731989722,0.7748714016033724,11735184.38839979,510,182
49.12969251660943,21,83.20107113182863,5.174505342498583e-06,2.2589849657018064,1.2457675163922353,11169.408953562463,516,223
6.629136180058468,25,139.39016316797176,0.1135600145299359,1.8732308760022265,3.0238857473464416,6502274726.771375,514,210
65.64772993889495,24,86.3148860131296,0.5310923854509684,1.558583764993801,0.870209708825504,49.66284112282832,473,201
16.846504741899107,21,116.88936358196437,0.00035124261227850885,0.9895723879589114,1.6725000879179197,693049.6528969343,517,244
157.67995058246663,21,100.56247457855581,0.5703660013854871,0.8700232132325186,0.4783423805003285,33351.93432270126,491,210
40.737685512437636,19,68.01512644686804,0.009253384788570499,4.000063705958146,1.0377895321340973,13636000.820955914,505,165
185.2973335306467,18,104.39149470855331,0.47990960204153493,11.177850560106574,1.887139032625355,6825.622228347801,518,215
215.4403097769031,21,94.92521348318476,0.7451579047250845,6.404275811150891,0.9088692404918824,12071.9569707956,521,217
76.59401202167072,25,128.83062200952554,0.1327741418660002,1.6260485769719633,0.8728879425867063,3672583.1758308928,522,252
170.82147872860114,23,112.86983111495844,0.02730178594358315,3.043349393043245,2.154271546090237,8.262895756999047e-05,471,240
331.7455165679694,21,125.48921099734764,0.09086976249910311,6.321601346411265,1.1820202338849441,1.136739632979923,476,203
19.88927787829208,19,93.67606731329985,0.004642849254872382,4.837096612674081,1.2341032553918019,57751539593.65572,536,217
493.35100020579904,27,160.45522390286214,0.051517633764536074,4.247495810170494,2.368301571982702,1727718.0656424297,503,223
12.02310261356021,29,105.78385787914911,0.12542344076610987,2.978883177762567,1.6160086392174533,0.0035364263789107947,481,223
36.63547063830317,23,121.09947836858908,0.2677472528968398,1.5102150377803774,0.6674526851122138,225231.6211745841,512,239
104.9502646525396,25,105.30227402837657,0.1751332854139366,3.1607848298066723,1.0809866194346365,0.013528034762510636,533,233
204.2120511517441,20,106.66683307179352,0.21057777476537215,4.95594265595176,0.9264406810125285,57302570.90514417,493,238
148.29699834311566,31,69.39904631483515,0.052769678988183216,8.961371047578591,1.2080436285975222,3489.7026128236025,518,237
322.4411582536068,24,81.90193540858003,0.09888388530752712,13.012289045571453,2.542287370373781,670625303.3938113,503,200
45.66932941190985,27,100.78425551428805,0.3405484317444877,4.280790196605845,1.7257239195633731,624.8350395054201,510,222
60.358022358848984,21,59.46390164022623,0.648446451529157,3.7379652377085044,1.5692280831095833,34672007740.80629,498,206
50.26466311943825,25,71.5957500831964,0.022940975807535856,1.30117556816919,1.4016805382858095,2442819.4931427795,483,227
143.93731803640085,21,78.87733498619738,0.1957646183624,3.2948744471939175,1.4135407030481673,1.1533032888079966,499,223
382.47067440478844,29,108.52745496941206,0.19463284842712272,3.6654093817401114,1.917697480208335,51.50244356941364,494,213
157.99799445466675,24,124.91000915316786,0.014669633046697071,3.7019671487611676,1.43606908966294,14675.585004579043,496,228
5.66710437210006,31,59.07206404198233,0.559922655774487,3.577676058872551,1.5972262102145351,5797.158619520399,507,198
70.60801189028732,25,120.04901978763337,0.4295517257806908,5.468053791041492,1.9839260957284974,4852.650024311225,492,239
47.502424952950875,23,85.63595278668762,0.4010668230826169,0.4341931469730805,2.3918815900635404,0.6463621078885529,488,187
61.63094269607744,25,83.88814573369939,0.20111830854483756,4.708187432181368,1.5091980677209775,42.15127587777418,486,222
33.41001086978212,25,83.26358071719598,0.25690654057968604,3.5790557679444115,1.7758882757056624,2808628414.2753406,536,204
223.8473955154832,25,124.3707113535028,0.9045796386097605,8.752860263097023,1.8193773998162126,731915.5518202453,508,204
540.8633625679079,25,117.31250740058348,0.8282683202140242,6.066607310768919,1.349133053292433,7610.704345568398,480,197
166.63909835040184,24,108.2420821488974,0.03962032405061585,2.523067398130509,1.5164398313762295,18568.155811854365,476,208
27.443242956431874,25,107.21906851035344,0.7122692171494637,3.535139254882893,2.748840523167124,2909.057357113925,497,191
142.74618896341528,21,126.80915694416413,0.4046021526165778,4.237046361138642,0.5802817596288484,19402.708043106373,481,210
55.354059326644744,24,100.75354997364693,0.18152374617582098,8.088832158700722,3.917045357521106,0.031085440445443875,476,221
20.80047596802947,32,114.79065093990552,0.0006128927835217133,14.111642023626034,2.4065713059822857,1228874008.0972853,485,213
47.39627683330001,21,94.23949091669886,0.4280807146714212,7.396185518664892,1.4439639184278954,56909907.13443334,510,227
20.611376863950234,32,65.81092761288895,0.5576173946960472,5.096164094445127,5.746141572365007,10863.184995141979,487,237
82.4865674540348,24,88.96512529877225,0.006233884452082343,4.194526842417654,2.708139501432499,1.9112098317843138e-10,500,233
3.42059278670069,29,63.540829280514515,0.4524700951356156,10.208086804027932,1.9468892852908957,0.01067346172660674,481,190
218.4157173942701,23,93.66703066283739,0.009314434178431585,3.217213066406202,1.4047272530432273,2226524.368224259,500,179
7.689389605605351,31,91.54174313303102,0.15685998427219658,3.2966727614883933,2.5086312815577116,1857.2800717233065,502,192
141.26910017031847,22,92.43621922956572,0.29830513363095873,0.8424879865941413,1.6126825280143116,14274.914717974121,484,212
58.65461780007743,21,92.0391459619691,0.025592038614923766,6.870733671552869,0.967286588961726,31.750589871711632,468,197
39.16134330313451,33,79.16998269404054,0.21469079679320843,0.9646970618684069,0.9346038179639093,112249437.17622253,491,213
117.68571537009274,15,83.31788036170191,0.9549021711099018,3.2195764394630086,6.151160893521168,2464994419.7360225,517,212
3.195004298273976,25,88.69322909339525,0.7548981687937858,1.3635570363217513,1.8251410035677396,0.0030558742027121805,458,193
23.39354870440911,28,91.4789819377347,0.004329510813097275,9.831086558412405,0.7183177826955776,1395458196107.4548,498,162
57.72106721565278,26,129.25689734469464,0.6571768051407064,9.242721288230204,1.804997394111095,3657.6588053045,472,232
152.31335355130213,22,88.10535418581843,0.14771346223560797,6.7457722642231674,4.678380634833392,858038843.6241152,493,203
227.00515590215167,33,121.66149184524616,0.06463461597312985,2.234967551979697,1.0630917506682005,7618.74537424468,494,220
109.83111304116144,27,89.40563464679799,0.09679429799969692,9.264286235348843,1.035029011203905,14529977.319960365,496,193
99.17028882820017,28,86.82869276016544,0.2297576867551382,3.594051406098464,1.4736136535115065,202010.56247015268,486,209
155.44288896690077,19,110.5783484815338,0.04622895733812441,3.670930176901713,1.9421786698985815,3123899.670280538,522,239
19.00847987192006,23,112.62622023115466,0.40238277229767894,1.6053076900770382,0.3176303629339112,0.08855184252895731,496,216
43.52062833338097,25,88.73600314250922,0.26579629439736524,4.805485561491231,2.924253238137176,1218.8481133666364,528,197
38.86297270956908,17,97.67314085540005,0.6678483704126764,6.2330610566898255,3.184793562174924,0.013530368673874872,501,210
60.21084878768692,20,112.1967946663341,0.6666913220446409,3.042000618532642,5.723164033336125,1.3163567444422246,479,210
36.630148019979394,23,94.44697230988722,0.36700483522663563,11.984723354566496,3.849883681020828,15731762097.691961,501,218
61.8957128707576,26,140.50566304509516,0.011370568980916818,2.4287315872494513,1.7560337750128816,1196476.5801640598,522,224
21.82238149742609,27,90.19523919529217,0.30588501155128894,9.189452581006318,2.6767091282571576,692066632.6800119,490,230
21.280812414876163,16,102.4470076530146,0.6032677127821365,12.524285971664591,2.0723864752082304,174425.36309912452,506,244
57.96372767760266,20,133.9040895569936,0.019011724264801258,1.3577051210289228,1.3484881701759308,40.523547626371446,489,212
38.76817853770944,29,112.70581502874961,0.29881296380736827,1.9136199309056239,3.751896759143418,0.03032684179967603,541,205
28.855757574840972,21,104.53794665220188,0.49746724729805136,5.682542668053781,4.5496877715596735,1728.4464634568187,502,233
34.33463738432739,28,96.04587848675061,0.05385612567772009,5.249520587296838,1.4273213462712218,100.86674015042165,507,215
30.52521098216847,28,106.39714633182184,0.6145586592762333,1.716111396406387,0.3891228417291709,0.002529034845920657,516,202
44.40716293535203,23,134.47719565609964,4.9056624709004456e-05,2.403983764696853,3.6298450100204134,0.04116691590787688,511,218
61.38251515769867,26,106.22027352269838,0.45469978518677057,8.26673790001378,0.8327930774122949,269270.097239462,472,209
25.909138825698307,27,102.54153489753713,0.3491085035600843,7.18799426298465,0.4636512001554524,15532617.40798054,493,200
36.499828310331196,24,82.68509361661373,0.7735274189562448,4.375751979216796,0.9343837320159103,215.1217149677607,500,225
41.23872316985279,28,83.99268531133848,0.022966078761263782,1.2272217444938962,1.8517261681713348,978378689.7185895,484,206
39.26058007424346,19,105.82799133131864,0.2561958789433887,3.2751363744712028,1.2792063865876,0.4563326732220616,489,185
64.40960340984122,29,103.52297550526438,0.0076052304452309104,8.153727430066034,0.4545133431807005,37.31710245898789,498,226
48.41488397354174,19,98.74775091318469,0.26657901941754497,2.4688693047304358,5.989983438181359,0.460672158846948,536,237
145.73643695911247,14,120.26101173055177,0.06970182042570634,5.0467762360891415,1.015792036609374,83866705.72187261,489,217
75.33486714595708,25,95.1919543307574,0.5048202796042854,7.372132847818832,4.9120485837001535,14.992091780247836,507,221
180.32968569892387,21,108.63306074752968,0.5672309794713992,3.537621795801328,2.642317794822695,7823.023445612286,485,224
16.312449864997106,23,113.42902412388362,0.014534256926362404,4.460523051281451,1.842684852596892,0.003313812737387439,493,213
239.65159499132267,18,120.15190894516735,0.2833009642834606,2.748239452815662,0.7639166186302208,2683.1116086586153,487,207
50.436383094699686,21,113.94388991944199,0.6747461096299199,4.500501773705385,1.3821586052434207,15440268506.682274,511,211
220.101054359216,20,74.53483829387315,0.6495659983049074,9.765302157062939,1.9490169724734552,4.616580421942786,518,205
289.6626552220349,19,110.972096600042,0.2872003487859622,13.551397417747356,0.5787272079508464,5.036000189551034e-06,529,238
134.52632458138035,26,79.8738535831358,0.09132990674240624,0.18461912941777128,1.7663176533208123,23690.67772952029,543,182
213.63542795356963,29,119.35408570497592,0.2752865118848206,4.972624511019036,1.9317390373136731,322185265919697.1,481,217
85.71598478590533,24,88.13621858658003,0.8256805215119938,5.072041114127607,0.9078808523285103,0.0037931540788795157,490,210
140.54743053517453,18,129.96053717062233,0.8297028145769696,6.468803836931968,1.1910415983509866,9538.706745910053,483,207
62.38157455841675,17,92.63484696505637,0.5424555572692378,0.7538672123811667,0.8186117887782828,616459513.987928,511,205
13.482365976831618,26,140.1669162367038,0.035322998120652024,3.4744516674403516,0.3075023553534683,8968382.059036536,500,207
124.89568537739055,23,113.40456554863378,9.009364651215446e-05,0.6962353754869836,0.8533022558353881,9718.152102985285,536,191
56.600202026269905,26,118.513116561011,0.012491255294212635,4.350669671099816,0.2559169879407959,6.642702285553624e-06,508,193
48.948199851775755,38,122.131518236783,0.02635775847545309,7.535984930462041,2.3498576805119593,0.15371309724836088,512,237
195.6969265698092,22,118.10496510808733,0.31472571573304053,4.017349187036818,1.7345057239716009,469.10262413248483,508,188
266.6015202083285,25,87.78321260832486,0.44186056526024975,3.953034104939656,1.2790593690199583,79117.04963168039,520,207
119.471446974956,26,75.19477483503249,0.4234829799719522,5.486636819120334,1.6460695167234738,3398.1520239077163,513,225
205.33716158943523,25,85.63447796698252,0.5341586937626958,2.3603767062662366,1.7618168887655898,57.90074321655532,503,220
54.99212587911742,19,105.2105378252513,0.9176734190812098,1.5611120184056184,4.316158143469979,0.06370304339502389,520,234
103.33214795331061,28,96.58794300866691,0.5228832490757365,3.717643211577248,4.638032136177256,1.5298024311655252,530,239
76.32111194376813,22,112.11687568389345,0.22323034909557538,5.575467117819857,3.209136642306514,21415409692.79513,485,207
205.68888422423348,17,79.67514208608402,0.316765379657299,9.2491857426511,1.1608658725431682,2.0238468840999455,491,193
114.12451716856631,25,109.12018324914415,0.38797086238716577,1.4274989544269798,0.7789793754392597,0.0861722701990779,510,185
132.6490297174679,25,100.61622311125177,0.30651605709296176,6.264800792761783,1.4954910109593498,14.654283382830585,495,240
5.86881816464312,20,80.53847453198726,0.5871274923942438,1.9919976241172668,3.188475938192591,0.18588576127694603,495,230
89.34991200934749,35,78.76008772192084,0.12129358519878915,6.7330485585770745,3.887033868595261,0.22683221066707285,512,211
12.994969253421768,20,142.14172379710817,0.46097741338764914,0.6072345494374333,2.1351317066293327,406761.17529463675,476,222
46.36093734694862,29,80.62253424492148,0.002044524910587941,4.599913362499584,0.5736276917935409,189337849.49946663,466,213
11.881925131565954,18,134.57302215885647,0.11068471731999863,10.651136811785111,0.7474620574138889,27247.48256816762,471,187
114.92026127538057,17,127.36790391640325,0.1964428667083069,4.889390683418013,0.5961492422192459,93499876304.81256,511,202
226.55548000025746,25,94.71294281196826,0.1117138207974893,3.3898295527095472,0.3882880334522327,4841.712538722905,523,182
70.78336406997671,26,85.29442256225582,0.33442778699820574,5.316498209334737,0.2344883384544987,0.010603331222244017,519,214
134.23778104316673,24,99.86794822093462,0.02250665584107586,3.7838170964788187,0.49961473277595086,0.09914880637101152,513,201
56.88854415113249,27,84.77385370726554,0.005180693538599019,4.35986955904301,1.7576638977456913,1.5511963055386784,498,234
22.150661901647194,39,90.25592734958802,0.21018634508164533,2.0646142816925543,0.7808097399182224,0.6206186458350041,506,219
24.02966596596365,25,134.27372203703518,0.1255038683308253,1.9547865166742686,2.112927467300671,2270887.292727956,486,207
17.097565060538813,23,126.68784958397687,0.6525361585518407,2.598536443845557,1.4058177427634697,40.4263388458321,481,219
21.240591578519027,17,121.24254790424175,0.008759217760852901,6.4327574507931775,3.338837128532836,3004368.5552786435,518,208
64.88188015893195,24,104.12512330865488,0.18682859760937837,10.833785479844984,3.9534948777035814,1.9614854607291123,485,226
9.759492331491105,24,86.04667479967232,0.2833606351081637,0.9804504735370664,0.724718718195115,202997.21500451054,501,221
55.96262316588301,28,109.24618172003362,0.36930523856736036,5.877446968061785,2.9867897356286783,24986.727604657048,484,219
97.53889382505976,22,83.48868979384734,0.5220503917780229,4.130646829322515,1.3787856726533518,0.010173496709389395,506,193
6.839320920025519,24,61.28237162152134,0.019410282365310425,4.507889989071212,4.518085593034401,1.0630889999719502e+18,507,182
200.81675082352226,23,110.81380437509794,0.07188775823481179,15.636933864156246,0.525169230333067,13673060.657942154,487,239
37.94871215003038,27,132.82536329521625,0.02662836922988329,4.369131310895291,3.6703585552657523,171288927.93646178,501,214
164.8360254772533,26,110.84559733532839,0.009467741916673678,5.342183242076732,0.0695832863664007,121979.10363284274,501,199
46.00251082610936,16,108.7979977051311,0.10703668291910112,12.942907511338849,0.9235782447473823,0.14448237397568622,521,191
404.73067067924313,27,120.37543069522795,0.12411703099126042,8.466204437472834,1.1108192544756266,3.1709476042178357,503,210
288.26197573516174,27,136.29503195200365,0.3952299337244261,4.652665349181362,3.3827507041926252,534487.606549166,511,238
170.50636338506877,18,112.74422065918345,0.5178503338759782,3.697108047276266,3.748179982819589,535550.9101702129,531,233
58.189644795861106,23,102.17504652749273,0.011113409592831466,1.9278717873752995,4.786263058803567,25.63854018777436,537,219
322.27660084057084,25,112.02203170149126,0.4339369347982236,4.440670973552554,0.4219670614474158,40878.942994751706,498,216
83.23460892269392,24,121.66873512607657,0.8077495270454232,9.138425914855361,0.5467722317356152,9025538131.8581,522,215
155.5162740306414,27,88.2883665119435,0.46112266037152505,4.285537835900952,0.907295389163486,1109219.7204536905,494,236
0.8412309509449061,25,79.3483227807392,0.418150682982847,3.7173396429630197,4.906871103603978,14286620.622918287,512,218
197.8788056925994,22,137.10331508976614,0.22367470711996007,4.057634985973594,2.1299635910824315,26.264709678484,501,200
25.34607109302006,32,105.70263901745996,0.30741399021065213,6.389899003318242,3.1236397235259923,2.1940744928197353,507,232
358.2671617243578,23,99.46522721602213,0.002561597086786739,12.592298387198271,3.310369401105432,572239.474915878,458,215
100.8448191123389,24,97.85229610557685,0.07545691787859822,7.059879527456879,2.3494317598233625,27213.19476005985,515,210
104.9387004875246,25,98.71971074449307,0.06181853949858498,10.490462085822093,8.30897777080667,1406586.623722012,509,209
12.702663451452393,23,111.86181718488058,0.13227557041140403,5.187264297627997,1.2383937943816437,0.429815603223663,521,197
145.41291950001616,19,105.00015076834582,0.7777890136406415,4.266210564286835,2.5072294279150564,480.1503608846129,510,239
135.52159820035806,23,65.64117993639134,0.07699524834843859,4.036156522932262,2.523564160243739,514.0880628491456,479,211
4.434471226126161,25,151.61524501220686,0.6765474738497157,5.102381189063557,0.9640009781761221,6225.924534037079,502,211
163.38694187174616,26,36.56154759524188,0.15558187888979394,4.155799563252311,1.3726145325317154,391465.9619956934,501,171
71.03394109418831,25,128.55037745667846,0.04944516248863387,3.0597142192170645,0.5477234938950841,86498.07242460106,498,187
55.34640494933176,19,73.30559520875059,0.48978552453260726,3.659936426799912,1.8599042379812736,5736.470719826646,510,196
30.11357496043054,14,95.35456191006864,0.4300516311588165,5.827299886589738,2.969234426909823,258.3615050782911,503,237
39.03514794236413,33,136.53968990517015,0.590196804956317,2.239091782047017,3.33850049097355,0.0060264644950567,511,210
447.3033255334915,13,91.4446901188182,0.12296190282991928,1.0881525647962815,4.296679206072147,0.4546671379762178,511,215
37.76347783689769,26,96.41285728352631,0.5996499404487474,10.487717270739816,2.209910195568822,35417.84612699211,499,207
174.5576535576136,26,75.63104774767282,0.09272083052521723,6.008098932818658,2.5297087818255757,339630935.4418312,486,226
17.06755189445263,29,113.17249562744374,0.1290357909029295,12.482964794688662,0.5638114803996548,391333.9012620871,524,188
24.844352205369407,30,101.4047190883641,0.1780654364203591,12.19332958300084,2.707441982070575,552625.9509929207,490,229
186.8178270345251,27,106.9829020566287,0.37088791656678344,0.9603242038527415,1.1836229484201635,288155.6744187829,518,229
35.93549091996452,28,59.40649509998409,0.46915527851303973,2.7766697164444034,2.240608054651001,3478.2283787062174,513,179
6.7299091644159965,21,76.21744685827431,0.005016766709183627,2.9216977556378927,0.5734675695579937,56929697427.831856,472,237
2.930669163882508,19,65.02990370238109,0.007275272253811575,2.288994046809785,0.5990071821548658,0.007385828621525231,504,219
52.28744761865146,32,51.411472224037325,0.041628930745727155,4.740209622559306,3.910520363163773,2638228961695387.5,505,204
23.18799036196913,16,112.57064665706982,0.029256453761484478,8.471200579982908,1.113342439867598,2399766.6199020958,484,220
127.93242431495086,17,96.69968448440771,0.17561582583129964,3.3317467974961774,1.869114682351628,1751857515.6414442,473,219
140.5769444373902,19,83.19527731731233,0.8329944077305234,10.175367369321211,3.836053978485594,34827893.724330865,500,247
129.3404112894562,25,92.42847934894614,0.007833054488841156,4.567387770046259,1.7098565764813576,308.62379785793064,485,197
32.96151028870614,29,90.67663912949085,0.08886450049222022,1.5912649853966858,2.1217205735006615,32333172.228898793,480,219
41.74984906229053,19,97.73280275198351,0.13558153324097783,2.0511331203690415,0.5080423575160032,0.05728531282546753,501,205
181.39797132977827,26,87.47515680316882,0.003604892244302976,1.800286265012428,0.5922176440971665,1412620.521599507,488,214
30.323693657773347,15,130.91262687256642,0.06704596770950247,4.233687118418942,0.8295571137768698,226511830.61190733,502,221
99.45323225757043,18,84.41949869720625,0.24659049187841772,0.13858600518354852,2.1973152248773116,5.803578907241658e-09,488,212
38.37029824013881,24,90.92344629947391,0.13436431495128154,4.56432751001167,4.090647745681179,310758728869.5875,512,189
21.55656143386863,25,90.19132387578377,0.004227583625367067,4.5524069857421665,0.5044935546058356,4.575223644371795,479,193
56.292229915925375,18,124.02789790578657,0.003699324961962279,10.41202067218534,1.3097407302972115,4662255028.100701,476,179
90.58251159442636,24,115.44257566260458,0.7217182080265223,0.8208466080160829,0.6319143601130134,401839.94808977254,499,205
283.66048329274776,24,116.0863431171853,0.6174307269339364,3.9122212975868154,1.22580450035522,61391052.86762333,482,221
65.88813768706041,31,133.00402737658294,0.46528294079164817,3.1321360528120485,3.2542831611854064,107.13523861784294,503,225
77.51164817327559,28,100.01258714609206,0.027265065738913245,4.483951029436916,1.0321008294678313,5256457779670155.0,499,237
106.45326560382173,29,125.44422877439833,0.1538349884700243,2.807984576129576,1.3280252359952447,7.574004165084518,491,210
24.514237030726964,34,136.16364473457867,0.45491334021499724,6.506416809874053,1.8664256432815551,323.3781892825374,492,234
16.781123725650815,28,78.77524295575265,0.5011593399877313,3.655412528759486,1.8032891473517463,0.04686979866658928,512,231
11.524292459285306,23,86.48105389731747,0.35328887863143865,4.944846913027316,3.3852514043638138,5575.500611980322,491,196
62.48762723913188,27,104.97925795138116,0.0186726407497421,6.777925689101495,3.7260747219486663,2.7508948619611906,515,205
186.60137756151,29,101.72019299381765,0.21107409204061348,4.619012733124079,0.4553452214623762,3830.5851427986745,487,227
174.1462630049672,24,100.18065486774564,0.01364178527230927,4.128732730466323,1.1289234152345815,5746.214483091637,471,210
30.396802903857644,18,60.085124426116636,0.023125456220501665,5.351014814173286,2.3232963892344056,55688142.34286121,506,210
100.58782189569797,25,94.63541867055784,7.611095106779516e-05,4.632533742207027,0.6002425324230656,204940.82478733573,536,183
279.4612895625309,18,95.97453234447117,0.004216591789747536,3.4591630242313696,0.8366280745544399,0.007310654066251567,495,196
32.091128716683755,18,98.17818910175858,0.3447710458137213,2.3522044548345167,1.3190359811752792,0.002095236909582727,478,203
164.9521461290494,25,92.16763656226432,0.40847139403014576,1.0929621854277438,0.9296688874598802,1.0170499338030035,485,221
104.4023086100436,18,104.42478884583994,0.6470728360306895,2.0320043878864413,2.8871522393650495,1841992.4717760002,505,212
50.14633931317667,29,102.77817100978939,0.29160179434450195,6.315967966222794,2.926092137964992,3481.5219657009707,493,187
158.2407908793418,18,94.66952180265886,0.5247971686451419,6.308177671700052,0.32854902224911087,0.019597418341604497,506,207
160.38111381564005,20,115.11075267117116,0.02995187006933152,5.531485348108295,0.9462736853864762,719431484963.7255,490,199
84.69706285522504,24,133.53095986047,0.6757245240691618,4.929007677663575,1.7321389843522639,360872.4185016564,474,240
32.496545763453774,27,60.232631660288384,0.001022055210188035,4.631213855009973,2.79828365884493,5926952.300877353,544,212
69.72966446431703,34,60.03142176429157,0.5970917345444988,2.574571738015365,4.0442100479407,64484260.43417087,516,192
15.624963221914207,17,100.8876679182064,0.10581821531006273,2.7485230600144397,3.3470147582467544,6213.122788029249,520,197
216.8316983764244,26,104.65110008252609,0.01076059265211376,9.768666981180486,1.0994017175516346,0.0051620481670293095,485,197
73.28926098754216,26,103.76133304561442,0.44401743742405325,5.0290506593928335,0.8049506814207125,8.755529399667443e-05,482,199
107.6076155713704,26,92.3861424313355,0.01263341868162809,4.460494604926031,0.39429514238122926,189325.60598446554,499,234
54.95516372076962,14,100.28000604392635,0.46157274886900046,2.315957430829508,2.248371208115084,0.035325487318192274,496,196
91.77074275212702,34,62.212562869413425,0.11070809469700241,3.9169575409516453,2.587729599285046,46301.82906342755,495,212
211.44370027777168,23,114.00316615845803,0.11209260047184672,4.833035501515623,2.7174496755560607,6424735126833.366,467,217
94.14982904833109,18,115.41682593571899,0.3208879110167098,12.099072394892428,0.7019128209131648,170151352935.6228,532,236
7.260189190951681,20,108.36783462001718,0.0814865921908836,5.063727629547087,2.6674866087267453,25768252.766163845,496,242
447.114755893403,23,98.83236853371405,0.4107670728411097,4.134264152691275,1.6777350604729788,20672828480.68679,502,194
29.806420482012808,20,93.48348904895221,0.3153274264446868,1.3360517171194746,0.87125778387,13773441.43945041,504,213
91.27105548357875,26,101.79927366060659,0.2592579396909544,8.094735957345858,0.9030606123515893,27.233621151229823,502,201
18.209967745341228,32,85.52337848655179,0.27385534341767637,3.172211682818263,0.17961366463225534,145482326.37795517,505,223
88.04940821655387,27,90.22889023824601,0.07566347350628315,6.279448255439439,2.100623117649278,37619417965.101746,516,229
35.28981409267911,31,67.80774860769188,0.0008534910915649895,6.456511779337192,0.5531878099145773,0.14056383169186332,491,260
122.21930292942386,23,65.28352906570642,0.062378998046746605,9.238999461079803,2.548159220797772,0.8507053040142203,486,202
40.95171808844322,30,77.46437774847426,0.1623551235297436,2.8520408271642244,0.9250633515657392,6.298901412367177,474,224
446.97005048348996,17,92.70484217455424,0.011353640930256339,4.925248036773963,1.701634715655391,556.9738156428757,486,207
18.51047141919516,31,142.3071136297918,0.06455945347800962,2.4515774343422,0.41049082447619323,144.30308273012113,512,230
267.4327358051803,21,114.90513051528997,0.02731092082755205,7.679661527040211,0.8499847507682223,345612235.30325437,511,221
26.068419908246987,24,76.46593639561976,0.020810299595855567,6.182144723848307,8.439041948011777,0.6017694561682281,505,198
247.04243361744452,21,113.00793213475252,0.0551816585999243,2.7107298958689703,2.1295177777325,82060627.74773952,519,192
64.92696506428092,22,122.65232792116466,0.06142821800885309,9.393828591784716,2.659744289216221,58093827113.13259,485,198
127.19605772369877,26,152.7625325483894,0.1506246450446516,3.3877661505192735,0.3508043503311915,248443.6361302997,499,211
451.4681334452561,31,97.71494829077668,0.21723427976354032,9.253437250864089,0.32390357104697126,0.0020090793193989474,515,215
61.07492471523535,21,88.00219406977604,0.0017822364713211405,8.842414439994535,4.26615584341651,313.9444517942986,482,221
28.153243070788726,36,103.57336517088824,0.011192922571730572,4.049499729718207,2.3865540109739274,17931.791716772394,520,245
2.1289874838820064,22,53.75980281794659,0.19935530129073484,10.677769924783746,3.4889447115098924,117.92444787605372,528,209
141.8375031007634,23,78.40184315507234,0.0005720861756263917,12.478122003772466,0.6735952437015857,57180728.265273206,497,232
409.12086284356633,24,106.7379224764076,0.15826140584844947,4.439665451181631,0.7882782445956156,1645359113.1527455,500,257
77.58095053253945,20,93.60496182940746,0.05696353888421607,2.0489915881439975,3.7595485999014278,1123482.4357305027,513,211
191.9204117190659,23,113.96347248635709,0.027429989047176133,7.4084158240036775,3.462654974023801,2327207107553.9673,490,219
32.8229410583524,25,141.89032204292124,0.292093795306553,4.094134554363839,0.7989531325092409,94.70488404987155,510,213
146.48554976721252,16,124.49070254611686,0.4807796146486859,3.085149711845211,1.6851889925881212,1.0511052676808341,496,200
29.779691399807273,20,108.18684652477967,0.27338377315187984,2.9751562054913165,1.47938592279277,69958.78375589097,471,210
41.74873693996074,38,114.83297914972914,0.025793709766557458,4.171659116541376,0.5778218644354282,60869.049518775275,490,202
162.8715354449127,21,135.9550050400822,0.8952138298902889,3.1973690573341584,0.7053003389789112,24810.258506433926,535,196
31.292496528249426,14,112.29013910674765,0.9285044359571433,3.2807197687778764,1.742493556741166,312.97904618182014,500,206
17.178066082458074,30,143.40387968686812,0.2752580869923595,3.693045023280936,2.466473982298135,168892192115.16943,500,184
48.85923021407606,27,96.97214640640364,0.1039631861506452,10.763882557425317,2.1280850400149367,132259.591875364,500,214
190.26653334565043,21,104.94843424960709,0.5038034356751144,3.8555835646310093,1.220123879516609,9547303.210625537,517,199
258.19512147963326,27,84.65593593569996,0.03729039588836035,3.375668285247718,1.7001568747842566,100290006104.75815,501,235
109.92228272352926,13,94.74386235217773,0.24550123969085572,8.772639550582811,3.5143754855632188,335268.5005828022,507,194
64.10678008818392,29,116.59103693280557,0.672058911500798,4.239746082172661,0.36695719521233444,64629529.44201485,508,189
40.50225298007341,26,79.60545720769372,0.6760993154234157,1.561943078782435,1.863092446122393,33951.221922378725,525,206
313.42966377167613,34,63.50392658844351,0.46006905409744636,5.950023937265236,1.209792760469117,1286.8771782190227,509,234
7.20427848351029,21,124.98516381333472,0.02147223700665423,9.068590306781928,4.853018004927695,69706542.25854212,525,237
473.0834809592679,22,108.24739909676647,0.33267454410763,0.8318881192026306,0.803708593714036,1153.0049694877289,507,206
23.093591407526173,25,128.53577689795534,0.15806561304876582,1.1692204230921859,1.3052888444208752,0.1554788577834667,525,210
44.22382638350902,31,129.8541009284509,0.16042338233701836,5.330923484892638,2.4267755371649558,611.7496892408369,491,221
155.81305464636148,21,93.85265389540126,0.27699676067446244,8.897177382333837,0.6289641459714241,0.9540197070517636,482,194
37.57717504148088,19,109.1387076471824,0.11363874917438431,2.477747242686675,0.9458008203170098,26181573.826710343,479,203
70.75984993840002,25,89.76985728692092,0.012897659218529025,4.970708442012102,2.353331612690506,9840.08515117569,485,222
172.4179604300717,24,84.0555421181596,0.020977177746857586,6.5087905857012025,0.9840007057078132,17449913667.00223,484,207
12.596551622951555,32,78.81326359993622,0.00432096520936129,12.45282121716996,1.260665778672693,1650.1807805619007,498,200
49.641743957208305,24,96.15842771491059,0.001162962794054541,4.425004631568587,1.735933842336511,0.10184740761945911,483,188
20.31722999790453,31,79.52347468820375,0.31245593792943666,4.505860196977063,1.0897354938803683,195928.7616294992,496,238
112.85169981724219,28,102.34791344003607,0.0681809755651847,3.087689670053212,0.3761174327411439,63.257521389391535,514,219
101.8172466270627,17,61.544228949092044,0.030719832943184942,7.654063868726228,0.6797257852346172,46056550353.59679,536,191
54.97019690916446,21,85.60503096794501,0.26287232756000406,3.6259397165209224,0.24750613849598685,32.37402113925459,507,200
49.63184588066686,23,78.24736259092191,0.09314777731095301,2.5882145969301473,0.26227865991270605,5111945681.92327,511,200
18.26013783515691,24,83.94136261302998,0.400501827662819,9.058966997047763,2.4738842043484346,32486749082.08698,511,220
5.019032026909983,17,97.3696177520035,0.4167682127083707,12.645768072439198,1.3487308468839212,560.3046043311233,535,229
210.41133014530877,20,99.1503596072624,0.13431151942857766,5.961637881653561,1.0181308463300873,0.112216833319445,515,217
101.97054398914243,25,130.84514868389283,0.07481877594054921,0.7343160852294965,0.3222658541402589,31679789040.298973,527,216
8.532359178812401,14,107.25626782491648,0.0003313869966155737,2.760622734552036,1.714159535036843,39417470329.64398,495,225
145.66509585164852,18,97.23075236886345,0.020362079875727197,5.591200892048974,3.285359224060023,2147457.3410665384,467,204
45.790004927246486,20,95.16303935718446,0.0216389260599177,5.8757662295573905,1.6037088253412026,52401016.97345603,528,233
16.143575626645877,24,101.80577189140743,0.5436485562989991,3.8961975749569384,3.3741728509175815,0.22644018403765384,501,209
202.38917309036248,22,87.614523014152,0.37385681867714854,1.6596110112318743,2.2686724180821796,20520217125.235386,518,222
67.98910705176725,14,126.30573018198564,0.05873656937189291,2.37618963626054,0.4267397953823656,5114280860.314974,511,216
58.17232411524168,21,82.73267846508031,0.2703992460281732,4.387751687724166,1.1749222506039676,21451499362.127514,506,210
177.02510622983075,20,100.32239884967179,0.4608124367548249,9.645021517778577,2.236651475185493,5251.344586466813,506,219
42.92858319111032,16,115.23169605959507,0.09299412927265492,3.7533568698280613,2.816179385722718,10015145.769330984,503,194
95.76924534323504,21,131.24865740173172,0.627310195701658,6.753052120195549,0.080112997910064,25.098591301000166,504,245
4.732703187839709,24,90.96014062662206,0.15079848703733514,5.972637793516378,1.2107511675293845,956.8540174547073,502,229
35.68025276116493,34,95.839948987892,0.6218282966174082,12.62272528690719,0.7957788676457767,15358193.48605265,487,200
267.9864293550296,27,92.96517663430204,0.2396362384750588,7.800090772545456,0.8224757911507808,13.306628900195332,487,209
224.24569870610557,24,96.61826834348606,0.048913203891469414,3.657255644968146,4.886387977117236,310588.6993338919,527,202
7.190302065480375,28,75.1992291494303,0.6056772267283329,1.1965428958017763,2.4361468150920422,0.25579475380223193,492,199
8.44107559889271,18,80.3135091926853,0.007695195350600831,2.229791689233969,1.1249881257877872,51.24197313238074,511,226
109.93026989700223,28,141.93550374788998,0.8251659639766348,3.8028448088102307,1.4369313315935932,61921.678623731335,506,238
157.06764007954035,17,85.91333681990528,0.09354495095334757,13.208596331255727,2.28716325235578,10.13225645459672,498,197
528.8849651825118,32,85.4541542312265,0.3921714567662645,7.136680654327285,1.6742088006446563,78703.75386544476,501,195
157.92266801215564,21,146.17515213589715,0.013748690327837676,3.219255984291258,1.8797766667628621,52788694338731.18,497,222
2.7082120247546597,20,93.04520094160148,0.27231944038267586,5.897372331978268,4.252729212214113,0.4357732423858064,503,248
60.21557763315955,23,112.32827626600537,0.3099191648910426,20.70887187812979,4.7313231030072265,13.980612023292789,503,208
47.316708572836305,22,108.29303992981477,0.439036734281717,4.806093177975671,2.534356582043558,7530.318597960543,511,216
137.42064932607977,21,75.47606195710678,0.014905707903075962,11.428924455928424,2.163627737706846,0.1348923837809767,497,238
0.46224357495360124,27,81.62869455605318,0.6312454760388795,9.130654186748552,2.9367313871409517,580.1430039786961,498,189
107.99877416324064,27,109.66757104756398,0.20043453991280535,3.8445296944784584,2.09596494189047,1.9769603044256499,491,201
147.7929493917679,33,86.10731221505574,0.9678193140412883,6.943562392158901,2.4514619900589136,2521.5831787530424,520,223
14.752194972362812,34,115.97089583419577,0.02912218501544428,11.517487410023406,3.9168613219847277,2596695.7374124066,488,204
102.85313017627244,20,114.89546711154654,0.24344134075641613,3.508128530012025,0.30891947909177075,110589823.46069805,497,199
360.9566833124326,23,70.16045658012676,0.1882584563954354,3.5046806693075054,0.946348107939075,4.475218695543693,498,183
24.172577551071107,31,79.96902368627076,0.08101786959016608,5.700817286361966,0.6722383384586407,2.322354436639264,490,208
171.12041020838853,20,105.00885628946983,0.37785564965330015,1.6855766939137067,2.0364583882683744,0.17870927244556173,494,221
75.74108536369108,25,93.12622495874312,0.001814119730629112,3.739665746397012,2.063119536205369,15.013264259207965,482,208
280.4152918485414,40,53.66420925959319,0.07477692714455692,6.809863210257952,3.8084862227756595,1018.7856874093033,492,222
86.01082844533838,20,116.3473865803734,0.4262191271486057,1.8491964204328162,0.9894754293320323,1805063.5230151564,497,223
411.6286485303629,31,84.25992685848747,0.0032673219412321934,7.68645116469653,0.24032610790959555,6524809.00885985,528,221
147.7815938462758,32,115.4533560884494,0.0002611903166271956,11.746539517817606,1.9933342484187686,116413.28373970537,534,224
24.59587582871576,18,121.19753956479191,0.34758333050263185,2.0626280968708826,3.242950423831975,118.49606412219737,510,201
56.67399672844099,22,88.12807492660863,0.3436139871656315,6.922702348320709,1.4560181567151074,9737629.672599865,517,216
9.123027643932339,24,95.3119633122843,0.4492105655128658,8.773138558100234,1.6657941157046126,15.005659808744754,499,249
63.75921969340648,24,80.13820499818348,0.40752092336717,5.768855420987667,0.8988209606096189,17849717833.84564,490,225
23.13022504089425,22,50.41483973194723,0.02975200791009504,2.219894955832798,2.0638885210019082,5598097619.715439,492,208
24.37230506381439,23,87.27133932362457,0.02431402790641997,2.845396306777373,3.337409053620546,2776613869.483265,502,253
17.202193735299325,25,118.67401196099789,0.10801910221984638,1.3938994649041927,0.17112358532101063,237447945.84312353,489,218
44.25807166562564,19,112.16176126582468,0.004214994441349253,4.929744667836604,2.5624108043180915,684799.0044011486,511,209
28.34602094491715,18,68.83888270971775,0.507547776254665,1.9778442794312021,0.8386875537350676,136.3558444176545,523,222
184.08247244422375,25,99.44842046820658,0.38951710157999736,3.204190675690518,1.1488874788854497,529848455.2116191,493,220
11.653192107904562,20,99.94631706755197,0.5743609815181897,6.108276254499766,2.7411231622595578,20164.837172542466,527,204
7.2761159241167315,19,64.97230224873786,0.0003344772213063945,2.152934108706396,2.2813498427251764,0.39582302658254065,515,219
50.563203123161756,21,88.79234900973681,0.03672356519969966,2.8668849031155546,0.3893521771363762,123985357576117.84,494,198
116.05977718660081,32,106.48811515642184,0.6236537508571578,1.4769611275741175,5.949740478159435,462.92529475487356,484,186
243.31826068774225,19,143.50357924526105,0.20469540068105538,3.3242153249885984,3.3272865241806677,251240084246.91406,476,204
16.89725939435727,19,93.39270436038413,0.12820029849330927,8.58017477994585,0.7528262898155637,21816.834630261867,486,241
1.62363068931983,23,106.50641944666432,0.33801768935520143,2.150228612730774,2.167805505790895,6985.662981047245,483,224
125.81226996801786,20,127.74397309244597,0.3997546741463486,3.3712297546506598,1.7775844110526033,19256697119.5674,518,209
85.79242513384551,23,86.18478746368419,0.020998570639950646,4.499300302672136,3.5213788119409672,2041337214971237.0,495,200
29.001087508688318,25,106.88833346885261,0.23963567145989226,5.842041968878997,2.569456267361438,222405344129.50092,492,227
135.00823634139493,18,144.2589097503417,0.2840725783911828,4.702886344695491,1.0010679658257224,195846275096.69205,477,223
22.576502190033835,30,110.03086894322641,0.187345942816586,2.63982072690532,1.314159858270588,74410.67895285724,495,233
36.36817607796483,34,61.41733251451117,0.0032579363906661382,1.7498000486031227,0.7770825691540242,803.065616968639,497,215
201.29063194751828,28,64.25741154444096,0.037684796265087854,7.056063558940853,3.9920806064645107,99126.1101759621,484,214
93.78656069556224,23,139.2748287541032,0.026610294097339865,4.2556864429502035,3.5469799973178717,7356868436.580894,481,218
108.29949915347237,17,89.59018630183898,0.03724823606543876,11.42328391774655,1.1337421020958658,331.82513195418164,497,209
120.48185812238754,24,114.11910766331681,0.5539013744614705,7.846683330819205,1.0459197633499362,0.3251275149063821,477,204
2.1642246011965263,30,80.81023165619479,0.023255583022008076,3.0246295318032743,4.707987303060464,20262.94979962354,506,216
9.554589854654923,35,100.12691770115998,0.018658069416317532,2.290231075666686,4.377787725290891,0.5162765511621282,516,205
5.929821007002857,20,91.2787499406044,0.09085880105220548,4.897025765383519,3.7839543029908835,17879.729908520243,552,228
80.87336009025876,18,143.98129059623045,0.0853908690628478,2.184827425721379,3.12205472331422,3.11362735579577,526,223
81.44775450318802,25,107.93932639764428,0.85262069490029,10.076754943763568,0.9851168902153875,1085.5451347808182,499,211
51.611208345346604,27,121.85011452224222,0.007592062626283069,4.045947526340737,0.8363630981918265,1028241493889.0648,527,232
192.96318725924723,24,116.69492947529542,0.05496964570394387,3.4244208890420182,1.3720707531460876,166.56950097980607,489,203
131.63816143598174,25,115.33574544823591,0.45476559928964283,2.1256645451997263,2.1083743563326824,1493.0924856773017,515,205
4.903056218697419,22,115.95754903768477,0.5994773618587291,2.8076727686055314,0.2693499255382271,0.036675467907117794,496,206
36.5257805001746,25,96.77578197132094,0.5911979538055002,5.583660033873896,2.488595635771964,166.13429163240843,518,237
23.800080292138322,31,98.03022957344139,0.1535886589284529,7.5279193412473475,1.8536435464105305,520200692.1407998,507,196
18.630768058528574,18,112.41540443785112,0.058172688747340176,3.260350649231622,0.7974555926987446,3685.0777620341646,496,216
180.8123192055871,21,103.7466474225362,0.7875013903462114,1.4209596013109618,2.197278506561919,9034.264626491598,479,194
121.73587294065828,32,80.80465053968703,0.016318795293527387,6.269988926799152,1.2631192742789725,110312720.40547895,518,219
4.794321126334887,19,108.0629569912829,0.24687343548000035,11.357874524745045,0.7673672647642074,124652.91818587162,503,240
0.5389274163889866,22,84.82150480389951,0.12730254556048481,2.0642092133388736,2.527719397165249,15646977.35813915,484,236
82.6909713613068,24,133.34703541282784,0.0036755189665070914,5.49807411703545,0.3507310030601046,17729.398510005878,477,196
87.2617807375123,25,61.15468377632871,0.7437849905771658,2.4253049403876843,2.366932891611527,2879902830.872897,519,195
45.9301579890897,27,92.50593610280636,0.25565589454430315,4.07893105989741,1.1456317401903462,0.005120853083704241,497,229
27.769923414752107,24,100.74770142702391,0.013807240060826686,2.4435040687166567,1.7939876327482094,0.5005217390241616,511,228
6.503182696286841,21,90.87648164793615,0.6040047217779927,1.1821589324906452,0.735877438367522,3453.2273203961568,493,199
256.77772464203264,24,100.75551861389079,0.3650640852276459,2.7764739339917255,2.322574536979733,18805240.632720396,520,237
79.38997303512754,22,87.89294324667351,0.059272828709762186,14.583809214637588,1.229735433298002,81768.76196945948,497,237
8.78957542583077,26,109.65431069922394,0.0630976075722106,1.3264799529259572,2.654613369937047,3304289.3031492457,478,273
18.173192341904603,18,85.57260631895608,0.21025547476132833,5.643317316027259,0.7745698650752063,0.023312998584447884,515,215
56.11917088401393,27,95.29903724887322,0.013166877422548025,3.79561642625128,2.6455111808339966,568094564405.1328,509,209
65.98288066410238,27,81.98555515603522,0.06641739294505439,1.2156663569001087,2.5565600256000263,18453276017.849068,504,209
24.401251753794007,30,102.14459972403847,0.038995774517065866,1.5882854808270666,2.2366159176721783,0.0001759496920973828,497,228
5.801468780065511,23,65.09861275337077,0.021996226698261942,3.7027291437266436,1.8100984274113183,6108970.104994481,472,197
144.54840315624546,26,93.80153910577809,0.03313136842327646,2.120245746854272,1.4866365387161575,600026381.4768003,489,230
80.61645365214079,25,148.17959610009257,0.004607977042285193,5.910753773302047,1.5595630500998248,25226.71045011691,508,212
112.9814431660019,22,86.27384161333015,0.027252310190408868,1.0717033713260506,0.7946831735432529,8068497.004145086,528,217
15.222615308929441,23,118.72059780662491,0.0661016252174649,5.072513460858608,0.4922963261059726,831333883.0720706,479,205
82.68226921542247,23,93.37192856330623,0.42589786495090637,7.095560316179696,0.42416266559837484,101902.0560351945,490,187
37.52723876024244,24,79.74747056777176,0.02655703233274641,4.897161060371572,1.2111716339241843,51272458.86174341,507,234
60.6020465331639,30,100.8289758577779,0.09106051699446154,8.77638870803336,4.368861524424315,0.01577820125079762,487,189
4.2919015303576815,21,92.15648763226548,0.10083634468225712,3.6628912577278347,3.48182453887062,30984778301.13262,494,197
46.916026948345376,16,112.59049197041097,0.11137929725677699,3.7952350488067865,3.3740161274232117,3400758.318819122,488,200
33.977987464545464,28,67.25402462170213,0.0429953365562168,2.7174251542558014,2.5284669833877533,560476.9330060369,508,201
0.36476807546528756,25,130.15860939673354,0.6500572678265926,2.0223628169491406,4.295318438915246,173848884523.5766,467,206
65.61583517623187,29,95.37146208920588,0.26426056551589644,4.844982665893236,0.4414994145297113,0.6848995922670317,475,229
6.898045516820726,30,94.37333565217794,0.7315919746571483,5.388301920866226,1.2274269082559575,39513955.734833,506,200
60.95316293652729,16,104.41734691200581,0.7149041569623527,9.68601207724189,2.2535806726151444,4777482.18179543,498,223
5.745821458806032,16,133.001485443049,0.4203083031103952,2.062076130203553,1.639028860626406,0.396380577718724,499,198
102.3360966593718,30,75.84401924522282,0.17506984880556622,4.034648272276537,1.4366383899870432,59229.785378285924,507,208
249.0810732188678,24,97.4968130762498,0.6390677883821315,8.656757180073658,0.4505093638237473,1260436.4112594095,515,217
105.43627606283192,37,108.25898304977493,0.38113274428802474,1.616753120329808,1.180613474401013,0.0022410878424577144,471,190
9.941678965875225,27,113.34837743774055,0.22215671642773596,6.959297022309629,2.2602665827062474,113290.04121394028,521,218
102.84877998397175,29,115.57836149908448,0.09299713364654692,8.627668371476453,1.9281396784622962,3478.196457250872,472,245
156.27708613501838,28,102.3787788987253,0.09368342993831935,5.052179319874678,1.0364689344215585,1708.4633725600631,481,230
25.977871427570008,27,71.8124530395501,0.5512779307415336,12.023045617771285,1.5610140363475111,902301.0173025772,501,226
18.630359762478726,26,50.6465688777276,0.009127708227053846,4.921211909848512,0.7123034341253444,9658.357769811602,501,226
50.51079710728832,36,77.63965461313057,0.10140135734895038,2.023553093769101,3.738362502433524,3356065722.1581655,491,191
274.1702159972506,30,75.15954367126626,0.1616190771286408,4.246154213928651,1.0575320908874715,66393370.12611014,488,216
31.620924507900188,18,115.1702810671994,0.16200914890111084,5.342496848000682,0.9208850725034694,621508.7932378793,485,212
14.79091633567084,28,71.26657297032341,0.21188592702910367,5.445212434480693,4.1261627508559195,0.22348023188938212,493,223
518.8161145673806,23,96.9510762524866,0.14846185271999282,3.2333200680423153,0.7864244758334165,21.367471425121444,509,222
125.67561024532037,28,111.30950085539777,0.038355366973673026,5.065987827947829,0.5712436394181559,0.6996286724421898,474,222
120.60727112811863,32,91.04247428957353,0.13672091347674717,4.566989781458732,3.7440366288516476,15441.62115049596,512,202
94.48875972973383,23,86.25316120329171,0.6086441233040986,5.322537266581983,1.0214960817492011,36032.67303170364,494,211
86.517013763609,35,92.33654514300669,0.39941292356428665,4.135937635486505,3.5345563439043044,327192.77919828286,508,228
139.62561324260483,27,102.01642108117159,0.12656168976168025,5.1279801075554685,2.0773158795666666,4479.809353063427,520,235
103.24438137755124,27,102.92240594370922,0.008497797406717104,6.422914622234081,1.4215774290447423,0.5158207753972237,518,233
232.6416635560501,22,85.73852614509627,0.35182878996440625,1.409886236372072,2.1850031150255096,52.56414360270474,500,219
8.304948564311875,36,100.38268076309183,0.7255339792251815,1.6055709733882475,0.4693098213417276,0.11165999528166874,528,223
64.88532909042168,22,104.71791944152123,0.027683829305205434,4.571415287190378,1.2185303574578363,10.513387280492037,501,213
46.50696187588437,26,135.70685989256745,0.012884626488774286,4.532357921412989,1.8830500580936842,33.4062313028767,495,211
40.46396763254311,19,71.35483660704693,0.47827389217551003,2.4474954696109994,2.356502865209263,31023.872121222223,486,216
191.1697751071026,19,50.73479792330063,0.3275937573877785,3.4507057134376096,0.3569090815433228,0.02578449551886793,497,199
36.272354187650805,28,75.44381980023505,0.033341236013480095,8.83659989102746,1.5113878911490195,5480.411439116365,491,198
33.845233075633715,22,87.09675241874972,0.007085552450208973,1.8632603415834395,1.3092037325173929,454.36428853842426,517,176
222.35194588530743,26,73.58141540244034,0.036081643529881836,10.367617396608832,1.0519128144499261,21718.6878169375,537,207
340.8712950025181,20,118.72150258875598,0.22894287829877527,14.558797950955228,2.5229002820384165,1108.9170586896344,489,214
194.28559353308367,30,76.05445668966996,0.3571706495023013,5.089272703376383,0.8617221758091028,9418637.570720756,509,222
3.3423939683219897,13,128.23610708203012,0.04197921152689484,4.643412550976152,5.863022927579135,2500540.215160605,494,202
117.71776561087815,26,114.06055802586135,0.029239445510839176,5.247207986824441,2.2750831437333745,0.02577945204230511,502,244
103.66258617584252,35,146.58277901691542,0.000595947307397445,2.44092305994365,1.740236581635507,4527560018643.417,493,200
13.834030875353406,33,102.75556248108141,0.07701435743759401,7.283648665522251,0.5207562510142916,132.30653538459464,513,193
162.01038988152914,27,140.55565695035176,0.05773199079873948,2.1701375386871953,1.3962948329113964,0.003770663366273537,479,201
273.8296072912002,21,100.18101766200796,0.002488784544754106,1.472302511866649,1.0887623740519545,222.68427324807283,500,193
316.0303765818194,28,99.512089667016,0.1094628832634981,1.0270310620506713,0.9002167284677278,20657229904.335556,512,207
12.638221090750596,26,75.22335197655889,0.03532249657534734,4.227232365119069,4.731614198274045,19452.926762380594,509,228
64.42462141542443,25,107.77125395942589,0.4445372469423488,10.4705272779606,0.9051627358226987,55.651042010946725,492,213
16.58737633666442,32,100.0409184203372,0.08998598999647112,6.94886857005431,1.6625385053488337,725760.9482889655,488,180
29.630788447181754,27,102.4946651024171,0.0071786806911225826,3.4671638522486172,2.7263189075821925,108318974.354364,488,246
70.73141360170756,26,119.19667770796431,0.006353294735492875,3.0197101975589966,1.309827405736305,182332.30192991352,493,243
50.964174269694325,27,93.86479485593644,0.5234274736405036,6.791894816072475,1.4915055873502332,7444986314.130998,502,237
179.2007356776439,23,95.38275191166257,0.28993458421326634,5.924550567015218,1.7836661053635714,83850.50231258091,505,197
130.7395805103311,22,60.16936937118309,0.24074932709893743,4.243629600541661,0.4407522529618104,84584.46841645965,466,209
35.67753094706625,22,64.7981152257347,0.6312773341019412,2.141204505738749,3.6317936413498164,0.0008297642834769252,471,232
109.38458171159834,28,95.4969166374811,0.023427061649812276,1.1420545897444143,1.3367706735306912,0.029134427090466253,503,223
285.43473406324233,23,94.71662568796752,0.031116169670269617,14.377297839236126,0.9154120645433506,611681.0130163056,488,228
2.0430509078419212,26,135.00203504354462,0.5720597444299306,6.703718959036251,2.207295328572052,0.0003884433630950485,498,195
129.07414188886693,21,38.99763059264443,0.27013692927843075,4.9031689136933565,4.943876316758369,926819750452.6285,490,230
124.17106329262693,15,88.89795387749848,0.16797404055053808,8.85631309269392,4.600025955033306,2955.35540302439,484,212
25.763047412519217,20,86.5335175104568,0.5546783572501763,2.3761996148918567,2.068877285719836,12.75319637222275,480,205
89.60065587285051,24,82.92195897785186,0.2531703245941578,3.702029909471999,2.1922168730207,4.203449047320371,487,203
35.1101811559597,25,140.3357192385289,0.1715685491570456,4.7936422852322265,4.690674200324339,7734138.539840328,514,227
10.032556362034192,37,86.77710739187046,0.006949760736292778,3.9626100663613273,0.666747471275731,37532819698159.83,490,207
27.855571287642807,25,88.60814084226377,0.13191548694298116,4.142171187308622,2.2626200611524885,1.4229498180951718,514,206
61.63722442512831,27,106.0512915759612,0.05009830412127789,3.1559987043468585,1.8651809199286171,7648.349425284563,515,213
32.09644486835199,24,128.95040945095695,0.17974530950976872,1.5620029519326997,2.896792443168217,1177345994034971.2,469,223
226.7950940691004,20,95.96391437853565,0.30584260501706656,0.9246300483190639,1.1557585012256075,2413.4776668242107,508,228
81.86278063646577,24,108.45571213125885,0.08916729868045524,2.207570325160326,0.4830039541455694,0.0014094930829388467,506,245
27.53628868347548,13,103.67185957490054,0.07724690633807559,5.067612986476982,1.8041570324218978,10537364877.826088,501,216
214.62354416473596,27,117.6776769567993,0.103394788627286,1.6797700892881648,2.8659923863880317,0.04738737167649995,486,213
18.04422634028864,31,116.20302999213365,0.8955989577702033,2.087633842331277,0.5053400099078954,1584407047.4045384,517,194
650.5813952856274,22,84.62301293760221,0.008677927762817447,2.362379878686405,0.2568973410017862,55.764629221022645,518,199
173.97966948744383,20,104.60461265457303,0.0037767543941703246,9.975660141657194,0.7483165109002702,216.78915193005548,516,240
130.73914017474954,27,99.71848929030409,0.07146592841521827,1.8148316990821942,0.9619398468700417,2022588755.1523168,506,225
2.4100525443901715,22,134.10598703244221,0.006000732405134523,6.4794956326248005,3.168060661537038,113.17705786984166,483,203
83.90968951936169,23,62.16026520577902,0.21221846072862158,4.144031658735361,1.1504177318991475,0.6484881888055087,507,211
69.26709052712862,35,76.40458540976634,0.17327323467571928,7.153982063725635,1.404060971832257,593.5445852930438,503,198
91.57753988297344,27,94.65808376614181,0.1848118725150522,5.262379231010116,3.7716038497428293,2077674536.867651,488,212
47.50251299069781,23,129.6396024085068,0.5707302977179682,1.4324354093070717,1.6676156898213177,2837803861.049352,481,186
9.139798223232024,26,110.51535344186533,0.16170368566585952,9.211176599313955,2.22958086210663,47980.13466912363,504,234
5.9456380654592484,25,90.24595986116506,0.024313158259354775,1.6704133192310178,0.4148240999273268,1.9024953078819652e+16,486,213
42.85910647676188,28,81.93169916564823,0.6467781664206371,3.9227957306900465,2.9509483839260993,11888.658504141855,503,215
24.21093460746019,24,57.09068684235685,0.131964598177602,4.133395107844429,0.3061615409470482,4817055661.076683,496,229
17.924575406245978,21,121.51365178816923,0.6679839941690554,7.007148774133221,3.206519493065651,16544892.658438079,474,225
215.45481396095454,32,93.48116520807733,0.011890354810245978,5.192515992665213,1.2962150476878112,609.5969468273935,500,227
106.52373284108742,27,69.63609512936088,0.09832803578586066,5.915178629678492,1.259139172194636,24669.45185565212,492,190
16.883437069531045,27,128.03221084733227,0.44753032292405276,8.074578410949714,1.7757746194001671,1261.6631051667205,497,222
4.390109868533632,25,70.43921343554722,0.029114118896927884,7.208455040397478,0.5823381942603749,118433.54765981095,518,225
8.921061605611044,21,122.74200481799622,0.5229154909326802,7.790838606521429,0.9200911205508561,11363.082881528537,517,195
97.21543412838855,30,137.16978140410026,0.3197925233706406,8.15915790894081,0.5484642872949002,2940878305.889742,503,237
17.075583277289955,27,89.60357452056445,0.00022121891683739295,2.7351322473087407,0.918180040094736,7.074833862179968,467,210
43.245201361662424,23,92.1951136064257,0.5111137869474857,3.621084739399125,0.8107016779563397,12335.93699540016,502,233
69.33222451174339,19,121.0166596971334,0.12372093787005971,5.753050719672752,4.824996982759788,105.14751341593026,503,175
76.11521509389969,23,105.0668118668442,0.10925046631385668,8.497462326123204,1.8358835254558035,2338820379520530.0,505,186
105.44300434645211,22,102.52139542579715,0.5752079058744274,5.409753238874382,0.4802881523884186,1072.754317236213,523,168
50.38040642461215,25,101.35353578335788,0.742637093603695,4.777153890513242,4.169872415753938,0.4735817481609095,491,245
166.04946258596408,16,109.02647323727535,0.4413042478839311,3.778621272857262,2.3136492801125064,11046612.815691942,474,220
29.802829783791534,24,115.2128174440404,0.4169409408634112,4.708672341595489,2.4172975100241847,118270226130.95566,494,199
372.8136372086574,29,109.1692352050015,0.1401938739807297,9.661544612941643,0.9745820470866305,0.00040991116422529455,488,211
2.21839926817965,19,79.01943092978676,0.031125442405258927,4.877133518701039,0.7576589080799814,9314312.614296515,551,184
121.51733911666985,23,99.47931607582738,0.0010973928352218485,2.9017095194468077,0.2984803412011893,156951526.32957187,520,190
207.6835122494503,22,111.92630234033317,0.5433163769270121,2.7578759946762084,2.3134309943537597,5277934.794356717,501,226
55.247300946713494,19,124.679297231422,0.16961611316931924,5.034970590483009,2.612910800402523,1.687280173905969,501,217
152.53975296155852,25,94.71459507196707,0.000401435629913097,9.316206116526253,0.8933902295083043,61144044756.37716,495,239
22.375821044785408,28,95.74663618140565,0.040614638870770325,2.1518812480164207,3.3569302999132953,0.2598017487047367,492,215
98.38087981555864,18,94.1953946891162,0.009154666554692908,3.754996941593535,0.9310389880680372,305743.8081228203,513,234
49.65989838693374,33,100.80122726176168,0.06005637133098914,4.29428276055984,0.5861670949190849,2223.2153336234896,506,189
94.58297903273913,21,94.34196996841389,0.011951170954229961,3.442543338962074,3.773627208161181,354662.913996868,542,221
110.82303187063363,29,109.2750491395665,0.22347686350015697,1.603823355731908,5.109776112237513,207.09008292011524,493,208
65.79235811666697,23,105.754630353652,0.12438977010625928,1.8202547830185587,1.9377669437089193,45419937230.71199,507,214
26.51131047466489,30,115.33715146657227,0.33190955624162144,3.116641127506407,1.4659933970821046,8267116311.232819,494,206
58.483078953436504,33,58.78993874739923,0.30016511591410316,2.723686696317634,2.7110153913009167,28353578089.168346,469,218
1.5357387969044418,22,111.59767179395735,0.48119485971863213,4.483176252850981,1.8080392709569175,1207048310552.962,457,190
58.09053488632334,23,73.1993825854278,0.13273002598123457,12.739007584983833,1.542600044675333,1444.1633204325742,480,242
126.51189131997647,21,99.1427217244233,0.0897914098355329,6.331322622099909,3.193586462267432,10177074.808400141,492,232
58.36646687036353,21,90.288669332202,0.21774917322040252,4.04933727902167,3.5044518486796368,35993.25184175179,517,245
34.60621297602221,22,115.89261844737077,0.09274514708033303,6.025116269724291,2.2930732816264845,877981125609.2534,501,216
51.95383939090819,25,106.48843565586925,0.5642608083676084,9.856589235911436,1.7939438180120737,266.8033496762882,500,212
124.0006690239755,25,119.47575277345497,0.04221159416114189,8.132824203097387,0.6253179381985117,0.06433338705795175,497,232
285.1078887996456,21,87.62871608763702,0.022209857265094748,15.954435973633148,2.348055704603471,56265.28140353089,477,245
246.57756569668817,21,114.57780406973984,0.09808081958130171,5.23665930760114,0.5177544898916623,179698.39964010243,498,207
514.6552713912442,30,99.30726873446484,0.3854388575298167,2.808570348592852,2.0535311200272606,3726.0152352234445,506,181
85.25115669222015,18,103.31134144318443,0.008401909291487515,2.410913652587085,1.3462444812166636,16277914.574338969,490,206
111.09902098335806,18,83.55553088135227,0.06709285772331827,3.0383741812078418,1.4928110492650084,11.568378894717782,507,204
210.17862632795726,27,111.4551526715674,0.01372651518994299,8.170080838557737,2.3707995406140725,53.7314334130732,493,228
340.0396108615073,14,68.231612782443,0.6089595729915585,3.0417549887353057,1.6759182293111596,50.782340180983354,498,223
95.53662398266638,19,92.06429645525948,0.07274966606499138,0.3594326196305077,2.6297687169787367,1665910728806111.5,499,202
237.19841598241507,14,128.498225810729,0.05117537801684594,2.583579680411308,3.1423673045028124,3.8415903974368675,490,187
307.21481983595595,26,110.41842235063471,0.8652168071841925,1.678824710227043,0.6713573278985805,735646.763255329,489,208
22.08416605131685,19,129.11429230359016,0.18658894656577138,3.663814217565332,1.8815617292106823,0.011751214168312209,461,221
13.51236699546475,21,98.48357028010699,0.16914058521377043,1.502644473221072,1.4913329599399499,37677419.2513998,495,211
52.24168666021778,30,93.35701741475242,0.4827246891592855,2.204460043885942,2.555422335196566,25286.726773481932,501,199
12.23996463526546,23,108.03955864091893,0.6374122446092062,5.576859478674668,1.296998388904739,70.80647785294174,483,190
34.44919205901762,16,105.5556598145423,0.3634845876157194,3.692505273856806,6.055745569317135,17025102.250833157,488,235
32.17885667161947,30,122.22791958427288,0.01293734394086097,2.727392091553113,0.48900778855006083,119876749.6479183,504,243
165.975093604547,20,105.87279125427072,0.0034221329175651303,4.629281649162461,4.698606629276798,3.4686376723669685,523,235
38.08577381488925,21,83.49738125937976,0.06944862756868267,2.2123253039507738,4.030554727324554,6247311568.180416,476,191
23.238976747532057,22,112.8607434911692,3.280541032063452e-05,11.514365817236131,2.8925074958317882,23.21423370972801,483,231
105.5523470338052,27,111.1365549881143,0.018896123665755014,5.044648033022635,0.810182650165549,1018972.1054972961,501,214
33.756210454834594,25,101.53178202135034,0.01128306141759302,2.203675155752153,2.1113990523838173,198.5954573628589,498,230
17.975638066875266,24,80.63971764933954,0.5629569071082166,6.921557339128312,4.087566889746042,1013044.3120604106,512,232
200.7035829333602,28,105.76052392459876,0.46446041932656595,6.736767511986154,0.7824750828834396,2843031102.9266033,485,199
144.54796695339925,25,93.45505133689986,0.7098589362747482,1.2725776446878025,2.6436403066695497,251.39223631138108,489,211
2.3313470490339303,24,107.11354360578785,0.6081004341200615,2.4611886792897946,1.0335827794162171,220979.99731397216,514,235
23.164610966985734,24,121.68422755119039,0.4205170063573971,4.2920300499960256,0.6927331527358869,18926966.110894896,487,238
226.84407793288673,23,97.14922222630838,0.413366523307233,10.588293960117541,4.568463463502977,0.04109646323234316,471,198
262.18538720307987,29,73.5827788866508,0.023382784573505767,6.089815297526761,2.1768236284983002,8.0903247440584,506,257
42.511610122627296,22,85.48888458264136,0.003149263222677865,3.4153522349094385,3.893485741113619,0.26060383422403566,527,213
165.60207434190588,24,85.20824773633103,0.3838588310913258,5.371953409297895,1.3337932371903711,3868.284727748134,479,253
163.28063003308753,27,75.2855129161636,0.027278801153879886,5.618323658440102,1.3629994522696176,320.8312360793565,509,210
32.56956813931471,26,134.1358922571582,0.000978123663172097,5.270577205164784,2.1387078161913236,0.06431285272130453,529,219
182.1551591418062,24,81.03380499423622,0.16636214298308286,5.176737980363079,1.591436701455397,3007.4222727252636,529,200
42.444089926105136,25,115.9292241241362,0.4573764216014115,3.0792916586048324,1.3156022043600435,1412.2776689408634,493,198
163.13121788778056,20,100.70242055556356,0.049120871090162464,4.113476947853665,2.2084526123221795,0.04178821703163095,495,207
19.816351595774226,17,120.95648286290417,0.25964333678049867,8.552014649535815,2.2686631376077875,5919873.637215358,498,218
41.63271430058949,22,144.49806231863266,0.9333437875155927,10.965178763182408,1.4051964877572367,0.0003702804050246783,490,208
168.51286403259405,21,90.50836547270296,0.0005629367435197341,3.9428065586005174,0.9843984948327071,72406.85916071593,516,210
20.226638993257996,28,115.99431614530772,0.9018333059873103,4.850621847749035,1.7449579670424364,494.5379375781988,486,209
118.80296049029151,22,144.04914835903932,0.030167555923386182,4.490016013822761,3.8479239812456187,33369973278.819088,507,209
37.714546907383514,18,133.3122572301965,0.30665157842527097,1.682199905773387,2.0660623016438513,2.173096137009422,509,244
202.5888220414348,30,145.08212579231923,0.29262915655079574,4.631234810853024,0.789300219416103,25698944.51716709,489,241
169.91355288108468,38,91.77360780237206,0.3481325825095626,10.552586418890407,1.5320493893331215,1.8284912227322503,476,234
27.95603726113146,22,112.20613624486973,0.33109323218206616,12.213381868989993,2.0368794759406788,12634782.909275677,496,226
34.83742347062513,26,97.42660586135575,0.25191892654593484,4.901336557699816,1.7757002624296223,6860.205328799594,518,207
29.69180951345679,26,114.08471635474841,0.07504138790078048,4.13050125761045,2.7204785237198355,32829221765.667862,522,211
101.30644191557118,19,102.20466659692002,0.5169475985872797,3.908366401691117,1.769879508620613,3067.171182730026,519,217
110.10126137348466,15,134.94175381788543,0.006827905908096185,4.152433905915811,5.520599274284074,205826.02989643428,501,235
278.6559800061917,26,107.78575364756738,0.6163317539311675,10.146857631392844,2.6025440263169117,7061.492427202518,504,209
215.3416694095124,20,116.4124630242833,0.0186039176904214,1.204872982153846,0.9870511261814129,9180.704510325435,500,218
15.181396440682557,20,83.96733035431456,0.07719994956755216,4.4619122048329825,0.6570586883260464,7736.223590750528,491,225
375.6274152006041,16,110.13665171747097,0.7353288741621019,6.718052597161693,2.664921654010621,10031.686165496807,497,218
108.17907553679917,25,65.91886086561121,0.1360227710590084,6.282775142229204,1.1413140847508878,433536026625.15735,478,198
152.9523673572028,27,105.65784362579524,0.29023742781125195,4.779257840921245,2.9349215238555435,156.24645080530155,537,228
80.69887943132919,27,93.44892483560207,0.7370464085145848,3.6336015205575745,2.8955599264916065,98486228.05421485,499,211
36.855849804425816,23,141.6586216129345,0.09844066333463923,3.6530787795001887,1.6026349079007371,15484498192.537632,491,216
142.68657301733455,22,138.27739281457107,0.18830763556227967,8.003070914648639,1.1915570658759342,765469.1153959561,504,204
223.59944678013153,15,80.61894391247401,0.10579632859130159,9.538675813858719,1.11241831842511,4424018051.226184,487,238
35.915833125966884,28,82.57126358969644,0.2878471710885448,4.77604646558823,2.223857551111965,0.22165329092588895,496,216
50.753627328265694,28,89.2648758828351,0.02162610516170718,2.6070713183649046,0.9755618608539398,0.051557002379339446,497,231
86.61377403613703,22,85.48460753830591,0.2831344618127147,6.069026212583287,4.5221161831330745,486.81117005399324,515,203
9.669002314354104,16,108.24347660298257,0.02605650605395533,1.09851058389825,0.8533071132321418,0.031144425522887133,512,209
84.41329489790357,24,124.43762334603554,0.5052044746872447,8.046176279419955,1.0706537466316421,1607791.1534058794,481,213
47.12996330664481,28,149.0499990863968,0.2255245047661752,2.4256583002205887,3.6825926023214595,16877721.661067706,521,222
497.71238212215405,24,114.87774306399743,0.046671945136023976,3.576974664900665,3.1484240472376754,8250696.634892176,497,215
47.98077160395447,26,113.31158249236482,0.1258520835458717,5.054319676638786,2.3156142186352864,84222181700.42184,483,162
131.3250363300599,24,114.96514479450649,0.1381470213101735,3.759396586069888,2.0018572802737062,0.003128261802806193,538,220
169.03834594474912,20,99.05244315145511,0.34367119637853727,12.990522539293885,1.6393105549598286,0.29795649820427667,462,236
303.9099444105863,20,131.0843682168469,0.17359822890287382,7.567325540809974,1.1226458893551958,335.7607116045848,504,214
54.59534876858558,24,84.5795970673676,0.03528916296815137,2.413277933960918,3.470483136922918,173449.87652501155,506,238
105.0709453151097,22,64.45917420368849,0.3530310482889015,0.21704524340054884,0.26108565545735735,13661.796274805987,475,217
5.1012719535034465,28,80.40185111477743,0.13388123261151094,5.4434826661139954,1.9983186300144482,3624200.751514921,520,241
319.53887484023204,21,102.3778296406055,0.11619308687705678,0.888743415233223,3.373859959776857,337.0660505579648,482,254
118.42224809101776,31,81.08143378205797,0.07857980247841297,1.963441058782085,3.2350878964077996,7932.439617168711,503,240
18.841865453525592,18,97.35985435399294,0.2781857978187901,1.4339061374959627,0.9793291126801975,82399.10340851078,499,219
99.2790673936694,23,99.54611796928164,0.049342644960346384,4.1033865785717,2.001616019714054,2233262.757776327,479,223
41.07156366213331,34,99.97591968082504,0.14841795785903714,1.2978020119955818,1.8155755985713362,0.00011501492445507061,475,217
87.76525864483487,30,93.05326298907092,0.7907024488526492,2.718831777006189,2.5711663502941993,560491.8795028375,494,208
15.981817581597504,32,63.289490956036175,0.8883931623516327,7.009171243123582,1.9651434145590396,68976039.77495137,490,203
28.02025889354067,19,80.82372754416863,0.00914220127793332,3.2188308572047855,0.6418801582179123,6530.121822034619,503,201
203.9030416823593,28,126.87591897668815,0.8653507574168121,2.0056214920694253,2.1346491050012513,0.012672842237411878,532,235
48.96305518461558,21,143.8342215164502,0.05716211159012275,5.8831202114725585,4.872697481706763,3560.3050372613975,470,225
41.708864662783014,25,98.42443819651547,0.07165051494269845,2.5448927540214643,1.851794119294975,81139673824.70175,534,197
10.943329580728946,23,86.65998772829691,0.4990289893050271,3.27416785328305,1.9307951754704364,0.5446481907232449,489,227
144.97384791870144,27,77.867425015609,0.9346649990714168,2.7821052797423342,2.0504554930640246,2.2127447931207227e-06,512,200
75.01795207195846,21,105.93378275637396,0.28618097185344415,4.139998191845833,1.7253471767930377,38521371.665217236,491,207
403.55447432493435,32,88.20165124965625,0.03101921302054436,6.441462753332614,1.5491544147920844,0.14477388016898246,506,153
18.846134637744687,22,93.81609952625593,0.027277582916466862,9.391213266897154,0.6187986170205527,202.42994300036523,498,175
123.07731891079479,24,101.60585497491276,0.2706644085558169,5.765668800548208,1.950741405667895,98990884.6686428,501,235
188.2688497169275,27,87.46514105877291,0.7251386118277139,7.853484764944639,1.599031588834387,9979.968062435266,499,248
9.24422951424341,29,117.69267689382463,0.28066580734553803,3.5277799663693505,1.5963153096892577,17659535.092743773,503,204
334.6729274709188,13,110.89812376192155,0.0017246648442838057,1.7417135753470787,0.7481447240308465,0.003025506016418446,504,242
106.29251451065566,15,86.41380370617217,0.0005499547177149536,9.2222721285759,1.578431201179503,9.577822355816423,522,219
370.23212596413487,17,117.27015195425238,0.11876617669966252,8.162250479535603,1.5406823557107812,497130190.97963154,506,233
114.94754035876315,21,96.13363515526378,0.3055010745957456,3.0233422246478114,2.516029499219954,18834.878495034143,482,237
64.48987794713699,27,53.702722748602895,0.042672326205444644,5.182475737118011,1.6452369201714372,66514573.25687664,487,206
158.98208132459425,20,116.05176210934695,0.091034649367998,6.910557538906978,1.4999037935785806,0.787392889652184,496,213
71.08137083007358,28,109.92578493082593,0.11114092021073217,11.349404103987231,2.7188999641550344,168.13545702622622,497,219
395.5186133426944,33,62.10714248289972,0.006984175497946179,4.700610506540922,2.1908826719394465,24060.236376186276,477,215
269.3598027723988,32,98.69679003540685,0.09604640710937135,2.286451180010552,1.2268120545437562,14907195779.229359,521,206
81.98252662340748,21,136.95250188207694,0.006884830226106826,2.971949732659434,1.4647193881544645,0.002369875495094792,529,214
26.60916510537796,24,82.48426848593579,0.31186467090986036,10.178909767242923,1.2710895511937546,2284975.898196651,513,214
36.50563995646395,16,100.39657737102148,0.81651516620299,7.521130523731157,6.188050142005337,749.5644906325937,500,215
165.55252213469802,20,113.22957297897949,0.1584013102555347,6.092117101737048,3.4214839742146084,295737046633.2492,520,215
34.10272918066137,29,104.87085254664888,0.8403341319319845,2.8546997755331676,4.905788439058534,36467506.651533835,470,232
63.80765769387005,22,109.29612435874486,0.1273045637174874,2.843826430040425,0.5994974035912918,28.830289167429818,513,216
29.45854436167799,35,125.91611603943561,0.044114272276114,4.9391251786018815,0.26890294951327826,39.48608186236389,504,178
63.23627185125103,18,102.97478917726646,0.3334953028248167,3.2031062966053256,3.9157590208762434,26902.98405021189,505,227
44.9799564274463,27,147.16023737229244,0.15966746508326202,5.623579066905609,0.6963697710888416,0.0259836718439248,494,248
189.6066247894306,16,116.31085531184719,0.2138445865038321,7.51485099702588,0.3675693141934608,2.467927350158111,493,264
75.24021113871227,30,116.3346116397604,0.2157293828580784,0.5478288511629422,2.4854931281619623,40618.186520894196,491,216
3.854793005211763,28,96.59476129597567,0.051792159329039335,2.356172434382856,1.0953983602823494,9870897.067334574,496,213
12.80508957315284,31,140.95794916321796,0.06244950087015337,5.837633716382562,2.6394834735256874,6844433363.494378,500,229
391.6959346608231,30,109.14642698639554,0.3778109239242625,13.296737304930607,0.4837105340889902,5392703741.719038,491,206
8.544252031620255,28,115.79605802487163,0.10609431740880786,3.092832271271704,3.602023530635019,11245183.303150171,505,188
114.53060775295536,13,99.69944274196045,0.36756608673278035,2.666739640563486,3.8600268469511287,0.28473157822501705,510,202
47.406476914081196,25,105.46756923857153,0.09518519314234679,6.158652615351558,3.0764881850437433,4.0013493972346375,499,220
34.07150149302009,29,67.19372701920267,0.013093511538298162,2.605046732870778,0.8017797007094201,0.008074016311324305,477,212
32.732201542916684,27,63.36033580277135,0.25197982373582767,2.8717547350900476,0.8644523055385663,24.192884352851493,509,210
151.26697645881995,37,113.14345609207135,0.8518930144673693,2.220284768803871,2.638332520489627,15151910885.664604,526,218
22.51853893598987,18,87.51965124275183,0.4820935091358314,2.1384517519659885,3.8361908840728263,15654697.34805408,509,233
16.163759974446513,26,103.15980130957641,0.1890737389226263,5.020837807602504,3.2804125704775027,15058303.053548643,493,196
120.97077964641414,19,119.14619117226937,0.1591092643838966,12.003108601631354,1.1931825643366267,262.8604905764921,499,238
91.51876185234667,28,113.60625069246996,0.4649245676251959,5.911373060553983,0.8723556331671556,37886629268.74391,500,236
126.68201756763881,33,72.62114371056519,0.08928085313506288,3.2414534626468594,0.39658333099539317,24328294.88888761,523,247
146.39184861996335,22,87.4702794674982,0.7917101588745438,8.51399650834354,1.9431393249472555,36406121.36579227,507,226
109.10407643679731,22,105.41932757336325,0.5016167073357606,6.4743303768033424,3.150475741786976,0.8950526014678025,510,241
64.5351347980651,21,101.33976689862324,0.40752122145093705,1.3649873972663058,1.274362447954781,91280861.0343413,501,237
210.24093874412557,17,129.31977258080076,0.17030183616763253,0.6257955021830364,1.3904276025746836,0.11204019541184966,487,234
168.82016585481375,19,81.05843897291504,0.3516136421944897,0.8256436030851677,3.9357636435893735,0.014298983944905913,522,200
483.09349872585994,38,107.70397147387392,0.5493887502803708,2.493340360666363,0.9002812995212006,254768.82038845948,498,189
145.65525031660377,25,124.47362490546749,0.011882818267902093,2.9608090147649664,2.6748932427469874,0.11085720515176191,512,208
54.64958010534882,21,99.10641369636281,0.0597193468263302,3.1500514291591357,0.8448352556557839,31295573.22603341,518,202
28.027355549848,18,117.85392933945883,0.0958355497796477,3.007249041011466,1.696095976758794,498507.72353287414,497,213
53.150412179350226,21,77.69320885363454,0.09871524081105806,3.8492855845672027,1.5300620185263913,2718322687.4611073,488,215
181.58001773541977,20,128.98576270563473,0.40569273512508924,8.544505795865616,1.8693971452423934,692806796094.0289,480,231
27.183598475449088,19,118.00286013560174,0.32089306755991714,3.7690225364192496,0.6459498394335011,11120.483452172319,493,242
106.80267960516778,36,94.08182414125841,0.4243855844820801,4.741809610057034,1.8974560452117266,529519.7481783042,503,186
11.032955981947866,20,121.39763219313312,0.019239263165106785,3.2991660332308905,0.9950914778840327,9842.515555619586,498,219
17.714316966078478,33,113.1982985149574,0.44242810043571396,4.885447629614236,0.9832214869955072,9277167.06065012,498,188
88.89185291697702,26,106.4510609941183,0.7456853060575417,6.204618122537356,2.8902867257657934,187710578.334553,504,174
107.93164234430883,26,70.20367488415077,0.06536234766871127,6.366122664921213,3.584644109456019,0.14102332738847295,497,220
76.6565772745709,22,86.81623241477647,0.07290017718171588,7.583765395710491,0.40893747263518887,102.26546264241061,506,175
71.08014980776048,32,83.2399076383258,0.36866873719325993,2.6462427441189003,1.7953397110912899,2879116158676.9873,510,225
113.72093174586198,29,109.47179403845487,0.15186541717178315,5.226256334147379,0.7966119822787074,157.94342917182652,515,218
74.33004571186663,19,101.78133860487772,0.00047235232969810946,1.7615432919533345,5.194657165981217,47.54035985121231,484,210
10.266142930237683,26,81.19080501919382,0.3167845214715243,8.192219611473057,1.5025572403787195,3112.9561947959637,488,207
20.36810159897648,33,94.14943254531893,0.29901689932375425,1.6895722055485858,0.5258357972470883,0.27141160127969366,507,194
28.367449574369726,25,99.09720092959499,0.00017492293628164148,10.183559340381175,0.7964144297698583,135.52829029904942,499,199
9.111738047838708,30,96.43820824427839,0.08286177627301802,9.569704783065163,0.815640537400809,116.3036554514855,493,218
12.17104704438962,23,76.39254745597836,0.2223314913500308,3.0565851018595973,2.552680920785893,1.0755497473701796,507,205
141.00542481621198,22,140.10923441083727,0.09956266242958665,8.303582250251184,2.6975965513272477,44772.388088095795,494,220
55.19163925117632,19,127.2145917578266,0.7337225748372775,5.131701030034379,1.1538530324467025,101613.07379627218,480,211
5.413529554622063,17,90.79250181170437,0.05877354388806025,3.6592242250508553,1.5913291525003819,32170250017.206524,508,202
167.9531932599235,27,92.45859653941534,0.0009261460645844094,3.2458431787675757,1.801747806014253,47132.00587160056,499,200
39.04721998554839,28,83.8402308479407,0.033248828358954485,2.7873570922616806,3.5185538338944498,21883694.380911987,505,223
22.93441532007587,22,84.4016269627511,0.26398033318935216,2.8952973176612615,2.8536287521155552,4725834821.071802,511,211
172.69216717653154,20,89.7312477418077,0.008188613476210001,9.11125937615019,1.88277205453015,0.002731437680692072,475,231
11.195583550156348,22,87.77051789535537,0.6449116606037428,8.641060391954515,1.2292303622679743,1478.8711181904062,496,219
43.856910971475536,24,107.07997841344229,0.2585382405962582,6.461150514148713,1.2940057946451315,23948644515.360786,502,224
115.94004574131323,24,78.14682698977632,0.4649647029755272,13.972563057711334,0.606721374521743,52249.51897541898,507,190
5.372004593759014,23,96.31912931567418,0.39732305306270804,8.890695105212437,3.680413259349072,253373.52721692846,492,223
41.96614816570558,21,109.8043655669286,0.04324864602106568,8.164150826799933,1.0145430626105953,66541.87176911248,478,220
263.3700454462596,27,74.23725052170523,0.7146172323428247,3.0056591871015756,0.8202454809510539,118817.36057095253,479,225
172.62184374693263,24,130.20238900966592,0.050020875080202365,2.4582609911233457,5.324313587951324,167.49579646295604,505,217
97.78293625027116,29,100.12105128121479,0.04882177172269313,1.2680180615699608,3.756073797896138,3449.150755050894,508,234
44.856994655002275,20,90.8353737654682,0.4662081458391446,9.75094222255018,9.28009260454698,2549263.7935250374,465,226
75.85985238985612,24,98.6164565416066,0.5097314180880023,0.6323160951138805,2.7399159459424753,0.0014720833737327656,522,204
188.00753447939184,21,116.55060709518168,0.36553743743168454,11.644663529908074,2.0208552753624445,0.0006190270748431881,490,201
47.42240161602531,27,112.22540313538855,0.4141355182983803,8.29889875927861,1.5467132579804952,57209480.42096689,502,238
188.8219706338701,21,144.0102860668329,0.00045394080826026016,0.6839713835111872,2.2334484476437875,106426860864.35997,516,210
67.56607950523353,21,91.02913884069365,0.003814419618637184,2.5155358349764194,1.3336414937385166,5769.18101351106,506,197
3.9210073174946625,25,119.92704997623048,0.0007305564182974819,6.289790671709696,1.0327248712629777,2815805920.3504868,499,192
5.382861547490869,17,79.01625663687975,0.11023306215077755,3.213340213603164,2.5187304435580145,2.0142542126291647,508,194
99.80305414262365,28,75.67848871887878,0.1431900572935552,3.640408469658376,4.421321529902063,35988858319.51511,534,189
21.73645246747312,28,97.84523693172531,0.0007938037166852216,6.431415599344211,1.972864092076437,1176002.445746482,507,200
40.33705109480101,21,94.07012120809739,0.024683614056650573,1.2503414115295917,2.8126226027105616,1749353292.934405,505,209
39.56194938267487,29,99.5267435948846,0.002378317806169567,6.603038372597668,0.09994662184442267,1217331.83739984,496,232
59.86886508947311,30,108.06034833405707,3.32805768385057e-06,5.712750322495486,3.992116883388119,0.012842091007992868,486,238
5.077279936705177,29,97.0895795952249,0.28140600742358113,5.052455704241273,1.4452281847447355,2.895634965112229e-06,496,221
27.468724022913822,19,73.91085557634469,0.3823317650166087,3.971203089970813,1.5303346706132357,0.4404971307572415,494,216
117.54207113069388,31,110.18330241792228,0.07593681493459971,2.3667777372248766,0.7230376968982032,744941.4082186457,477,194
61.292817937012224,26,142.2125268088743,0.10226103226586264,6.587806768460425,0.6849819645942772,1397.6492404313526,533,218
65.58133859140314,18,90.17284356820971,0.13457694154067512,3.990572430272327,3.1529820026705253,125718556555.24974,535,175
6.650271891632658,25,137.75332884469879,0.37164435423548603,6.473413241233782,1.1747909640163139,888.2120314473533,497,221
1.61720568243442,25,79.04398178477139,0.03515325727206764,1.4492478972581757,2.404586310633548,93251193016.2198,500,209
212.11299983429393,20,117.19275768101363,0.27583128837256465,8.062247011149884,0.6258724098335127,1177.955079602062,496,244
204.73575169820984,21,101.33059241862072,0.40217205444447657,4.531218952453723,1.2138158288644938,0.32984007849014696,504,178
44.40117013244926,25,65.83064817426738,0.00026099025344775953,10.028233193091047,1.6813472718874072,23197887.57088787,538,231
232.34740177161174,22,110.63461621847543,0.28404714969995454,3.2989683385058433,4.6876999161029875,1064461848634.043,495,217
14.586657188636561,25,69.69076713213747,0.4911525801669481,8.872503266033622,3.1616391229162915,3.970993308797492,488,210
53.63690141669256,20,88.8038966307879,0.08037040425989171,0.7950340143183386,1.7389705449153903,14.537082813643714,498,206
74.13255825447264,18,98.89982397146187,0.18134490090940775,7.436788089939235,1.3982094933253095,268067013357.41898,507,198
60.36679475941757,34,105.43389030246311,0.09143160521405788,5.43555279286589,0.20043066919978142,38593.13502882697,517,211
107.84197290006938,24,78.87746250651905,0.0275621104489985,6.451458517749833,1.6785433984501967,25522635014.71258,474,209
45.15194681415113,29,107.80119459858727,0.051615930181896155,6.0492042368200805,2.0380712344588545,19.932322188263868,484,207
46.956699221457605,30,89.28859524795276,0.4710260009921747,2.070987631815592,1.4667513793595601,4.8860397766427,503,202
13.819816050637474,24,95.56444084053017,0.01819045054543377,7.118537879956423,2.831205691877958,14830.406631130358,456,179
98.36974234495514,21,115.6356135726495,0.32426579694173113,2.8228539945124687,3.174380768447454,255900.4095355228,483,223
13.65808224957455,17,74.72117976378101,0.16114220472080523,5.028579861032318,1.3364289943579204,755363402583981.8,491,209
29.956755729263936,20,83.47226304077208,0.6522324823891487,5.0487561790691915,0.39127521727663217,91.1137989644582,496,229
90.42131751836965,20,45.344378072845124,0.37874705799679054,2.980649873897948,2.4197722792159166,0.1982491431000377,462,217
6.822392086160056,21,99.26912045895335,0.06430672019180363,5.751253837459305,2.1960518879836277,9946357.556179326,500,216
19.458768254155842,17,126.97973753105242,0.12798834673693038,6.269544117295304,2.3215648050782423,18340454522.598732,505,249
264.9901732850269,20,127.69593256650994,0.010160330305594913,0.8411821614158177,1.07373752627369,183.87804468921286,515,219
3.836583454798012,27,89.38942853554076,0.00255665448212339,7.028841621166579,1.7236256303811064,279103762.39926386,497,224
177.80440939149827,24,119.84960845554642,0.3593111740049448,7.300683434395941,2.6640291804461165,21531053.511445835,500,232
44.292995606587965,28,104.59270220261489,0.12378662237891525,2.264485426441956,0.1415989790048916,652.8088227961917,467,235
36.84578059855994,26,89.35602178174611,0.2801478671847072,4.244669889000924,2.6200676725114014,45606.57627904007,525,236
23.463942446409288,28,97.1615704319124,0.013042754114446357,3.606819071360853,0.17953088027986533,1.5624976614854609,511,189
161.42728354031135,23,134.39687550610472,0.1469523623861505,11.692806683696299,0.32048282562723734,829030032.6972598,518,244
12.852776125750399,19,102.26094473192214,0.42241170406216516,5.537673191773431,2.4547302003947085,193.62360152939218,491,184
188.6219998744268,23,104.10621888928951,0.6366423210817233,1.833436185339159,0.18406424012388403,29032568.76528551,520,236
16.650274144986565,23,112.45771222565008,0.08861956031857444,11.617965727184206,0.3317196884163643,6487.380853060424,505,206
93.28708809330057,28,123.59007755118878,0.10047057367904015,1.8724682695901242,0.9572824985151209,55300647.49815347,484,219
59.99157092021565,29,97.58841877722243,0.0648786314517217,6.616781457175362,7.102803241104502,21.111712367152098,502,211
235.96816810470972,24,112.291792950928,0.46405668713260695,3.3182411034629937,3.764213781951937,59734602.78983821,511,192
254.33694313080753,24,93.65095226777024,0.061610314700683955,7.183644052334898,2.3774755431439747,0.0004486374136180775,518,229
96.35465774747038,20,102.83943976450502,0.03371215459574842,14.312687209490408,1.1506905927061546,0.4630436877128792,516,200
231.53221915458553,36,79.83086757475408,0.12479175903382797,2.9182108441764094,3.388256209583338,387607095410.15717,484,186
5.229605664983417,22,134.6302912905277,0.0019478426691321975,1.5385028904367193,1.4628373267464152,545312612.0846056,493,210
108.70944248627481,36,121.27129460249975,0.3864853770255417,6.673470272075031,2.26067318494796,143.62604008752922,515,212
15.278513151855622,31,106.58677636383398,0.22453584221460704,7.1177537975694625,1.7646920251222347,1867294.8070323505,505,231
16.913470908380628,28,103.53799549266417,0.01188272909180571,2.71896427235579,2.3388909010866867,153.81428675163446,493,213
296.68935981412574,28,110.97811485328181,0.10204970149664717,5.549188198592263,0.7402517954347769,0.5153326591087477,530,224
104.41844923466186,18,129.52893852854726,0.660674027626517,6.064011846183201,5.199058168662826,9595.969777859733,502,180
104.94523561258696,26,123.99405042444411,0.4924107097268582,2.2772514123538135,4.577578686306337,6.003042250457709e-07,497,206
222.76536246452804,24,99.42827551271334,0.5016628265570886,7.3963545277325204,2.808928336515932,247744809.75033766,491,230
123.51042737984632,22,106.92471438266276,0.5687331307235042,6.053375802884897,3.1331562893511364,6818114.266517317,505,207
39.20179026465371,18,111.31791670044623,0.20797638576261523,0.5752789138670678,1.4060004887199082,0.18752151606526446,500,244
7.082275596779754,26,84.7583641182685,0.9211348803005913,5.811055854144932,2.3397218437870024,116.88448414943188,496,225
259.45347722347833,16,80.08369774561112,0.056729985289784395,5.226691575123632,0.23810454129514835,257722.99259615218,515,195
255.65836890845955,25,51.605449346775345,0.695264221188875,5.155647968610951,0.7096385430053881,19556955.871266186,518,250
32.259303644249925,23,87.62538058952944,0.012323351627440665,1.331760641073423,0.8529778535492355,414214.06041844015,500,245
77.97623152774949,14,94.8871847921069,0.7999915738285113,2.181364350185347,1.5989522859010366,0.013409858374145673,493,217
22.437450190419177,27,89.23388654372351,0.03829268409323221,8.733927002828393,3.3237113457215997,5.636523884040012e-07,494,224
155.43201214706025,25,100.50845974175668,0.8844331226023491,4.707130087411012,3.2085906037563903,107437521.60503764,501,195
124.02463371130135,23,106.22221441385328,0.10506751415911766,7.064442813445855,1.6048179147443649,0.02453196154915253,507,201
215.78189184489688,17,117.04004919775119,0.37775893310976866,1.5922023680524968,1.5868819953719153,1897293.4832056994,496,236
8.388901960920805,24,87.04271698327435,0.002253204884180794,4.28165240333363,3.1242419982237233,1438.9994053608357,478,221
80.17408705561004,23,106.50402909362529,0.014534000944124239,4.844814007765478,0.504696029578645,92269.00902911152,491,200
147.5941408138071,23,133.7882112380425,0.24777262797938224,9.650937820181266,0.6491542818297159,10205290825519.857,471,195
122.36078210127637,25,96.54921722475207,0.11392300791657636,7.83867910383792,2.719808457376079,120955786561.14778,553,232
17.36830117839605,23,118.79755490980992,0.01308807417169871,4.696710871881531,2.2213447349513578,0.3275897304761306,495,231
213.98460618588513,24,87.99020613941492,0.32871748380048704,2.577355423232257,2.2874246824791507,3262085261.4100375,523,206
73.28850667260772,20,114.87128935153103,3.885013332366914e-05,13.653187679646841,3.5191679098965274,10557755.288702758,506,217
31.676534219462148,21,117.75905642631582,0.35745152825623616,2.6704960466852743,1.9646542026331963,97.18985292209446,509,207
235.09749609053844,24,91.54716302417941,0.3720263214032806,2.485159545177279,0.8145396563507673,100892009727.8447,500,227
26.52251701001238,16,118.70154099019203,0.018533998342456472,2.5599574806999077,0.03983191289886094,0.0017267474410847107,521,195
31.158152528511085,27,86.27542365591536,0.5467136261785484,11.025605650566176,1.1230993167543275,0.6786846356868595,522,226
7.78870070628911,23,80.99349122412961,0.8396248485929269,1.3316752071359244,2.129524586875206,5806483.660224704,488,195
16.770666906174444,20,108.1860171192485,8.031498846152912e-05,5.109802108562334,3.430628536710054,313.0129131103212,520,178
163.00527051393308,29,94.80971327975139,0.0001127953103827235,2.6034630341152227,4.050227832005432,11388464070903.326,516,225
234.19458555169786,20,106.36390541861267,0.0002803626595239798,10.381889638552359,1.5509943359139453,4351.379967855037,526,206
157.44958684914673,22,53.90809263819811,0.9616709858071484,7.655386148763605,2.90671219227848,2561.3708921238235,485,229
124.53004008490602,17,59.01208177757244,0.019649267238776438,1.8017934306124281,2.175628215444574,0.48626248718159865,519,235
55.733412554210794,18,126.56148077193785,0.05854457398113888,6.820011194128309,2.2171712915101716,482839903.2522329,506,196
9.028908826313895,17,138.1538988746672,0.012250985306720853,7.6612607631697855,1.58927464373969,61.41414719896917,491,225
83.64610391411954,25,95.7930635664906,0.6501162682914206,3.015920210884832,1.3932080809767138,227.7933699345087,486,189
140.20984706978658,21,55.770986329525805,0.5275501159595456,10.788429407503337,0.2946666970972955,35998.200729505545,479,243
91.14172301047626,22,92.70013621422464,0.01971027082799365,1.9986477624730181,3.1783160738847687,254.0252473811916,508,217
245.8066747609481,26,104.68385200268446,0.30966437552528586,4.822160968941082,3.101559914621659,84875.87175573279,478,217
87.74881433541921,24,140.15346163789405,0.30817833310882065,1.9821223024338694,4.536939615743207,446902032.8159363,505,216
167.86910809250054,22,139.14844801265576,0.570175275831491,1.207306259364848,6.01899324328167,93269453.70265295,490,216
52.60327906869166,25,103.27771202183469,0.33795692974803104,3.0954027673075895,3.070361625562594,631645060.6029989,491,201
177.6263130383661,19,113.53633158159934,0.11791215469401763,6.734422345159379,3.893407613195487,2231116445276.6074,517,223
43.33933640625431,26,88.29253777296746,0.00043207036749906124,4.861030946301748,3.622694101252126,216.68383136273096,518,201
62.891903748419374,22,98.34520668260188,0.16670846999321667,4.434814499654731,1.795168356987111,0.00814622142320743,460,205
145.73952344267101,25,138.7149585610853,0.30265043406684367,5.7517719639745,1.2393137460070522,1551.1739899582103,512,229
52.12874846979947,31,84.86226046344913,0.001602322983739655,2.6346030847554673,0.6265044519739073,13224435075.05562,485,212
81.67814118992094,18,81.00242302662203,0.49867651076789316,3.6340312504334817,2.895890852811773,0.052108486350953866,487,226
54.07327448173482,23,80.94688739934575,0.06804218174493437,6.648521062872923,1.6656549404266527,10422853.039940255,514,234
171.57555610431402,28,141.20542994912324,0.5077562771964514,6.598147006943455,1.6915189656205762,1627.5649198510428,510,206
19.102228437989723,26,103.49190197712733,0.47315611227339405,1.8370232616410276,0.3187287057059141,8165.592809203978,514,225
25.742166336803862,27,112.64533559295305,0.12735318881032623,7.001110372246761,0.5906896156918792,0.0036229109005937285,497,211
179.95453013904057,27,86.6574567722013,0.1107246772299034,2.270868074643931,2.2082521384927896,8666115681980538.0,503,190
169.22166021035204,26,63.75040318409637,0.15515528434650935,4.312755237882369,1.0747729001870345,1105749.0258009383,486,226
58.0061440304634,22,96.84767273927783,0.23918363846888083,7.647800315069093,1.1032066544000694,0.00013650594318372555,507,229
78.45914144948904,21,121.56958847902624,0.320376504264438,5.161485571227469,0.4523448930769588,121258669.97089943,514,220
135.70468109900546,22,85.62083652364267,0.0003383163851872692,1.4110717609035606,3.0439850848282486,0.052481062283412976,501,210
38.381882666427074,22,108.3158331683515,0.006883836483464895,11.695720486300537,1.7986190196857652,0.29442747973627464,522,218
179.649956307018,24,110.45359111782912,0.13539912025247586,1.5980127768298764,1.574055894106893,18216169.60395262,523,215
201.78777780588675,19,129.11999603350077,0.2304046216442915,0.8367842099785918,1.8460601939346426,1159160.9875372571,488,211
243.95432348305323,18,109.60853846984887,0.2269074682029796,5.6067632744020965,0.8097715409360402,0.00044823339962028644,507,213
119.62810880330417,26,91.21109226513742,0.02256089844196177,5.312318092544626,1.3879154566775402,2674721487.382516,476,207
85.78256400531437,20,111.25771312831552,0.6923134943676096,5.441554804296926,3.8396609093027476,416821905.3159172,462,191
3.404657002253835,30,107.3865097472423,0.551025705018727,1.2023690241098663,1.1400602461173126,6171096115403.858,495,214
177.06873270540703,24,104.18940245513063,0.4752621730496048,5.088726771332192,0.482534402136662,9662014710.73299,499,231
8.640456630741408,16,99.69256937481335,0.00022600402778371245,1.740901071944441,1.4971990315621937,52.31929943389757,533,201
194.87020904362612,24,157.99734854793752,0.0005660523794596712,6.37315228849011,2.1559275212461704,54849082098.23403,524,204
91.54390864250381,25,74.77342127541198,0.21501779458052048,1.8365598133234222,0.6384251074518796,485781.1791989195,518,244
162.65595165720842,21,100.05421119945696,0.624761209674404,13.446890626750983,3.1216939341629133,1003223195488.2137,497,234
184.08191367458775,24,111.98132283482512,0.5875621607811911,9.512734685248063,1.711688375326442,551054375.8879578,475,233
15.362800829214823,19,93.6541346448879,0.552757653658408,3.5534210960940893,2.222856509649206,144532.19616345657,515,215
13.720056210315173,26,120.55203319340812,0.7439045788417125,9.410489126177733,1.9353431789416042,0.9481216469094358,466,198
89.45914164035733,28,112.86696523145915,0.012583107117298186,2.3740672389642508,0.49938754615045683,2716463.537771032,470,210
188.04690525495081,26,103.64252649511553,0.6242676825418508,16.273324767218927,1.2121884681178976,0.3932314953096223,493,231
79.24647942338518,28,106.88713435278542,0.1878009616483165,0.8458705649501903,1.9515689497713138,4408.456085814685,481,229
242.77992699044884,24,59.919825763159,0.5035100638953407,0.7517735937262435,5.5470401851764395,21796.820797032222,491,212
76.9175633975363,25,112.57749609212193,0.3213119344914999,2.653389175946013,1.153277690891332,18137.296453763713,501,220
21.43403424671091,18,105.43632118941329,0.6806888691812479,16.047807662085557,1.2953936021821315,25284252112.956234,488,221
29.37214579382465,28,127.79341573005286,0.5099625249473017,10.42462941149232,1.845569579918511,17462540901.61748,485,199
71.8944156935063,22,86.4669339578424,0.0038832139501840893,10.381417891471362,1.2846090066697506,3575337.573471784,483,227
88.10402532606834,24,117.00830964650333,0.02913822359214459,4.967849680222512,1.988496626463168,160900.84082876644,504,210
87.82948425571774,16,110.30750240865491,0.4495141900353534,12.4936087599211,6.492332487869219,2864845238.3393183,477,231
99.48983728727306,34,115.57885473596714,0.0010700790492130271,5.646876011485591,4.277843391030837,7560.948951862844,498,213
189.2563296521754,21,88.72716727363813,0.6649348711437819,4.6970133317684395,1.1089014395974894,54679906.95050319,484,204
91.75907008846558,17,104.28907733170945,0.42122286963316263,7.5378518485272075,0.5796092565421065,1.7468884977065813,496,228
60.69621518376432,23,103.74214046058931,0.004677677640338315,1.5644783887526323,0.8276053000531133,119.65667941428195,495,206
12.23605762744064,21,92.34712228324604,0.6131623499196832,2.5339243269067446,1.8886513051417324,2021.0609320387573,487,207
29.270648122629133,21,96.00626476809896,0.004175015597743946,4.572310577200844,1.1816544216971778,314744616684.1936,481,223
927.3495328529318,24,97.70962693289445,0.5509302998955181,5.4053292111914155,2.2328540322043455,2001.458111486944,513,205
11.78463645249864,23,113.82257244809941,0.10257543888475266,8.626102922036104,0.5796682229817267,135388.56421759666,502,234
3.0752778019300555,31,95.302720640296,0.07739031008439205,5.925047856925222,1.150133448034903,1161.8844909584761,522,200
4.1896176020142875,18,58.546544965009105,0.21893966385950897,3.106420091214535,1.464661561402021,5.537326054907578,483,202
10.146196322017268,12,100.52483244654363,0.16623447705360084,2.3536134021402115,2.7183316461582225,252379.19908887093,507,230
87.79615950908723,31,101.14871606236419,0.32475327476818383,4.999733117655253,2.8314312801154213,1807.6381885166995,502,198
15.286972947184996,26,117.62373906052852,0.43028964604122977,9.58966927149569,0.8831143791929451,6733.374776405979,507,178
28.906014564871256,30,101.39647654737772,0.14518086510403186,0.9347983538052433,5.448122761049015,0.2889273042762561,510,236
306.69194634963696,32,107.33432939352662,0.22887976769503657,5.574267392729989,4.836089733193883,15966844.602117827,513,202
9.26609649224984,25,93.00728147269744,0.09307434627955555,3.944018622338321,2.8967549632580982,43249641829.621216,499,203
138.89780407652938,22,89.84153145268095,0.5505642966062818,8.180504320345705,0.7876339618364372,2385943862.3821163,484,196
6.823177071280623,23,72.53068150927086,0.21664472392919804,5.2826262728751425,1.5557360939496705,118854.69634668482,515,212
7.180763642403373,29,83.23955735110559,0.6173934360025919,2.4273533017490396,1.6964621727155442,4230444761.6631875,485,218
8.084651255396425,25,91.43265112271632,0.26609765159655413,1.7556735654192408,4.265006196975331,5960.039242821637,475,226
28.834408905423352,25,123.07070286818615,0.37558011439401007,7.1605889284089095,1.6266289134025598,35341.53991586288,485,220
14.510433374976472,27,151.007489441189,0.5781502326263069,2.1363520641637193,0.8811904568299602,275437.57112426683,488,208
70.51306045089731,23,93.52855507575143,0.050365697103040785,2.4862740201309808,2.6128858196667393,1257240.3020190976,509,236
34.509224791671365,27,140.99917783606776,0.2437235681691099,5.033609451172069,4.219644097588873,4.884424106661244e-05,492,234
103.74039769406325,14,84.82073762470728,0.32148177278404766,7.801257974959928,0.7789712786174602,63761.530526661845,488,257
62.430646784654655,23,149.41321132373002,0.015132002894284683,6.011944119438662,1.8166390234180296,9.33966936015338e-05,479,237
105.27213238778505,22,79.85067061980037,0.5437007385206244,3.8935768926475482,4.232539735048357,55854250.151895806,498,208
91.86740969410722,27,97.3329089327517,0.022975205193158942,3.455316146907784,3.2201178693713306,11704.956263767657,537,182
282.18715590147815,27,100.1125976501974,0.23497675058247924,5.213602436507223,1.0035373555726521,4552729.676861197,509,256
34.332547675688524,29,116.46727797896267,0.27356951242359345,0.44110333225795134,2.2994350512439605,210413.45817129273,508,229
54.6123787720399,21,87.11029140472549,0.6496111556744164,3.53179570883189,1.4787460288020866,1264.2068034329836,504,196
304.9749625035607,23,74.94978030730017,0.12398913371371198,6.762987486657709,1.419773661435478,9623373.552049635,489,215
425.7490548403612,18,104.97379049763039,0.005780247288910847,2.171425631868564,3.5382716606552944,1.0506936731804708,497,215
33.72848495844749,25,73.06208528520511,0.07339783927012418,3.485847183874315,3.5525735719286065,13192.155342922511,489,244
111.55764282479723,23,84.46276269026941,0.1071694869059167,5.898631230579132,1.2844192609346599,25385665998000.5,514,191
204.10758067254542,26,129.8901297386029,0.9206780189054711,3.7875642060734,0.9484331171770437,1075552.4804379703,481,196
4.1617721551060525,22,114.36027769000678,0.06922029385264516,4.863889707731435,2.9105450974797566,240921744.90151826,492,231
18.485971888425375,19,136.40829918131664,0.013227214328978013,5.80921921954847,1.943821008502422,36309838.50504235,493,225
94.5152322582659,23,98.32318118399702,0.5970918005118615,2.542840420751851,0.8234105559782937,15290.64617272693,494,190
59.96612317077824,16,81.46455707746972,0.25321309409553117,3.9097954296495114,6.844913872521105,8010273335.480307,489,209
106.68216675776003,23,109.23159931218618,0.006345405615178863,3.6345697114185165,1.4659479026710198,0.012125827837974864,510,201
37.508113465323504,20,78.03868643566705,0.03918780276254573,5.102753338559652,1.0941848970353045,2047679.4030304975,473,231
60.05459713705014,26,101.72395850914144,0.31685654193877094,5.4450565575933245,3.441591089591228,2254962780438.196,515,205
70.43961743104951,25,74.14983206259205,0.035099423251537365,8.165771501108255,0.999064168279819,1.6324986830285597,503,196
164.754435605803,26,124.2661393522265,0.010441115214735583,12.786603883008352,1.7996226821762882,211.65084504434947,500,187
76.25724579581333,21,91.99647169704312,0.3362422645640463,1.883576629413239,3.0569117514534234,128689588769.72818,512,232
3.78920995750844,26,139.09566925651353,0.0031803034338594672,4.951801423249158,1.2927594860067055,284294726963.4562,509,204
105.2725907591031,28,122.62797776376962,0.2171539993728067,3.93950936129695,0.6487012385586365,5422.623033348899,506,224
241.09512787495407,32,78.14200172931672,0.055845665760268795,7.059053524676604,1.2121452732455293,9457.811032771786,481,209
260.2256015133511,28,121.86823616029645,0.44773578169876593,1.1941988628043245,1.9103151029400183,159716796.50516495,505,241
45.24141034495556,31,134.00564245184268,0.1496600582032676,3.326345635172688,0.38522443948939844,0.6614144400071655,489,154
257.5602849386109,29,77.42855772132539,0.10012760985838066,17.917197334441973,1.5000792764983126,13.520094448198996,513,203
115.13251183705309,19,123.84182287487573,0.2392984432235171,5.466887092058121,3.4061610555849695,19928190187785.43,506,207
16.47491395352857,30,117.97553558614784,0.30580144594464187,3.7851423017962103,1.0266942500850171,16095.957358052545,480,188
1.0409486867080147,19,82.20584224500428,0.07451081001351632,10.065523285252446,2.8242032423857384,413463.98391386855,512,203
176.90572483995345,29,111.55717375364043,0.602860944289749,7.507309362445034,1.124446542028181,1.5788074395426062,470,227
88.18256554426912,27,129.5703607247534,0.00014646071285571698,18.05494694342216,1.8991798693136506,0.6755877187965968,493,195
74.87919685002717,26,99.30067576708325,0.24657948163399507,1.1633743045070337,4.5877967425493775,155123.83239260147,499,218
132.30135492853967,29,78.79197768993885,0.18838412592517922,4.456896881437632,2.7815936749930814,6.303907260545087,492,243
1.4890439355106164,20,119.08579881627642,0.1539674631780212,4.336249215702446,3.9653750398136363,20809.134324930492,471,227
88.27574714430679,18,95.29502024165787,0.7950482631143537,1.402011532408914,2.438319347316495,1431890104.1337302,494,228
118.63729234768697,27,80.16527516878133,0.8201449687640343,4.679748806310163,2.210664097966579,167108058.76320845,477,203
198.8573906518161,24,115.37834186361694,0.04820291990623479,2.874397235081488,3.453693305778832,1089975196.822445,510,211
74.56910121740286,28,124.21137365255905,0.1661279639523931,3.0501017326932236,3.5810317463634265,892710.4955990899,484,209
274.41060528235954,18,85.25454966958968,0.00582361642510823,4.021335542233063,1.8714094963476735,18440198.632833138,497,210
92.04507386365523,34,91.28619471633874,0.20304545987063932,4.081325157639185,0.06598864252806198,0.3864404397528598,509,206
110.61547339919451,21,94.93948788958421,0.21698985931378942,2.117481795182474,2.4238418930864802,11009.644640497823,504,192
62.18556847173057,23,53.45189208164682,0.04945856371053761,5.137907907039866,1.0437769575215026,7.07280991685312e-07,509,215
52.855413144844945,31,86.20011454937922,0.4444168925248099,5.7853779781905335,0.32590067500801395,31675.065866787856,486,234
69.37620198892272,16,132.35922659932493,0.0032936248980656967,8.128730383524918,4.501052382848057,3224.1484125009706,487,220
71.20680063216295,19,110.11738771010538,0.3791288654252011,3.903871099611959,0.4255070693030145,1470.4496262108426,494,226
39.291932291267756,20,117.52842228739169,0.24159592639758334,6.968746600393877,0.4134181417074167,7967088857647.342,499,185
51.11267019822964,18,97.6829763358313,0.15404970984064859,2.3542486677502352,1.4911622516557272,7337.434275060169,473,194
107.23320249945223,26,82.56620846576132,0.503348580599735,1.0256257462855807,0.6670788294055436,181268.94157578464,511,222
9.108032789478052,30,109.62258459147463,0.1151753467321635,9.506440153074786,1.4225540549402698,516346.09711198765,503,226
76.13043759875316,33,99.42482494092661,0.03426994795758426,6.200372148009181,1.86134037563541,197.32957256943882,507,215
46.006022604926535,24,100.1887817602164,0.6507695680558757,4.633210866903792,1.6054493880518015,3183316.6640513605,510,218
113.2636042874275,26,102.43108381998691,0.3450951647442162,4.367184583829843,0.800737180616634,118616.77574853906,522,195
184.0027629556906,25,111.69008852348745,0.3418403050719861,3.2267935339073186,1.5289051823685216,10813.866666079655,523,221
143.51288494577102,21,96.96578972419208,0.05322580447954478,3.4211105491158187,1.535558754795446,0.13126476016127664,531,200
12.38274226028834,28,101.6999966150353,0.43296148449566924,3.192602208460686,2.850885806750464,36073.00584243052,492,205
191.05320292977507,13,64.25346115196295,0.05597454316729103,5.014126268105544,0.19998139861556513,0.45743264343500367,490,214
169.92403555179536,23,74.73243032735536,0.08124247616759792,4.55786262957526,1.2645937323627996,3851.6697668429583,492,193
5.802578861731575,16,87.03014517570915,0.0862799353250722,2.9347724450071673,1.000557495104594,216.10761284623905,492,215
161.18397281324278,30,120.43015559392498,0.07648711146658438,3.659369734368791,3.1791123108176946,28809.016977080617,529,223
128.74511838632833,25,67.51383748792756,0.050084154894487025,3.8610631479456505,0.8132225603332426,533680933.81014526,483,202
15.721434016858439,21,129.31735535696706,0.6805793496201279,3.710995389703099,1.797026025304421,0.0703142740460537,513,202
178.53511408450677,22,127.9309574871243,0.0169156449182832,1.195039972396067,3.155294564311659,338.521434512237,506,184
99.37792879328076,28,84.31358227045828,0.4358199143268904,4.668083103795317,6.872504528220582,1888749.8466060858,506,222
32.67298085233788,22,87.01588978048332,0.0654846913862072,2.5103172497487716,2.9595072118492696,16121.764416704125,497,188
84.90615214835131,28,111.34410808800857,0.009118483521435307,7.967692090156676,3.731204844873295,95215452.17747353,520,196
2.062062739786335,20,97.92837522135291,0.9000270266162863,4.761200878428021,0.10669854324534045,1.0400250518323968,524,190
82.20431994922806,26,62.19189273776194,0.011453857195780884,4.320124623361136,1.2232524456552538,6863.98698170308,523,184
585.6515059093465,22,70.5251882800532,0.09029080154915069,4.42450073434246,1.6435247968499223,592108634627.7974,512,238
180.33261136636796,29,88.71455514991682,0.6422295248042101,5.085534336358732,2.38345247891304,5199282733523.614,488,182
182.91242089280107,25,56.26070405337265,0.04444728998309759,1.827405721596966,2.7629279792880226,52809.116688247224,528,215
147.6273268189624,20,93.12804580935799,0.024242203211632955,3.348047946298741,3.3748845665967386,0.04879212275206148,480,204
304.56003223231704,21,92.68111490939872,2.7821532443937133e-07,4.900044211699072,1.7830367984419937,2474440305.64556,533,198
22.67457540049487,27,98.19487409980981,0.6168583390529198,0.7283476766198654,2.671706330080196,27336525792.88194,500,212
431.21581977615807,27,86.38238138946963,0.3034739211055268,1.6569315899654675,6.318949218874199,0.21298693350326517,500,231
3.5503931864912186,27,108.7441993390501,0.37086721848225784,1.2241818636487103,0.6020027238975261,18.41165342022938,517,236
193.78577359387415,16,73.09580358845201,0.23064958559323737,2.0216999998546803,0.2960211747487744,0.007109436527844913,524,201
14.504298422743739,39,109.65210689224195,0.11356372122574034,13.017098410269293,1.2266073899803531,92733849331.66498,525,202
110.12766829494511,23,121.56935793795559,0.7077589161917688,11.727403848523926,2.789226749494212,3210.224904113073,485,212
29.35254592140879,29,68.43139048128191,0.012194439945923705,4.214450923718644,2.173882086395096,146.21238925216542,519,219
181.69784693467597,30,83.54463441247825,0.009266473449155892,3.435443386028922,1.1455818737677663,1024.6431927058215,479,188
17.168602146121675,23,78.7805967264998,0.3627781958003671,9.743801090255985,0.7633786791146627,0.00296748707241405,513,210
30.649667108495205,15,123.23371423525334,0.08860828640202399,2.9241718609873266,0.34617791577711476,41216.8097978137,498,222
19.684250931444964,25,131.68311747585642,0.7818897566077738,3.1093055852872085,2.70387700019203,0.10343432005673704,520,202
17.030328242694555,18,78.5868365725836,0.061701726804681487,4.824050616639963,1.2821525424414597,0.005456452592729227,501,192
14.454492427252458,25,92.59099876518536,0.0282657742202504,4.918846739128902,1.945152029475387,5037.0401215986085,520,222
68.1868116680171,21,91.99147765736953,0.05077397034139539,8.269514044812238,3.349756694693122,6692.409442906433,469,227
9.693625418995017,23,97.24655671682207,0.36666155495070873,4.917924160329013,2.951154427083493,925614310.2957911,491,218
101.90270761203935,26,90.57071847518462,0.22521227973372743,9.600816973883088,0.34000680048915805,1.6101229582842387,494,208
110.23635413634084,25,110.96878909761188,0.12021670409796008,4.900969318867879,0.5812620030772077,22.34996712533315,483,226
40.705348547441666,27,64.26922421647237,0.09508441968210073,4.504508235706823,2.577541487078149,273859.02470275667,514,196
5.959251855159261,22,99.69987292409184,0.35085189197760197,7.484608204083184,1.6148677385652723,108174.26559414549,512,233
83.03891871372704,25,136.70721704137162,0.15298360659486823,12.52736166425972,2.2314953453579123,139.2076819989786,502,202
60.93902329267906,23,102.99938175157716,0.06395595719272858,7.203377548050671,0.6654292252634316,43.830805473351894,503,224
5.155164019879797,26,84.91692206581351,0.304311637525473,3.9987645513203547,2.6422938029557805,3192289.8339458094,504,191
278.00118913101545,24,67.80151593911057,0.9277538429251857,7.082295990305491,0.3699422482154379,11252.47008557273,498,215
45.794541203465755,23,102.32633997763845,0.13531682515759827,2.358927409377004,1.7840140349226263,0.024032407093127497,478,208
64.00841488291648,25,100.66830014234942,0.1447588588372341,7.444406966589365,0.9254659959542166,62974.13672680406,506,213
38.34861406752667,17,123.09040529488598,0.03856225911097716,7.714254501024122,0.4300222518300522,7.101793001406915e-05,468,206
12.355653080305078,20,86.72217609440884,0.7509141484293135,11.216102498885677,2.791792906363802,160901.62551664098,496,198
88.5047237057222,19,117.38019108345284,0.10124048734068844,9.56771974130152,0.6572718270796856,5315.081974922557,500,220
131.8094988375953,21,103.68383209888958,0.12500848917216217,6.97549312776341,0.1414100648965976,1025716757777.3239,482,231
62.45229338868399,18,146.08041422753251,0.16579676452072248,1.9794205761096475,1.5639406829798488,0.021872969889351015,512,230
48.02744218559861,29,99.5699009562239,0.21374633666448362,2.7592294126454426,0.3239156526999072,1.0274627712405253,513,208
27.30389869290766,22,110.91952942225977,0.627872288836941,2.4749732706250085,0.2218198059555819,553.342287294471,496,226
242.0973363742844,18,106.48166498009621,0.5001868745435079,4.517792111559699,1.618472942898326,185121.25516597397,539,198
51.66899656266645,27,99.05506964864875,0.018470463839254662,5.195188001502543,1.1299964041210262,3.3229477464420065,478,234
89.85947039298685,16,74.34864667769416,0.2647330903479154,2.417809355062115,0.5789384675571939,22469879843.01706,486,207
133.20824424670235,27,85.02466571751492,0.0012446023767131277,9.971869812056218,1.638739795102426,4747423704.482001,499,227
157.67872865492393,18,90.33874302753293,0.03596734198723404,0.46244659208095057,0.8243974660265351,1380363582616.0696,471,211
123.45835174860424,25,100.99182248692466,3.8570758398310825e-05,3.342965460959311,1.5084587979025281,20307.911989752396,494,224
59.68164212162438,36,78.04389542367656,0.4010889231288349,3.613210257251913,2.2546913870510727,5689215557.423486,485,221
25.166571338893846,26,100.52309990510147,0.13916834682469814,7.4547951727042285,2.1044192567162217,0.08569730736240726,520,178
152.0514362568368,19,126.49498862661417,0.08905849624341909,4.6546360196174685,0.883357557720118,324332.63788427267,486,224
5.674340365412726,25,101.50671260663646,0.4949101733815095,1.5884678647872934,4.260968030065644,513.8660021972894,510,194
14.134662234139785,24,93.13863666831746,0.054424696358285334,4.422862051358325,2.8223326023304707,0.8239361422849296,471,221
13.918675883548953,26,95.80235531598858,0.1737943000217482,5.596548446753379,1.150924272820381,0.010779285220401422,512,177
1.3320523270860858,25,118.27623639845646,0.008091472472714247,0.7950205710842178,0.767543698494821,2542280.029646039,524,212
7.214304559894094,24,116.98670699526487,0.0001232047611690635,15.411433173261106,1.6534647758357301,1401760512.1664371,480,234
53.71695579181451,20,137.9986612581536,0.16251228061235462,5.364931620920456,1.1089892605425362,0.001692692686420589,497,200
188.6136420917017,25,82.90264726033166,0.13722281477361187,3.4306673407878745,4.17241985435623,1602260.2659930922,509,215
70.84114762532995,25,128.76803493151672,0.13427087299844406,2.5673725453254987,1.5824056660523294,1381783179988.8523,508,178
76.16217561602093,36,136.94867352217398,0.03820436971982937,1.5869025863661468,0.5129141037382121,10708169.6627726,494,223
82.55493443920683,29,134.82220271078174,0.014059648952161701,3.4886430904010015,1.4834844777123897,13.160532365121082,480,225
149.72806454595596,30,86.4395925225809,0.5144338350233973,1.8396890987750718,3.0392523401315525,498.9272200174209,530,237
86.52083307195497,27,109.11406755711243,0.003616466495374981,2.4690411654729885,0.9434947681153322,0.14938121108857763,508,226
223.0323714079576,18,82.22587353776106,0.005465384253358492,2.283286009397435,0.3380271747357179,35891575.78199451,480,207
34.454446147075494,24,91.95072424025409,0.09420442603158657,8.490730714181737,2.182492557607367,289808.2680331543,472,214
90.78107509264657,30,89.32216320597462,0.0027160272519741397,2.151695602395479,0.898246853422528,18.615232873996167,503,253
79.07278724181465,23,96.1868796672057,0.04817689405242539,10.785021971132235,2.1935504248704265,397886917.55211735,545,212
8.02664873886177,21,101.49910309600097,0.13828296270778748,11.124911483899272,4.2767072597818325,6648.884097229011,496,212
54.49550763963701,21,66.3623260619062,0.3878785965669489,7.963720558013211,1.9073685865664696,333775.3770922673,502,209
201.0076609572784,22,105.8017658544633,0.05531816171634289,4.2623244838279835,1.273203165503197,30.224437513875245,491,205
147.75548757039198,24,85.95509504548508,0.04729419632000265,2.163375660893771,2.5686667239069747,667.4041336194248,514,231
51.23097417438348,23,117.99474085151043,0.03926592180167083,1.6779066424623768,3.3342721445250643,1.9788825085396717,517,227
44.039591538266066,22,134.8345706106121,0.008522351404661585,7.081917685294783,2.78211478654119,1.4905617263818002e+16,490,214
113.31794782302906,24,113.10999942718819,0.026186740816162287,9.188891626347074,1.87389720193441,675.4207836061164,497,246
158.40009196855144,26,85.34699687315566,0.020341310052414976,4.474847744250905,0.46792989622229564,155846.97889459378,519,188
10.55730713221283,29,71.7049848090971,0.11736915165431,3.2768833295531556,1.588992704917469,1.897062843469185,492,220
79.71704957842024,15,73.71242820580471,0.0008833243693336712,3.0939288861966774,2.3260510693835874,1843.175328160359,507,214
55.54180877135659,22,98.03769452249142,0.025536584212976027,2.684362768107208,0.10661787601893984,4.916354686412002,485,192
95.51131738495627,32,72.40707225759138,0.012770707756433379,9.482175670417279,0.9961109689119796,1088539.9130333262,478,190
209.83719031575828,27,126.48165512890299,0.10716086690803275,10.804168523284872,2.856652624735789,6.647566291175803e-08,483,224
24.94576110461459,22,75.47939932761884,0.3418987711817214,9.596925859480113,4.710036632534337,1132.6979581907694,502,209
56.969903969180656,26,114.54789909899394,0.15659685186395841,6.68918933379592,0.8271593556289588,0.019466655165050133,502,230
291.62663257577964,22,86.97399210730387,0.005018567178719696,5.269845899538701,0.6413420958068388,4251317.81039857,503,185
229.31136553459214,24,120.52930856622349,0.6653281894344452,4.161079057107495,1.2995712385191358,42702.04681379123,476,192
53.42968700188072,24,105.21607160553336,0.049956258301127265,5.080226660898705,1.2712644315146888,8.07801808768505,519,194
334.38384611506734,25,117.21314582107485,0.8229034138984196,3.5510814450183155,0.516759142592482,4595.507454769959,505,222
52.80238391831686,27,70.01260714493081,0.45571773240007984,3.633226807979258,3.0542406212683466,16664.982275460163,511,253
40.595630292127595,20,110.30452278869063,0.6809661232339423,1.3819149735781004,4.185831402025488,10305542.059979074,514,205
16.903898171128734,23,106.3338306408154,0.23080002895538235,8.705159565642186,4.602520680397912,0.0008811423924995455,474,216
243.09772781433546,18,122.82854532973374,0.1396995046150018,0.9743296026755104,1.0850225008447398,2.486753409785097,493,211
45.62213983826053,28,108.38729730523197,0.5051921937320261,2.3155073811554314,2.3292185443347075,135394194594247.83,499,221
105.45856085299643,27,130.99383899027427,0.004430637965766304,8.240680757406727,5.082528129814586,0.00043852885091787277,485,235
176.91035386965333,24,78.06540472346941,0.026352018455546505,7.127392019736915,3.33936745757736,3826.0484084571062,495,234
143.07362810609584,21,129.690113003985,0.5615932609188653,2.218449990665704,0.7356119836486348,3574020364.6917057,508,227
145.89517022936667,24,91.38335289836708,0.0020083258830663336,2.7219835710218194,0.9244261648348266,21561.439352358902,477,197
30.810122014485813,21,88.84431115765649,0.35114392200338584,2.0375518242475006,0.41807768482056884,11657412.506340124,460,213
98.72051102757553,30,71.06392810998261,0.44746344508490543,2.487188543182426,1.8445176203628726,2.7525451096988966e-06,485,220
105.64203028194244,35,105.86255233583331,0.7101592760437136,4.745825429042462,1.8693237785368042,2.550340673099572,510,214
174.4972768584946,28,84.89387052981368,0.6452237271359322,10.867646481140158,2.428568313424097,9146491.257663472,489,212
165.11476900581215,15,100.41069687126833,0.006316241502427392,4.052822663769201,0.6685494741385258,3.015057102556261,512,181
190.3910367891933,28,125.48697032697663,0.19049223670764173,2.6323061267712706,0.6938305298336765,0.03325318137660933,474,194
124.60611562034573,31,78.1464060438522,0.1943150353125955,1.9603802305008338,3.052026439003448,64501.8305663083,515,214
50.86486888225944,22,93.36790004943533,0.10088611963564828,4.162106127863859,0.4340451025170336,0.013928140363088783,506,206
135.0105788287078,23,74.15651084198578,0.06139882791830849,4.171530869335666,4.434109480207581,5585.1376157420145,506,224
66.36871353470154,16,102.7693879849834,0.6462922994779112,5.338249135915023,1.9261160568360713,247291.118842108,504,194
55.07495999970092,20,117.3307605683847,0.42952201995685824,3.7950925705824603,1.9482856511754543,25496305.663952805,480,216
32.22819840567545,30,69.21872636991499,0.3129191133724789,1.817513879479839,0.8039876137092576,62.91431630400368,491,236
91.4940382820564,21,87.30862282657783,0.16212332955246087,3.27351637479519,4.29609412923173,15.989233717439745,520,236
132.69498514658463,24,120.99427124430534,0.0028957430101060992,11.754439339457827,0.8457719338888058,41558598.829313606,494,208
131.06487118661934,26,112.75628572352497,0.0003224351394833128,11.361666139074297,2.627285995814289,6547.545572267025,531,203
13.275262902643167,23,59.10690387774366,0.13416941303810515,3.6821139065554997,0.48322465464724573,265291.40060068254,485,205
48.739823944832764,22,92.85160672130068,0.09339737271771596,6.338056824137774,3.7716424373657884,38.703408878252894,515,225
114.62213392322921,25,103.71686888651334,0.062471067920828925,3.9300027418214007,1.9481553835662428,9.385183359427515,490,218
182.68224079647746,27,100.4925118172165,0.25703030593629334,2.0930170819728113,1.8086491392613144,1878585.405788086,530,237
236.50646139041558,23,91.12409401787153,0.007347496387211461,3.519084767403229,1.0724482265472912,1741.3580827871408,512,216
5.376206694758455,23,104.09757961860977,0.07204279000877922,1.871851584512034,1.0518806881115426,3247735363147424.5,514,209
19.132558075603054,20,67.47418301145512,0.020958607515861705,6.327833243475551,0.577512303193294,200159888.56169963,527,227
13.600408420461038,22,97.86901150292104,0.8724298926667671,4.369033037237561,3.784792804707767,7972838825.451237,512,221
250.35679093196578,39,111.04744321534059,0.14285694977275282,3.3374552553482895,0.9572251169258417,2775465609.78876,546,215
8.171332323041677,26,115.42373345722896,0.48677255493207955,9.86393168853127,0.6071354050864024,358309.6813261655,481,217
544.6653058399148,25,98.85915581749202,0.03169440716601385,6.361072164534235,1.095748248960057,276.78919204791805,535,216
54.39382573550441,18,99.05531730776669,0.570282410092282,2.7744281846769354,1.6161887502166958,42643.78292249546,495,192
110.0173768530428,25,109.51310426943436,0.6518396640484951,2.943689936045811,5.718280849044027,522081.4157604309,535,205
319.7110740427584,38,98.1958409685624,0.00895930900493241,6.863718448787969,1.3579501314012075,0.46081163445517975,450,226
61.15289568759275,29,107.9647721250699,0.2177779539965481,7.604614864168301,0.5640524347045136,41772441.05687658,482,217
100.75742888746562,21,114.35150934460042,0.03772905895209722,7.276566692996336,0.9401771718540183,6.099233526291425,487,220
360.06622685864113,19,103.24223350853069,0.015278445382955185,1.2087971043318404,0.377949673635463,29.816488395653735,487,191
157.46376293118593,25,92.80833943045911,0.0008071677041510633,4.300292624611254,1.4575929126423495,1792006563.9844418,509,192
70.40943409473567,28,78.39722190594186,0.666308470702995,4.200868124640157,2.107931783198524,18579779073.783947,484,203
57.94264203785684,20,142.95192002404502,0.04884870156507139,2.70028429887607,0.3636185266986275,3.917691123660599,498,222
24.884936520088083,20,102.20760090080293,0.023881471760622042,4.792448696408864,1.1557811720312456,8125.138544856931,503,221
35.86042293779489,23,137.96290067513456,0.0005285617837664045,10.850191384710467,2.216728195919222,75779423308606.08,484,206
20.946873337442597,32,87.23158761130315,0.3152934366709283,3.8819868832346827,2.527222998063065,39586381.29416552,482,211
237.48303180692426,29,100.476176354115,0.1834523743185253,3.3736027027898525,0.9457685338500643,36636078872.88335,472,211
400.71842298501895,23,87.19225793387415,0.2877007471787966,2.185769598100894,0.540920983748792,0.038228443150165124,468,212
54.757007661335,23,142.5557049070221,0.4671413661948501,4.620066172723919,1.2051074978971337,0.05535049744470124,484,177
23.941675557256435,26,68.19430945150829,0.18524890242608344,5.096753682119811,2.1165362507512677,178681.27330622342,537,189
96.53473982578863,23,107.34587475550143,0.3377592219530072,5.630919834336999,1.1098733758995503,55.29083123138645,517,170
69.40174761322575,17,61.464526872718885,0.033560530822119176,6.059874174216821,6.34402847963134,3.881576963195839e-09,512,211
121.07733511469642,22,96.46251549961768,0.38119118759460946,4.747626222853424,4.19619329039255,1522872417.1873205,520,203
105.53729896479392,24,137.300995070444,0.546626168743855,7.1248842770664895,1.5905367208173904,1787976.822713281,505,199
50.44429798248872,19,109.63663022123158,0.37713812862227114,1.3411633290781417,0.9663052965541823,1096810410582.2722,495,198
127.28028266646136,20,82.89846681260691,0.1987488690323925,1.1836698368658358,2.370278185909748,1.5579431251343852,498,209
115.48288654541021,27,91.16474262800932,0.6837153444761775,1.7818716468753089,1.1640231157118148,13536.446729780666,501,197
157.28742669464432,23,119.20348072109657,0.4451737025443913,1.9017463764106,0.18311861701135465,5.709703775412898,502,211
73.32324498572056,24,141.41982036502247,0.8073171622727846,7.987019297871824,1.6759063936757423,1334482.27427697,500,225
153.42295136409834,34,130.69243666676894,0.15401247881775945,5.651466304524975,1.4655005664638656,3069259.945631871,525,217
275.8865002552851,32,102.76311594919063,0.15073378081799993,5.185150459595278,3.3038766922750584,409.97986299650915,489,232
122.86558915885435,25,86.8744446365688,0.39339981531322027,3.118388330520262,1.0489355047620423,10633143857332.203,506,222
27.959571460689908,19,81.49515853362733,0.6178177662145679,2.3284835843011606,1.194689049211842,5.1602627691718184e+16,502,211
14.538966306197295,16,113.19087722487251,0.039868695163551744,8.180094914626205,0.34278932924964867,112775421.55192739,506,184
114.02861825637206,14,77.4168619429278,0.3490304161308699,2.366199545567251,0.6683299960129517,362460178.96614146,529,183
88.86477724249548,24,106.9675531468776,0.4351868431706977,2.002812584764769,1.262657359561321,0.9869579799749393,509,183
53.742560925096896,29,131.57297373366683,0.34473351812837416,3.5962273510145697,3.5162820734077234,0.00691000095866664,547,247
63.26881048301233,21,125.77625067718634,0.2876880955326137,3.8433876442435277,0.8027523272442049,2127826.08528242,483,218
161.12012140074447,25,110.65092216384701,0.11087388975708397,2.1381173115723535,1.312177687399803,0.001953636503664979,474,254
82.8115753871773,23,113.37053606961696,8.234387781804781e-07,6.55318235908538,0.600977956426295,8406556.936162474,505,217
171.3960912259734,37,115.48105319462515,0.02783525857501479,3.5248223548805537,3.3220614448192882,241576339.47942388,509,236
35.365202182635265,26,123.4738781964407,0.049776372791093815,8.587775519687478,2.4682074913406176,1292434.0328350062,522,215
251.22004151708333,31,78.61140211202388,0.45886171654092567,4.888931192221027,1.5097667512685395,7377084.75070267,497,212
28.332196691854598,27,146.91528953994504,0.5753054044061936,4.637837588485346,0.7011060393559356,48617417435.625694,487,217
88.49454336897118,16,103.70185801982025,0.5276467181091323,3.204417419241849,0.3213245046436108,1796.9004005200338,502,208
403.99785260651316,30,81.52663049542768,0.2733986178254644,8.081957311223121,3.172503098991872,0.0017813587200575412,488,249
185.2709090304956,28,141.21631809211937,0.2672734799659556,1.597384514604406,1.3385345763241747,0.0031676200999057663,492,192
209.26407935862306,28,94.90995879377736,0.68058798475539,6.2984936206780295,4.463213472152838,1154.0661051670697,502,194
12.65227749918607,24,65.37619734319483,0.007186556622974863,8.676130596180824,1.8607301671686132,0.01679332568037699,490,196
41.0702600486544,16,99.09389003152643,0.8169265442591681,6.521781868035531,3.086673414805255,6.735639929428113,507,214
61.25344319154503,31,96.3767341387291,0.0016472915088632674,3.1820898737147485,4.5873070029050975,201826187.7670564,463,244
44.66879618919694,19,71.01408597761223,0.04046661908883511,3.2657533185064973,2.490179539962682,24100658030753.99,487,242
22.638224928107995,31,88.81448490121696,0.4254165659011931,5.675654627974944,2.0607097599990327,0.549036576060358,491,219
179.669288159528,31,66.75294405877702,0.13923836858575234,9.246231524009003,3.783898573909765,70209827.13615598,469,235
189.4838513449955,22,94.10027769564618,0.03907961985649999,1.3534888016513245,2.866055565632405,5.78376761264102,497,205
11.69952206832149,31,105.21233529151912,0.000987082974422279,13.098642134792275,1.9331216890341978,0.5969752615695776,495,210
139.6144368429102,18,76.11938524057358,0.05405321183168697,3.2107784868776905,0.5593500517047089,498423.48670375324,498,224
168.68562440308264,22,119.5262314152582,0.17496573950818195,3.9896339061185038,0.3734070079194627,116086542.85627441,502,237
60.38879459249947,21,68.13259966075964,0.00916372480133204,3.6449930120259166,0.23109610648270829,213.79926365394283,482,201
76.56032916648884,25,92.06522900854908,0.23017329415427326,16.593934555547104,1.846897049698336,13304093435.934797,502,203
14.76267270405842,21,75.17275681891579,0.27610270638087975,2.891319028267176,2.285432229194312,813484487.1963723,506,190
94.5306405689542,31,123.9828502897427,0.2920861882152614,2.29272276553754,1.7442173005677528,61.29880394063247,507,238
97.21354741282201,28,124.21345346018393,0.869715855834518,2.6477213348062203,1.4871799570963944,0.6796867576043387,483,173
85.88989964685312,25,91.12353088050324,0.06313016862783358,1.4160048354410142,2.255195402269607,0.00014846123595249638,473,253
177.56531546952414,18,109.76168740707044,0.08644324383748082,3.438726140188385,1.86855746149822,50428.383171857764,501,214
42.294514835479966,23,103.14661333965779,0.5845004386951969,1.389500552581567,4.470630899928564,93.59951416567951,521,197
12.999854614170356,35,115.23357444624011,0.6567858408803633,9.388323560213463,3.5087321245734127,64607482065269.55,498,206
46.00817335878894,20,69.6436435436298,0.4838019956411924,1.429588844761669,0.9037261091666295,1407606134.8653066,495,232
190.26469945007204,20,116.20396534391782,0.00015142323551458353,4.745170511741846,3.53431673312389,1017.9199018244318,487,219
20.438980903088495,19,142.0725190367549,0.6877309457036653,4.7671962717311,1.1520591849271054,49814809.72460456,513,208
336.87741532452094,27,112.48771606618435,0.2588303851121547,2.3927657669840467,0.7933792311355905,0.00013004153873684033,510,217
2.214126702172066,25,105.46089724046911,0.3910842027690151,5.157696190474194,2.6171767940876234,51458778.74949736,498,206
42.85446387621848,21,124.01399446902182,0.04682326998120417,4.449798229674922,4.762753809426425,11311912.4643357,469,227
127.27186681910179,27,52.753274766417,0.1018914224338452,0.7969697324437348,1.7283776137636717,0.01170996055031606,472,213
41.888696034234684,22,101.80523565863157,0.04596853215928638,0.5059074660161194,0.6590073338473633,39295564750.4768,485,184
11.283215095081902,19,94.02128680863869,0.004457848850801406,1.103641461098067,3.3370418439598404,345660.8270053838,528,229
25.648106336226938,26,95.03112189794965,0.24990216490460154,6.08032960760096,1.74364171499903,446.02925630155704,486,207
61.456026819100565,29,94.98320650696083,0.1816143297256483,4.598170441384847,1.2019776110510243,1203856.3385372304,496,234
42.74014384092619,24,124.0080234897962,0.0032050547826775553,4.789023606374313,2.038258457649844,1903002.1058504323,492,235
30.606159664843396,21,117.63434835622384,0.06974035263959626,5.3640812381106215,1.0642212336432557,71685288916829.05,521,230
50.62253299538707,22,93.88130594144815,0.11660270391023356,3.559854321070299,5.7328287230119646,0.011241892945829139,516,215
82.44300027358882,21,121.81025060982714,0.48995677991139064,0.6388978698335398,0.775365735453219,0.3135305791144998,507,261
252.51138091615192,22,118.44212516914263,0.04684810263839803,1.8816214619719038,0.16187631830303903,4542.413921151105,515,207
19.168238898775986,19,82.96576333046595,0.6861401544969128,6.137332324637531,2.358745507083337,210762.42710419578,514,234
151.74545301955965,29,73.10249981989305,0.0008943324767843321,7.14502903227013,1.4112211753012296,48481.18167281079,494,219
75.19303686140333,28,86.21819331222063,0.8302071611457631,3.4617918116922084,0.5851845134507832,25805190539519.62,519,238
398.7298057065484,16,120.26700896795899,0.2472154013798818,4.702828815442668,2.0413984369056206,33257.33110396333,508,208
22.823139829949778,24,110.83831627728563,0.22225227888137586,6.062764912086728,3.9683131838920405,88.84782477198893,496,214
109.90149214772487,22,123.36079561057176,0.4205033778677362,1.8864777241653998,1.5360561221961444,441.05886962794136,506,221
7.065562365636634,25,99.1999647749644,0.07694060698073117,4.151829625378995,1.1833794403952278,31.021320976102295,479,229
74.03721768067193,21,63.720676427678185,0.17174218710959688,4.171913030027079,5.991036457407247,5.401976313273135e-06,497,219
222.0718391560537,28,106.29602666535158,0.43371673951850565,2.6960912204793983,3.5049144690211516,0.10214962720601327,504,235
17.816966713295777,24,115.68443689142012,0.09309869509300576,11.446235914211146,2.9104294697380118,476.02172147488005,489,212
217.4043533122612,18,106.02120973683296,0.7317444504823974,8.307533910364686,2.812814099635577,36.60389683586361,502,214
315.98068026426074,19,91.88510688416476,0.4510071906280552,3.5170796983528096,1.2241256899356583,954.3407690709345,517,223
363.7241245375945,22,99.4210154415545,0.08908979676602267,9.403364977793187,1.5494100505373356,873124811.0005122,471,214
132.4348536486086,28,63.09876428577654,0.007883595754383117,9.182816145271614,1.8300852153004525,31.401426275174398,508,223
397.31914002134374,22,104.29102810419651,0.17036388538383027,4.148003211818206,2.1965092063632223,77186380158.41968,545,225
34.36581701995418,21,112.55590509713608,0.019166802380330923,3.1953560408050112,4.289975809062874,9275.735442173627,505,220
289.8804660583379,24,108.72930032132024,0.00865908194455104,8.463801595004913,1.9223648032927803,0.06817928244470893,506,207
15.742827387490873,24,108.64208756649107,3.3999848030338075e-05,8.028061304708427,0.7645000033587032,64.35885795231754,501,235
6.117497833183579,24,84.23793233905567,0.917924398839801,11.42143115939937,2.200226644385133,2.2067319554521694,509,214
19.460200674457706,30,90.40018723694722,0.9591114137880298,2.714788021466188,4.329103773833406,2196851708.91592,490,238
30.269531139659474,18,79.2776076073137,0.00043898811974025863,4.6679717793394495,5.159058528378941,2066381106.4617157,503,233
51.099826464575116,11,75.73572653901552,0.3875182018886844,4.726289053379609,1.484005472124773,5308887.68186843,512,246
166.6070787147931,28,140.63927454272917,0.012556472740861335,3.356225109706723,0.8483802182023189,5875.456280961773,505,235
87.65046680822897,25,107.29080412932022,0.1826184598933264,1.692489268586665,1.5746110881140072,11219060.416756859,498,216
11.261649614197626,21,101.22361986921537,0.010202870397819768,3.7066423766073378,1.1203062170671303,3670.872639996772,501,203
150.46943926775458,21,135.93814272860965,0.00018982929700187728,10.65431048153372,0.27053417840328486,157641.02768652423,500,207
36.76226241453689,29,131.94933024288474,0.01774437376334054,1.5049675192892822,4.059975551688562,21606.41330053698,495,218
141.79450068669004,22,101.40895458938475,0.00043247684851297326,5.862332601779958,2.228866289954065,92249035765721.23,494,198
306.1576636508364,24,118.81751183110691,0.5138014604433707,3.442620201593439,0.776615082544761,9466.701094997597,512,225
2.2777255422411296,21,99.76734433211624,0.09754156329104578,5.053897092156595,2.0508696665198336,12326.527058090316,503,215
142.05343334910464,33,82.74118160525181,0.41390835878142357,0.5975694427362968,2.376256062853772,666.6550547677606,493,192
8.926667054437027,29,63.61524724910865,0.7837170972193783,3.613405825185935,1.3999570524517664,635.0642565581401,484,213
67.62682946658217,21,73.17874743046315,0.4199294794440563,5.34698967032552,1.6084651602485687,725327267.9654013,510,192
40.39366203370422,19,63.30196250593503,0.016953659296978518,6.2389329564635,2.2884858689710343,135.8255462109351,489,243
128.509760993867,31,129.49634930759586,0.19568552009776977,1.9297030925853567,1.2187187397355987,37899.764726954774,511,212
188.18445935558836,21,144.16041081879476,0.1634012347107482,6.9497882704552865,1.278478588968157,58248757.18463933,486,187
50.9094974102555,15,111.48666011322669,0.005753116305467908,5.573200856262968,1.8879738376668942,45116.807514191605,473,176
21.87991762652003,22,116.6170973266234,0.17671388192819584,1.5420100181557077,3.445092381632899,9.331196800670241,507,236
78.1290817724183,23,148.38751393767285,0.00624024552179852,4.284954741107869,1.5272796290104218,0.3213936181711127,485,252
484.39188005512506,26,94.77827301407278,0.39381493257187217,3.6626548300855695,1.3420464640021108,9270.440459131556,500,195
107.18662292874713,25,65.65624021548557,0.0002737037804435697,8.53511801353872,1.1811572736078275,7674609.898484688,485,205
100.09159916913801,24,112.82562447675063,0.014370646453937583,2.9604950173473945,1.551234068232814,417689.1525425556,492,231
50.426373947052916,19,103.81316166801354,0.1636269191012187,4.209469336922269,1.821392346780287,399.38602604895283,522,220
51.13935948285899,19,108.88015198798016,0.028699300266944446,3.9546831582363633,3.2258146777795,1180.4625882785876,506,219
14.936208996217124,24,86.14722646360379,0.011811608098525609,7.356956168984771,6.5287422646475735,5239.1599868598205,507,222
106.77766942901414,22,120.00456924863896,0.10559303156393508,4.195089970047295,2.2188699937167518,727.537891685929,500,206
100.96586979058478,15,81.85201759598094,0.34042574519227664,1.0619307344769005,1.0619109308335593,802777.3343150181,502,195
8.939519907796239,23,92.285005349334,0.07957856199915843,6.311268531412323,0.12640470720475716,113562608.6562317,509,209
48.00678902692511,24,91.73103116060302,0.29749609999279103,1.3203287092577134,3.882684427853612,122959069.90138255,510,242
72.1021880845663,27,126.10306605616415,0.1072758053182676,3.334100288516496,2.129911274111874,97692007319.46472,530,230
6.813743381984683,25,96.82584940347625,0.008071489379185679,1.4787828675577885,1.6613666445124036,9762.531109256486,528,234
138.51617023540982,25,96.16829254366813,0.5126435796219798,14.234233852278516,0.6737601018277893,1060.1419482334493,471,218
46.222364278913645,24,120.70036182359134,0.2963223211013612,3.1081728468209215,2.001035879821527,331291464.2170906,486,218
23.535817049384416,21,91.05717827399931,0.37008562139496415,6.858532200655546,3.368464294572351,0.009421784025330912,478,215
18.463640786206685,34,124.37380790124399,0.08746562806659086,8.773552656182687,4.7607684074403815,8164.197558028264,494,252
24.92213625659633,16,84.31237388126321,0.02337739256791807,7.0965897824590565,3.7598575559601795,86963470.95183057,491,211
115.69592169703505,20,112.71717291569043,0.8259189762498742,3.0057653151514607,4.456976174206661,7.95465152544311,518,226
77.50938785324914,32,101.58239477958537,0.14286697834358958,5.249806067684767,1.1112474284785179,1882.597157660965,505,215
69.2098181280272,21,95.15384306532039,4.175038328346487e-05,0.381333607793026,1.376437335852355,0.23496735164093613,500,196
146.51135847515846,24,116.12549846621712,0.11732373864844403,1.6642995828518334,3.0361215699743265,73405080.841673,491,197
145.0135986720398,22,95.85063987863009,0.4406635118929018,1.9775295071356283,2.116500537253182,14988.471768161664,519,234
128.79842522086747,19,141.67898875923225,0.20245954712745387,7.592778237441523,3.0450863761884053,5534978.855622524,508,209
58.537938389965646,25,96.92346579839227,0.5560409486579058,4.977576003151771,3.213783086957488,6130.590718819035,497,215
75.56011989968891,28,95.5066318327408,0.000668342570275057,4.173250819723586,1.0684165601368276,33384.59866508318,508,216
178.2718429751489,22,67.46391919209307,0.08258981207985795,4.595750447884133,1.1966847010579735,0.006772803491800758,493,200
85.67420811172232,12,116.12612016130547,0.262312698354433,4.6789028162003765,0.44901631410433696,891937761.0476011,508,232
128.20822592762494,25,104.10564244629657,0.7338161541579057,8.823931707243931,0.9464760120128367,9.638535701296284e-07,475,219
59.31546762242728,25,96.02331572401957,0.24630982677103533,4.230665783984107,6.456799290893039,16595.27677576684,479,213
42.93066501161072,22,140.98929048482094,0.3260931701681683,2.5630057355765996,3.657127851488402,10.03520089153021,522,200
18.431108384611015,22,118.37818453540952,0.8207862537996844,5.66084201026168,0.4596190845517116,383912.2310508746,501,234
32.03875022979303,25,98.63782053696234,0.7919882125880876,2.833439206694305,2.288914292905051,88098557.33041383,478,263
7.294659859483323,20,85.13639101340289,0.03001958316265895,8.540272379083214,4.10184229148562,0.001254099218438441,498,208
317.98047848602215,23,106.57000941430107,0.5103721984799283,5.575223608415825,1.731396505676495,250.43543520554476,501,209
31.673437704018824,32,38.07756186553092,0.2023695238832049,3.842448514928374,1.5951344651688184,9248023427111.404,492,209
62.45841635558803,31,134.54789578247647,0.006038303697659822,2.2940983409178703,2.174207661159782,22475.428165667596,509,234
13.009334768461219,24,133.56200750920345,0.26855546733719377,2.649686770255626,2.019745785129244,0.02687253619191417,487,235
3.502383468731988,24,103.38396550047116,0.41404248028908097,2.031326872674104,1.7488146393362811,238.92975546010837,487,222
109.79458748782793,25,104.79235261397352,0.4144185806669229,1.9559698962199625,5.964023784895204,7448748944919.029,492,216
441.0382906890698,25,88.68006472364229,0.18369308919284055,6.795477402795728,1.4872553281282237,1927977.3904657923,506,214
26.49671692908418,23,150.23860899726748,0.9282770175519272,2.1107897340678585,3.4641786207361243,62.51690699769303,483,234
49.76810783376297,29,62.87542539374254,0.009759481580948966,0.6827654657549896,2.65574971178025,2240981230361.4424,505,215
136.78801356347748,10,77.85279702681882,0.3286172329311936,9.562375207993412,1.923235527715734,25535.23512345042,508,204
95.75837458437519,23,110.30116120317875,0.0008630062344004861,2.3506363041359615,6.813773100175557,686.2913038779483,501,248
95.02645984332186,30,84.68703447449941,0.35699573814055474,14.80049716435501,0.9764093140503977,540007.1564908647,471,218
51.79427833837123,32,91.97036623625888,0.007585018303850527,2.660400027809364,4.127363746441398,0.8235165996548003,470,216
221.59106239779769,20,124.90001656487277,0.29729808609512115,3.083523438908689,3.5121621519062263,886.0620848576363,488,235
77.43595422790463,32,103.53453465696552,0.19105011581480508,1.1349509456245823,2.3358453521560376,810265.9233101943,523,220
55.58602770353016,24,88.2150709244832,0.02571742286196942,13.399219795220528,0.3712657434999225,313268236878.9443,517,185
4.154734433157398,21,96.52998092145901,0.08424472108241324,5.641191363043894,3.361455101856874,34469024937.19815,474,184
36.76086333941854,17,86.98016401290784,0.4594203838118955,6.049774672733035,0.9352142762813287,2629830.9182615057,480,220
188.60397815616804,28,110.40819062397632,0.00403515824372901,8.165769316580498,1.002237341846308,0.7666528322270888,500,214
310.53466833911807,28,103.37460282076012,0.020748932399487906,7.339290911464278,0.013067855468038053,132729.80584056166,481,200
134.9109302160029,22,116.87846882580632,0.020578417010972298,4.935534524405629,2.497174611118801,3.966205507265158,486,200
91.99509902599644,28,92.29309045051092,0.0360189282704915,8.294908028950022,3.033204263514499,39228.66577615661,488,191
58.97526535375132,26,113.37710493226137,0.030633363397647006,4.876405295451224,0.2512503698488558,941584950.1863151,521,239
208.81601151951966,21,94.1503566301993,0.1642933856849029,3.9300640154193034,2.7524214765181583,61633556.52442884,489,222
125.91026061284323,20,125.28797826414979,0.9230714433426596,0.7057286853520214,0.20629618884928289,5668695.10897375,494,207
37.34130326402351,31,98.18203932884488,0.09435438320369047,5.91539832097156,5.868397265908074,78.60380157899095,491,222
112.70003949482084,28,114.62829564525656,0.0007310593395152519,4.563514372496725,0.8802864531965997,0.2756634279607567,464,229
38.456027898007065,36,109.35108715796542,0.7659542513995121,4.7441095806949365,1.5513936158316985,15521350.345829606,480,233
7.069310402448162,22,126.46807989485747,0.016478991657402783,4.9308751133465405,0.6071189831908412,60742281.83160833,501,211
77.5207916949506,31,125.77180410466283,0.00014925293656618442,3.4952547984339803,3.4927993082392446,158344.38833626657,508,195
89.71978745998568,21,97.28809762557879,0.13248415728695032,5.4595161788199045,2.579679178674958,99511108.436044,496,234
115.47318251784975,19,96.34901537960131,0.18180305683442632,3.76587568793357,0.5753306170987821,39680908069921.68,519,204
305.89015364723156,21,101.18114663115317,0.25274018676692245,5.780385678059563,1.2464510800074171,138380.42560883425,514,223
6.651653923233295,27,77.05524034689165,0.1771178301003717,3.914282000305456,0.8339485953636926,2053.1081787514477,521,206
5.268517155494957,17,127.50216089717675,0.6040385417956589,4.038222028794741,1.3864676965912197,284507682.73445934,515,203
67.03276166525883,17,96.79796185942405,0.5782521286860194,1.0405931517936808,1.6205866602637282,324.3161380754048,485,240
12.241894645416625,22,97.56130004611128,0.2191781427677907,1.513902743021824,5.025043176606011,240002324486.61703,513,187
8.17786764402026,30,87.14190066402548,0.7364212603146499,7.118860187215236,1.1168475689631603,7.853702923369017,505,233
1.1450387275869574,33,112.29923136424092,0.012559060208658462,7.13841566059242,1.140037488294777,13810.188463769398,476,222
161.86468608316184,26,101.60859751327648,0.030301785223236274,8.88830761426393,2.257265582821526,1929440.9427087673,488,229
179.85324236693342,23,136.42378295903768,0.6992696603030991,2.748811343029673,1.2017557852246314,7232760.912162756,505,218
232.9675546446821,21,111.45212854718197,0.4983962558902291,1.8125058908552807,1.9175802989848438,1.359578495689571,482,231
156.21357143076358,19,93.53296725968487,2.283116842141116e-05,5.079538392395083,0.39202634190481517,301520669.01040274,479,196
28.196289373890103,23,89.72370388014801,0.13038739069011468,2.209763390311174,5.533579058138008,54133.53523558793,508,225
6.795435312458858,20,131.36496611175704,0.09366200068520501,14.757204343740245,0.8063877807955517,8078140.4190911725,492,200
34.22497247540172,29,122.9747715892195,0.7941683665311906,3.153046008323261,3.5662338382042647,32543.50153480409,494,228
106.2351457808755,29,72.74329156229038,0.06244500511912292,3.1074715113509574,0.9526897675290791,0.00017533795089801478,486,245
7.7026808879742,31,75.93555210844266,0.2601364108933448,13.859422505747759,2.4423474447615385,59332522.30269057,493,208
13.871791767532171,19,117.31935485965732,0.1563300588143397,5.866033869247412,4.0123513587110065,1.642429052017334e-07,507,219
105.99799463088459,28,130.87050249587296,0.001929537419290213,6.861146419591511,1.200133028470153,1.663853257098099,521,187
75.98263919449109,23,85.3692467967752,0.4096192365087836,3.8212669747758508,0.3328239344489748,349.62497214537797,491,228
161.76827777711497,28,89.9259186120238,0.5522028410826728,4.522351635051985,0.417795887646348,127.03083751984117,495,204
211.5470210547354,27,80.49561981773205,0.1637526099196916,1.9707074433022154,2.9248255929690226,5009710.0548889795,503,215
149.02146366127693,30,137.4378396791609,0.029477230251633558,4.3238047510189075,0.6691645385843571,1173.6443874072156,516,208
31.50750973448599,25,119.15799188121305,0.5092208468663166,7.068276426806464,0.4944449702468749,0.1172692673781647,505,193
48.597293282404195,30,79.89272782411425,0.048348120755251606,3.483569615791615,0.3782337100319882,4651.395733527039,507,216
0.6398634923883093,20,79.70540718744641,0.8266648152691607,3.7755518708865834,1.0517579959397336,1430639.073527844,510,233
131.7635733257604,23,128.76339676155308,0.27612939174018214,5.078750406368009,5.055980006694345,823543206958511.8,489,239
80.02731602424728,26,91.71819676466475,0.27196149923919927,4.532498737008518,0.43250337260416644,7530052.38335075,501,189
47.72578347621548,26,111.36740443854447,0.01921665700823777,4.960168063822342,1.454826769839802,134620.93739598745,469,218
32.58491153325675,16,93.38660458196875,0.18664131066214087,2.0371830698146,0.12161059271402734,0.07940900608538724,499,206
106.24147161473982,21,114.55602939899542,0.24357360178505863,6.848251185491853,0.9136473414075144,453287.12676680397,502,213
188.16090078713407,20,98.7941749709321,0.12922438066361977,7.002203305165048,3.7213941933118972,2296.728758892496,501,216
65.31491306235078,27,108.29366732202143,0.14035996238338524,5.335004444937715,1.2906900020428886,56965206697.20463,503,185
118.0555860998374,23,101.59900504982602,0.05655454099828626,5.911411865402594,0.19692620262009475,0.0028508472849365983,528,210
61.692820591649635,25,72.54231394682915,0.2616410314010749,2.371751347644991,1.0167277264151138,3490226.9833752136,474,199
303.0105098564432,28,109.56679350168832,0.5793904643040245,2.172427871601384,3.2331076796698643,0.021952690905712908,492,232
9.071098933945338,30,54.97584470107764,0.011353277466634861,10.95019610848697,3.157175903275623,264008334.8161033,499,204
226.39325669837737,26,89.58376176393216,0.06422950227748941,2.434708388565154,6.213571111914171,1445.1224043263337,474,222
479.2821075026822,24,89.63641895835087,0.00519326857428923,1.5263274842635814,2.786097939483751,213399344.93227306,517,208
116.77444907576763,23,103.06003893406194,0.7997953859484807,2.4106678222119027,1.9173945887878996,690282.6137767368,501,235
82.01302487687879,23,91.01165485438939,0.33833306019282217,2.1074072309886422,1.3301513236080786,939522.3636083679,507,244
189.65934807990786,19,124.64235804508981,0.29733604812382697,2.0667308738198695,2.2729897851171765,2687895.6883379566,499,223
33.477453847438774,20,106.63824142912073,0.15976937344930686,5.040362912791557,0.5489026503841656,16755.96778158601,501,223
98.48566227230253,23,94.58201769942144,0.15643700619713682,3.729654782122026,2.9673616815344315,10590681704.699665,483,209
8.028265731730938,25,44.508284280034346,0.043229599295887836,3.5332984378622054,1.6028283126085634,18.418306514367753,485,198
67.20047884020607,27,80.47394269329773,0.49189032948413114,4.504976760697071,0.4311316644868103,12958442865.47016,519,220
104.24460701272449,20,99.75987098317366,0.06479926000052331,4.881439962560843,0.7050779405692305,0.0002503534750130553,483,207
129.57576335925208,26,73.17713345842708,0.8881118859743362,1.0947159917653924,0.3120811155799624,147454.89141425362,479,210
5.96809404589991,17,107.88812345520347,0.18617755482965553,3.1256585880032985,2.504264615076068,6.374393863148074,503,227
102.74407039664639,24,80.02981827540805,0.33183440771430184,1.5205878136836573,1.0891322273238444,9607.321329910394,477,233
